/*
Navicat MySQL Data Transfer

Source Server         : 1
Source Server Version : 50704
Source Host           : localhost:3306
Source Database       : jeesite

Target Server Type    : MYSQL
Target Server Version : 50704
File Encoding         : 65001

Date: 2015-12-03 23:34:43
*/

SET FOREIGN_KEY_CHECKS=0;

-- ----------------------------
-- Table structure for `act_ge_bytearray`
-- ----------------------------
DROP TABLE IF EXISTS `act_ge_bytearray`;
CREATE TABLE `act_ge_bytearray` (
  `ID_` varchar(64) COLLATE utf8_bin NOT NULL,
  `REV_` int(11) DEFAULT NULL,
  `NAME_` varchar(255) COLLATE utf8_bin DEFAULT NULL,
  `DEPLOYMENT_ID_` varchar(64) COLLATE utf8_bin DEFAULT NULL,
  `BYTES_` longblob,
  `GENERATED_` tinyint(4) DEFAULT NULL,
  PRIMARY KEY (`ID_`),
  KEY `ACT_FK_BYTEARR_DEPL` (`DEPLOYMENT_ID_`),
  CONSTRAINT `ACT_FK_BYTEARR_DEPL` FOREIGN KEY (`DEPLOYMENT_ID_`) REFERENCES `act_re_deployment` (`ID_`)
) ENGINE=InnoDB DEFAULT CHARSET=utf8 COLLATE=utf8_bin;

-- ----------------------------
-- Records of act_ge_bytearray
-- ----------------------------
INSERT INTO `act_ge_bytearray` VALUES ('78c3b79f57174127a173609223e4c04b', '1', 'test_audit.png', '14b716b4f2714eab8a2c64c62d7642e0', 0x89504E470D0A1A0A0000000D49484452000003DC0000017C08060000003DD3B3DA000053E24944415478DAEDDD0B7C54F59DFFFF53A08AB7BF68A9CBB2FC6CEA6581D5AE5A31868B17349658A0E2AD4B5D8AAC525656A922D40B5A2FC0221A318518110C1711630AC4809186909A442E4908E112638C3166A5980245C4D218631CE3F77F3EDF39E730339949324998CC4C5ECFC7E3F3C85CCE5C32E7FB3E733E73CE9C310C000000000000000000000000000000000000000000000080EEA70F2F0100000000009D2BC12C65FD0500000000009D20DEAC2FCC4AB2FE8EE1250100000000A0739A6DBBC9962DDC9FD1740300000000D079CD766B970300000000805624B4D254DBD7F39D6E0000000000826CB65B6BA6D9D20D00000000401BC51BC16DB90E767A0000000000BA6DB33DA61DB7ABA3E90600000000A0F39AEDCEBA3D000000000051A7B503A485FA7E0000000000889A66BBB37607674B3700000000A0DBF33DE0D9F7CCBAD3FA1B0CDFDB7120350000000040B76FB6C77834CDCBCC52D6DFB636DD816E47D30D00000000E8F6CDB6B8D36A9A55104DB767B36DD7448FEBF94E3700000000A0DB08D404FB6B9E5B6ABAFD4D9FEA677ABED30D00000000E836CD7642104DB4BFA6BBADCDB66FD3CDEEE50000000080A8D3D6A6B7B5A63BD866DBF3F13F33D8D20D0000000088C266BBADCD6EA0A6BB473B9B6D1BDFE9060000000074DB66BBA5A6BBAA03CD76479F0F000000000061A3A35B94FD35DD1D69B67D9B6EBED30D000000005D2CCEACC7CDCA366BA7D5AC29AA4D95D4C1D75E7623F7DDB25D655DDE1149CC1B8AA2288AA2282ACAAACEAC6AB372CD7AC6706F68EA453B8770D4D71AA49F9A5564D61CB3C69975B1597D7879DAA4B5A392B7A6A52DDC6DF99DEE40D8C20D00008068247DCA20C3BD87A9F4325BCD3A68B83736F5E3E541B8986C35DA8BCDBA8097A343A4B9AD334ECC77B8DBD374F31D6E000000742703CC4AB6D68167F272A02BC9EE166F98956FB8B764A3F39AEE60B62807FAE92F7F47290FA6E9E628E5000000E8AE64CB77B9E1FE9AECE9BC1CE80AD26C67197CCFE14436DDAD35BBADFDCE766BBFD31DC81083DFE106000040F7D6C7EA77B2E979106AB21B793E03EF846A6D0B736BCDB6D1CEA6DBDEAD7D1CB30000000034DD7A4BF723BC14081539409A7C679BDDC84FBC405BBADBDA6C07DB74DB8F47B30D000000B8C9EEE5B2F72707524348C811FC9279194226C168BE7BF79D46F0BFB3EDAFE99EE8F3387C671B000000684EFA9F245E0684826CDDE668E4A16FBA3D0FA4E6D93CB7A5D9365AB91D3FFD050000000426472F979F0CE32BB538A1E20CF7EF6C23F47C772F976679A211FC4F7DF9DEAEA3BFFF0D00000074075B5967C689F69459737819C2A6E9EE287FBBAB03000000684EFAA06778197022C921F139A0567434DD9DDDBC03000000D14CD69B7379197022ED34383A7938E8E86EE0EC460E00000004478E565ECDCB8013499AB43EBC0C61D57407BB859A03A401000000C1933EA88E97012792E225082BC1EE16CE6EE400000000FD101860E8E4267A88E1FE448EEFE003000000F4436080A18D12AC663AA185EB3FA3D906000000E887C00043F0026DE9663772000000807E080C307472D34DB30D000000D00F8101864E6EBA9368B601000000FA2130C0D0B9A659F38A9FFE02000000E887C0004327CAB2E6552F5E0A000000807E080C30748E38B35C065BB801000000FA2130C0D0A932ADF924B5939703000000A01F02030C1D37C438BE75DB2E0E9A06000000D00F8101860ECAF269B6EDADDC7C971B000000A01F02030CEDE46FEBB65DE3787900000000FA2130C0D03ED9019A6DA9225E1E000000807E080C3004AFA5ADDB7C971B000000A01F02030CED94D54AB3CD11CB01000000FA2130C0C0BC0200000058C706030CCC2B00000080756C8001C6BC02000000C03A361860605E01000000AC63830106E615000000C03A36C000635E01000000601D1B0C3030AF00000000D6B1C10003F30A000000601D1B608031AF00000000B08E0D0618985700000000EBD86080817905000000B08E0D30C098570000000058C706030CCC2B00000080756C30C0C0BC0200000058C7061860CC2B00000000AC63830106E615000000C03A361860605E01000000AC63030C30E61500000000D6B1C10003F30A000000601D1B0C3030AF00000000D6B1010618F30A00000000EBD86080817905000000B08E0D0618985700000000EBD800038C7905000000B08E0D30C09857BC0400000000EBD86080817905000000B08E0D0618985700000000EBD800038C790500000080756C30C0C0BC0200000058C706030CCC2B00000080756C8001C6BC02000000C03A361860605E01000000AC63830106E615000000C03A36C000635E01000000601D1B0C3030AF00000000D6B1C10003F30A000000601D1B608031AF00000000B08E0D0618985700000000EBD86080817905000000B08E0D30C098570000000058C706032CA4FFB052BD535252664E9C38716F6C6C6C43EFDEBD95F53A509D503D7BF6FCEEFCF3CFFF6CF8F0E11BCDBF238918000000E887C000EB06962D5B76CFC89123EB636262D49C39B3557E7E9E6A68F8CAECC1BFA33AA9E4F52C2A2A548989CFA981030736F6EFDF7FAFF9D25F4CD4000000403F040658944A4D7D657DBF7EFD5452D20BCAE56A349BC3262A04959CBC48F5E9D3E7AB534F3DF526E206000000FA2130C0A2B0D9BEE0820B5451D176B309FC960A71959797A9BE7DFBFEC39C1563881C000000E887C0008B12CB962DBD47B66C17156D339B3F97572D5DFA921A3326418D1A75BDBAFEFA6BD40DF12355F2A2A466D3511DAFF2F2BDEA94534EF9C260F772000000D00F81011605FF9C52BD478EBCA63E29E979F3E4375EB562F95235FAE7A3D4ADB78CD53576CC8D2A3EFE5A3574E8156A916EBABFA13AB91213E77FDEAB57AF3C6207000000FA2130C0225C4ACAC29931313F522E57BDD9F0357A55C2A878DD68DF70C348A77EF6B3EBD4F061579A4D776CB3E9A9CEA9B3CF3EFB5373D6C4113D000000D00F810116C1264E9CB077CE9C27CD46EFEB663562789C7A61C17C95F556864A7931496FD9BE6AC4507DB99C76B9BEF47B3BAA63356DDABD3BCD599348F4000000403F040658048B8D1DD2909F9F63367A0DCDEAEEBB27AA837FFD546DDDF28ECAFED306B5EAD554B53E738DFAB8FA43F53F5327AB6FBFFDD2EFEDA88ED5BBEFE61E3067CD4EA207000000FA2130C02258EFDEBD5543C3E766A357DFAC1E9BF5902A2EDAA276146F55BB7795E892D33B766C578F3DF690DFDB501D2F991FE6AC71113D000000D00F810116E1FF9F525F362B97EBEF6AD6AC996ACA6F26A992924255FEDE1E5DBB76ED50D3EEFB6F35E3C1FBD4D75F7FEEF7B654C78B051B000000E887C0008B8A86BBCEAB1A1B3F57EBD6BDA662637FAAAA3FAA540F4EBFCFAB4A4B8BD590CB2F55AFAF4E550D0D9F35BB3DD5F162C106000000FA2130C0A2A2E1FE8753DF7D774CBDB5215D0D1B1AAB6AAAABD47B65BB55EEE68D2AF3CD3FAAB4D757AAD4575E329BF134BD7BF995575EAED2D357A86FBFFDC2EB3EA88E170B36000000D00F810116150DF731A7B66ED9A47F6B5B9AECBCBCCDEACD8C74DD68AF58BE44BDBC78914A7AE159F5CCBCA7F501D416BFB4505D7BCD08B5F1ED355EF74175BC58B0010000807E080CB0A868B8FFEED463B37EA78F442E8DF5B2D4C5BA96BC9CAC92172D50CF27CE53FF3BF749F5C4EF1F513367FC563DF9C4A366B39DA97E37F37EAFFBA03A5E2CD8000000403F0406585434DC5F38250DB7FC04D8EDB7DDACDE487B5537DAD27C3F3B7F8E9A3BE709F5DCB37375D32D4DF898D1096A73CEDB56C3FD05D589C5820D000000F44360804545C37DD4A9BD7BB7A9471F99A17E79FB38DD50CBAEE4FE2A2E6E88FAF584F17A6B7769E9BB5EF74175BC58B0010000807E080CB0A868B83FF72AD7377F535F7EF9A94A7CEE699530EA3A3562F8956AE8D02B54DC9543D450B3D1BEE6EAE1EA81FBEF51C78EFD454FEB7B7BAAE3C5820D000000F44360804545C37D840AB362C106000000FA2130C0A2A2E1FE8C0AB362C106000000FA2130C0A2A2E13E4C8559B16003000000FD10186051D170FF8D0AB362C106000000FA2130C0A2A2E13E448559B16003000000FD10186051D1701FA4C2AC58B0010000807E080CB0A868B80F5061566D18774F98D5403C010000403F0406585837DC7FA5C2AC5A1877D2687F6D5DCFC20F000000F44360808577C35DEBB7E4BA850B67ABC4C4C775EDDB57AC2F2B29D918F036C196DC5F6666AA733A27E7757DBABA7A5BC0DB9497BFA3F6ECC9F17A1EBECF4BCECF9A35ADD963CD9F3F4B9F3E74688FD77555555BF4F5478E94377BBCDADAD26697555616E8E96B6A0AF5F90D1B96AB33CE38BDDDFFBBBFEB5A69B469B8010000403F040658F837DC9FFAADE30DA1F76559592BBC2EBBF9E6043579F2AFCC86BC48979CBEF7DE3B9DF3729BB9731F72A6EFD9B3A74A4E9EE35CE76EE6DDA7CBCBFF6C36CE6FAB33CF3C434F5B5DBD553F9EDD606EDCF8AA1A3FFE176AC2845BF469B9ACB676A7FE2BD37A3ECF952B5F704EEFDFBF43FFADACCC5705056BF569794CCFE967CF9EA98E1E7D5FFFCF727ECA94FF741EC3BE2FCFE91F7FFCB75EE72FBFFC277AFAD1A3AFD7CFCFBEEEC61B47AAE9D37FA31FEFDC73FF45CD9831C56CF0DFD5B7A9A8C80BF8DA5BF3679EE1DE755C0528000000807E080CB0F06DB8F7FB2DBBA94C4C7C4C97DD146FD9B22EE06DA42EBCF0C72A36F6D216A7B1EF5F9ACFC387F7E8F3070E94EABF7979E9FABAFAFA2A7D5E1E5BCE9F724A6FDD7C8F1D1B6F36C37798CDED4A7DF9B1631F585BB8B3D4A143BB9DCB972C99AF9F4B46C612B560C1EFF565757595FA6F41C11AE77948132E973535EDD37FABAADC5BAFE5F9AC59B3586DD8B0CCEB79DBD36567AF52A5A51B556E6E9A7ECE725EFE17FBB1FDFDCFF23FC8EB77CE393F50C3865DAE9FABFD7CF7EF2FF67A6D0CFF5BB469B8010000403F040658E434DC7F695665659BD49E3DD9AAB1F163AFAAADDDA11B447FB7B1EB78C3EDFFFA82823FAA6BAF8D533939AFA9949439EAB4D34E359BE60A75F2C927A93BEEB8C96C62DF369BDA4F9CE9EDE652A6ADABFB40A5A7BFA8060E3C4F2D5CF894BE5CA67737D31F78DD46A697D32E578D2A2FDFAC2F4B4D7D4E3F5645C59FF575870EEDD297A7A52D5283075FA09B79FBF6F6FDCAEB20A7EDFB5EB52AC9DAFABF54DD7CF328E771ECE7939BFB7AC0FF5DB6DCCBF5329DBCC6F663C97D794ED786469BA2288AA22877D599B5C7AC6CB39E312BDEAC5EACC202F44360808549C3BDAF592D59324F5D74D1BFAA2D5BD6A8D5ABFFA0AEBB6E989A3DFB417D5E6E5358F8A6DFDB49B91BEE4B025E2F65E82DC9EE2DCBF3E63DA48E1CD963ED1E5EACAF97F39ED326253DA1060CF867B3A9AE50C9C94FEBCBA64E9D607D57FB5EBD9BBA3D7D6363B5F3265C5D5DA0B2B296A98D1B5778955CB76DDB3A3D7D76F6ABAAA6668BD7E31B7A2BF81FF56DFBF63D5B6F8D96CB8F1E2D536BD6A4E8867FFAF4BB557CFC087DD94F7E32488D1E7D9DBE6F792EF2E1815C6EDF974C27D7C5C40C50975C32D86CBA577B3D965CE7FBFA58F3E715B3BE35C2730B771FB3069935C6ACC7CDCA35EBA0594966F563D101049D236914B6922380F723807E080CB0A86AB83F695672F95D77FD529F4E4B5BA8B7427B5E9799B9C4EFEDA42EBC30C66AB89B5F575FFF81F55DE7E5FA7E648BB69C2E2BCB76EEF7ACB3CED4BB5CEFDF5FE83C9E34A90505E9BAD996A6559ADB55AB5EB0BE8BBDCDF92BD3A7A6CEB7B64C6FB41AEBB57EFF3FFB7F387A74AFF57DEACDFA7C6D6D91F3DCEC6957AF4ED2A70F1FDEE55C26CDF88D375EAB1F4F2E5BB8F049DD6837347CA8FF4FCFC7CAC858EC9C970F0D9A9A6A9C0F040CFDDDF59C66CFCF673EBD1AA0F10E3703ACA6415674EE61F101B43B47C9667D61D64C5E0E80F723807E080CB0886EB8FFAF59B91BEEDB9DD3D3A7DFE5755D66E6CB7E6F2775BCE1F67F7D71F19BFAF676232BBB725757BBB776BB5CD5CDEE5FCE2F5E2CBB93BFAF0E1C2856E9E98BCCA6FD625553E36E560F1D2AB1BEC3BDDE6C643F562929B3AD03A4E5EADB6FD8B05437F59326DDA6CB6EF6E5FA86864AA77995E90A0BD7A98B2EBA5037E9EE263CC76AE6B7367B7DC68EBD5EDD7A6B82D92C6FD2FFF39123BB5476F60AEB68EBAF7A4DEB6EB8BD5F87C4C447F5070B5959A97E5FFF00F3CB778B77B8922D0DB28561AD59A7B31801DA9DA372C3BD9B2C3902783F02E887C0008BCC86BBA65919FA27C19E50F5F5EF5B074A4B379BD03566435B6D36ACCBFCDEC6AEE30DB7FFEB6B6B0BD5F2E5CF5A3FD3F590D96CE7A9F3CEFB7F6AEEDC079DC77637DCC79F4B72F293BAA1DDB76F8B6EB8E5B2C6C60FADADC479D62EE0696613BDD96CDA3FB29AF917023E07CFC73876ACCC795E72FF863E605A91D948675BDF057FDAEFEDA5E1B6FF4F795CF97EF61D77FC42DF56AE5FB0609633AD5C7FF4E86E75D965FFA666CF9EAE2F97D7D4D0DFF95EE5F7FE5B996FF616EF7026DF9FCBB2567200B44F1F2B47D906DF4905783F02E887C0008BC486FB63BF75E448A9F5B35D8FE8F315159B9CADC10D0D15FAB2C3874BD44D37C5EB9A3265BCD93CBEAAB7DA9E7B6E7F7D5A2A2D2DC93A08D97A7D1B437F577ABBD52CBFA31B5A431F25FC23E7FACCCCC5CEF390F3C386FDD46CF4535546468A4A4D7D463F867D9DDC87A177F15EEA759BF2F23FA9C2C2B5BA09969A34E9565D723FEE2638C76C82DD074DEBD7EF87AAACCC7D90B4BCBCD5CEF35BBC78B6B5F57B89D76B63E803B03D6336FD95FAB9DD7BEF0475E850B19A376FA6FAFEF77BE9FBF29C566AD5AAE79DFF511E431E535E1FFB317DEF3F8A567264CB02BBF3011D6BBA654BF723BC1400EF4700FD10186011D770577B554ECE0ADDBCF6EF7F8ED974EF6C76BDDC66DAB489CEF98686F79B4D13A81A1B3FD0D3CBFDCBFD1C3EBCC36A385FF3BA7F77F37CFC7C4949863EED727D681DE13B4B9F6F6AAA72A6292878DDEB360B163CAAA7F7F73CE4FAE2E275FAF4BE7D05FAAF7C77BCA6264FDFCFE0C1E73BD3CA63B93F30C8F4BAFD810385FABA6DDBD2D5E8D1D7AA5B6F1DE5F7F1E4B9DB97575464ABABAFBE4237F2BEF7BF7AF502AFFB8FA23126BBF37D6A70E01AA0A339FA8C1C01BC1F01F4436080455CC3FD51445553D3879D324DA89E4B7BA68FC2712707AE496271027448323902783F02E887C0008BB886BB8A0AB38AC27127478B9523C5F21D54801C01E408A01F02BA53C3FD21156615A5E34EBE3B97C02205E890ADE408E0FD08A01F02032CA21AEE4A2ACC2A4AC7DDE3867B573E00ED37871C01BC1F01F44360804554C3FD01156615A5E36E8CE1FE6923001DCB512E2F03C0FB11403F040658C434DC15549855948E3B393AEC1E162940877354CDCB00F07E04D00F810116310DF7FB549855948E3BF92DE13A1629003902C811403F0474A386BB9C0AB38AE271C7021B2047003902C80BD09D1AEEF7A8302B1A6E00E4082047007901032C2A1AEE322ACC8A861B003902C811405EC0008B8A867B2F156645C30D801C01E408202F60804545C3BD870AB3A2E106408E007204901730C0A2A2E1DE4D8559D170032047003902C80B186011EEE4934FFAAEA1A1C86CF2765161525F7D55B8CF9C352EF204801C01E408202F608045B0C1837F7C283F7F89D9E895526152EBD73FFFB6396B76922700E4082047007901032C825D75D565EBE6CC994AA31B463576EC5569E6AC49244F00C811408E00F2020658041B30E007B103069CF38DCBB58366373CEA931E3D7A5498B3268E3C012047003902C80B186011AE7FFF1F9626253D48B31B063566CC554BCD59924B9E009023801C01E4050CB0E830E8CC334FAB2F2A5A41D3DB85959FBF74BD392F0E9A75317902408E007204901730C0A247FC39E79CFD779AEEAE6BB67BF4E85163CE8731E409003902C811405EC0008BC2A6FBA493BE7F6CDEBCFB3EE73BDDA1FBCEB6B51BF9C16ED06CB3C006C811408E00F20274EB0136A867CFEFE59C7EFAA987A74CB965F7A64D2F1E6C6828A431EEC4FAEAABEDFBE4A7BFE468E4D601D2E43BDB17932700E408204700790103AC7BB8D4AC39666D35ABC17A1DA8CE2997E1FE9D6DF9E9AF38F204801C01E408202F6080219C6559F3AA172F057902C811007204901730C0D039642BB1CB9A5709BC1CE409204700C811405EC00043E7C8348EEFAEBD9397833C01E408003902C80B1860E8B821C6F1ADDB768DE165214F003902408E00F20206183A26CB687E5032D9CACD77B9C913408E00902380BC80018676F2B775DBAE71BC3CE409204700C811405EC00043FB641B817F7AAB8897873C01E408003902C80B1860085E4B5BB7F92E377902C811007204901730C0D04E59AD34DB1CB19C3C01E408003902C80B1860605E318F009023801C01E4050C3030AFC03C02C811408E00F20230C09857601E01E408003902C80B1860605E318F009023801C01E4050C3030AFC03C02C811408E00F20230C09857601E01E408003902C80B1860605E318F009023801C01E4050C3030AFC03C02C811408E00F20230C09857601E01E408204700C80B1860605E318F009023801C01E4050C3030AFC03C02C811408E00F20230C09857601E01E408204700C80B1860605E318F009023801C01E4050C3030AFC03C02C811408E00F20230C09857601E01E408204700C80B1860605E318F007204801C01E4050C3030AFC03C02C811408E00F20230C09857601E01E408204700C80B4E882C6B40B5543B799958188079049023801C01E40508CE10B35CAD34DC63789958188079049023801C01E405085E760BCD769159BD788958188079049023801C01E40508DE90161AEE71BC3C2C0CC03C02C811408E00F202B49FBFEF72CB77B7D9BACDC200CC23801C01E408202F4007F8FB2E37DFDD666100E611408E0072049017A013641A6CDD666100E611408E0072049017A0D3C57934DC09BC1C2C0CC03C02C811408E00F202741EFBBBDC6CDD666100E611408E0072049017A0130D6180B13000F3082047003902C80B22678E29D53B252565E6C48913F7C6C6C636F4EEDD3BD0CF70512D54CF9E3DBF3BFFFCF33F1B3E7CF846F3EF4846160B03E611408E00902380BC7463CB962DBB67E4C891F53131316ACE9CD92A3F3F4F35347C65F6E0DF514196BC6E4545852A31F1393570E0C0C6FEFDFBEF355FE28B5918807904902300E408202FDD4C6AEA2BEBFBF5EBA792925E502E57A3D93436519D58C9C98B549F3E7DBE3AF5D4536F626100E611408E00902380BC74A366FB820B2E504545DBCDE6F05BEA0455797999EADBB7EF3F8CEEF9BBE12C0C9847003902408E00F2D2BD2C5BB6F41ED9B25D54B4CD6C0A5D5EB574E94B6ACC9804356AD4F5EAFAEBAF5137C48F54C98B929A4D47B5BDCACBF7AA534E39E50BA3FBED5ECEC2807904902300E408202FDD68EE28D57BE4C86BEA93929E374F7EE3552B962F55A37F3E4ADD7ACB585D63C7DCA8E2E3AF5543875EA116E9A6FB1BAA9D959838FFF35EBD7AE5B13000F308204700C811405EA2544ACAC29931313F522E57BDD908367A55C2A878DD68DF70C348A77EF6B3EBD4F061579A4D776CB3E9A9E0EAECB3CFFED49C05712C0CC03C02C8110072049097283471E284BD73E63C6936805F37AB11C3E3D40B0BE6ABACB73254CA8B497ACBF6552386EACBE5B4CBF5A5DFDB516DAB69D3EEDD69CE82441606601E01E408003902C84B148A8D1DD2909F9F6336800DCDEAEEBB27AA837FFD546DDDF28ECAFED306B5EAD554B53E738DFAB8FA43F53F5327AB6FBFFDD2EFEDA8B6D5BBEFE61E3067C14E1606601E01E408003902C84B14EADDBBB76A68F8DC6C00EB9BD563B31E52C5455BD48EE2AD6AF7AE125D727AC78EEDEAB1C71EF27B1BAAED25AFBB390B5CDD64A825580B830452C7021B204700C811405EBACD0C52EACB66E572FD5DCD9A35534DF9CD24555252A8CADFDBA36BD7AE1D6ADA7DFFAD663C789FFAFAEBCFFDDE966A7B759380C49B2547654FB2FE8E21762CB0017204801C01E4A59B34DC755ED5D8F8B95AB7EE35151BFB5355FD51A57A70FA7D5E555A5AAC865C7EA97A7D75AA6A68F8ACD9EDA9B657370848BC4F932D5BB83FA3E966810D902300E408202FDDA4E1FE8753DF7D774CBDB5215D0D1B1AAB6AAAABD47B65BB55EEE68D2AF3CD3FAAB4D757AAD4575E329BF134BD7BF995575EAED2D357A86FBFFDC2EB3EA8B6579407C4B7D96EED72B0C006C8110072049097686BB88F39B575CB26FD5BDBD264E7E56D566F66A4EB467BC5F225EAE5C58B54D20BCFAA67E63DAD0FA0B6F8A585EADA6B46A88D6FAFF1BA0FAAED15C5014968A5A9B6AFE73BDD2CB0017204801C01519A970166DD67D65AB3AACDAAB39E7083599F989569D64C6BBA286EB8FFEED463B37EA78F442E8DF5B2D4C5BA96BC9CAC92172D50CF27CE53FF3BF749F5C4EF1F513367FC563DF9C4A366B39DA97E37F37EAFFBA0DA5E51FA86D2D6669A2DDD2CB0017204801C015198977166E55A4DF62B66DD66D620B34EB7AE97BF31562390644D976FD684E86CB8BF704A1A6EF909B0DB6FBB59BD91F6AA6EB4A5F97E76FE1C3577CE13EAB967E7EAA65B9AF031A313D4E69CB7AD86FB0BAA1D15856F28F146705BAE839D1EACE000E408204700C2342FD244679B556E35D3BD82B8AD3404F29BC95BCDBA20BA1AEEA34EEDDDBB4D3DFAC80CF5CBDBC7E9865A7625F757717143D4AF278CD75BBB4B4BDFF5BA0FAAED15656F28EDDD622DB7ABA3E966810D902300E40888DCBC8C37EBA0E1DE45BC5707EEE73EEB7EA2656BB7D9F87DEE55AE6FFEA6BEFCF25395F8DCD32A61D4756AC4F02BD5D0A157A8B82B87A8A166A37DCDD5C3D503F7DFA38E1DFB8B9ED6F7F654DB2B8ADE503ABA7B38BB97B3C006C81100720444685E64255EBE931DD749F777A9757F93A3A3E13E42755145C91B4A6B07480BF5FD80151C801C01E408202F2132DE6A8E633AF97E63ACFB8DF42DDD66E3F719D54515056F289D7DB471B674B38203902300E4088890BC48532CBB7FC79DA0FBBFD4BAFF4191DD701FA6BAA822FC0DC5F78067DF33EB4EEB6F307C6FC781D458C101C811408E0044405EE448E4334FF063C877BAB74676C3FD37AA8B2A82DF507CB7444BB3BCCCFA7F9605D17407BA1D4D372B38003902C8118030CE8BFCF4971C8DBC77081E6B8F11B9BB969B8DDF21AA8B2A42DF50FCEDF67DA7F5BFA8209A6ECF66DBAE891ED7F39D6E5670007204902300619A97DC10AEA84B0312A95BB9CDC6EF20D54515816F28819A607FCD734B4DB7BFE953FD4CCF77BA59C101C811408E0084595E0618EE039AF50AE163561B9D7F60B68E7EE030A26D0DF701AA8BAA8B02D2D6B111A8D94E08A289F6D774B7B5D9F66DBAD9BD9C151C801C01E4084018E445BE57BD38C48F99689CF8EF8B07FBC22BABB98A6BB9E1FE6B874AEE23337399733A27274D9FAEAEDE1EF036E5E5EFA83D7B36AB92928D5EF7E379DEAE7DFB76A8934F3EA94DCF63FCF89B9A5DB666CD12BFD36767AF56679E7946BBFFE79494799DF2DA85F1D8684FD3DB5AD31D6CB3EDF9F89F196CE96605072047003902D0E579596BD66D217E4C6904B2C2B0E1B62BDBF0BF55D36CFC6A83AE9E3D7BAAE4E43966335CACEF3F31F171E7B434D3D238BB9BD95AB3F1DEA6B2B2563ACF65E3C655BA319E30E1167D5A2EABAD2DD57F655A7F8F27D79D724AEF80CFE7D0A13D7A9A0103FE59DF67FFFEFFA4D2D25E349BE2FF55175DF4AFCEE31C3B56D9EC7E2B2AF2544D4DA19EE6D65B7FAE264FFE95337D7171969EAEB07083BE6CD2A45FEABFF23871713FD5A7A5366C58AECE3BEFDCA05FC72E6EB85B1B1BBECD765B9BDD404D778F7636DB36BED3CD0A0E408E007204200CF222BB775F10E2C78C31EBD3306EB83DB76A8EF06EB83F6D77C9ED67CC98A20E1FDEABCF1F38B04BFFCDCBFBA3BEAEBEFE237D5E1A72BB69CECA5AA1C68EBD414D99F29F66B3FAAAD3081B7A0BF7DB7AFAF2F23FEBE6574AA691E6B95FBF1FEAC7B26F3371E26D7A5A97EB13DDF0CA6969B40B0BD7AB6BAF1DAAE6CD7BD8798ED278DBCFF9C891F7D4B06143F4FDD8CFCB7EDE86DE5A9FEA9CCEC858EA9C5EB366B1731FB2C55D6E6B9FFFFEF77BA9C71FFF6DBB5EBF301E1BED69B65B6ABAAB3AD06C77F4F980151C801C01E408202F9DA4CEACD343FC98F2780D11D0707B6ED58C7337DCFB83AE828235BAA9CDC9596D36B373D569A79D6A36CD1FE846F48E3BC6A9D2D28DAAA9699F33BDFDB8326D5D5DA54A4F4F5103079EAF162E7C5A5F2ED3CB5FB9CEDFE35D78E18F556CECA5019F8F3CEEE8D1D7A949936E371BE9956AF1E2797A0BB434E8F66572FF6969C9CE6DE4F9C9659595F9AAAC2CC76CDCFF4F9FCFCE5EE53C67799E72BAA1A15A9597E79ACD7A992EB96EE5CA17F4E99A9A6DBAD16FCFEB18660DB7EFD8E8E816657F4D77479A6DDFA69BEF74B382039023801C01E4A51B8554456229F5977695DCB6AA2A5FFF9D37EF21B3F9DC6BED1EBE435F2FE73DA74D4A7A42EF8A5D57F7814A4E9EAD2F9B3AF5D7FAEFAC59F7E9DDD4033DD6F186BBF975F6E3EEDF5FA4FF8E1D1BEF34D95959CBF58701FBF615AA8A8A3F7BDDEE8927EED75BDC6FBF7DB4DAB265ADAAAE7E57DFFED0A15DCE73CEC858E2F53FA4A52D528D8D1F5B5BC297EAD3D9D9AFEAC768EF6B18E695D4C14CC86EE4BE5BB6ABACCB3B22C9BAAF3E2C6359C101C811408E00F2125A6CE10EDC40ED34DC5B2CED23B89B8DDFBEA0AABEBE525D7EF94FCC867685BECF3BEEB8499F2E2BDBE434A2679D75A63AE79C1FE826586E23975F72C9605550F047B3D97E5AC5C40CD05BA457AD7A415FB76FDF76E7AFFD38DBB6AD5393278F57B9B9ABF5EEE452F238CB9727EA695DAE8F9B3D37FBF1EDF38D8DD5FA32B90FDFE92A2A729DD7E5E8D132B3A1BF44C5C78FF09A2623E365AFF323465CE1FCDFF2DCE4B46CDDBEF9E65141BF8EF67D86F1D868EDA8E4AD69690B775B7EA73B10B670B382039023801C01E8C2BCF01DEED69B29E378C3FD49D0555C9C6936B64BF47DAF5E9DA4060FBE40555717388DB0BBF15DE24C2FE7172F96DDC92BD481033B547A7AB26EDA6B6AECADCA3BADEF706F706ED3D8F89173FAC20B637443DCDAF392FB90E9264DBACD6C8697ABACAC65EA8C334EF39A66DFBE6DFABEA50C7D54F5552A2F2FCD6AF8B7398F6DE8DDCB577ADDB7FD3F19FAE06FCBF56969E6DD07880BFE750C93863BD0D8B09BDB3AE3C47C87BB3D4D37DFE16605072047003902D0C579E128E5C79B9A22B3C619817F93DC6CFCFE2FE8AAAD2D54CB973FA71F63FEFC87CC663B5F1FA57BEEDC19FA7A7773FAB233BD9C4F4E7E4A1D39B2CB6C6AB79A0DF7227D59636395757472F7AEE905056FF87DBCE30D77CBCF4BEEE3E187EFD18F6197BB715ED16C5AFBB16B6A0AD4E1C3A5CEF390EBAAAADE71AEF3BCEFF8F8E1BAD136F416EEFFD0A7FBF63D4BCD9831B95DAF631737DCAD8D0DDF26B7AD5B9403FDF497BFA39407D37473947256700072049023006190177E87BBE5AD963E0D774DD065E8EF6A175A4D6A9E4A49711FFCACA9A9DAB9DEDD701F9F7ED830F919AD652A23E325959AFA8CDEE5DCBE4EEE43FE6665BDE2F7F18E37DCEEF32ED747D6AEE0BB9B3D2FCFC7B52FF377BFF5F5EF5B5BB5B758DF01DFA69F875C2EBBBCCBF36DE9FF97FFA53DAF9DEFFD84F1D8F0D774B7D6ECB6F63BDBADFD4E7720430C7E879B151C801C01E4084058E46580599F04D9507494ECC61E13893348A98F83AAC6C64AD5D0506136B14B75C374F87089FE9B97B7DA99C6DDE42EF53A5F52F2A63EED72B9B72C9795BDADCF37357DE44C5350906636BCE5EAE69B7FA6E6CE7D5025263E6236C4EFAAA953FF534D9B36519F962A2C5CAB4E3BED1475ECD85EAFE76638BB94DFAA6BE3C654ABA17FA7D9FF5157F79E75E0B6FFD4CFC97E2EF26180EFFFE35B86DE6ABE3CE8D7CEDFFD44D058696D0B736BCDB6D1CEA6DBDEAD7D1CCB535670007204902300E191975C23745BC3A421D81AA93348A9EA905753535544DDEF897A9C087C4309B4A5BBADCD76B04DB7FD7834DBACE000E408204700C2282FB2825E6E84662BB7ECA23B21721BEE8FA82EAA087D43912DDDBEBB77DF6904FF3BDBFE9AEE893E8FC377B659C101C811408E0084695EF28D13FFBD6AF9BEF85623B4BBAF7772C35D45755145F01B8AEF4F867936CF6D69B68D566EC74F7FB182039023801C0108F3BCC49875D0ACB81374FF975AF73F28926790521F525D5411FE86E2BB7BB934CB138DE07FEACBF7761DFDFD6FB082039023801C01E42544C61BEE03A8C59C80665EEE7742A4CF20A52AA92EAA287843E9ECDFC5F6B7BB3A58C101C811408E0084715E2659CD71676DE9BED4BABF47A2610629F501D54515256F289DD5747776F30E5670007204902380BC84886CE9962D67F29DEE8E7CDF5ABEB37DD06AE2A36206295541755145D11B4A47770367377216D8003902408E8008CF4B8CE1FEB9B0F276ACD8CBD6B722C37D80B441D13483947A9FEAA28AB23794F61E559C03A4B1C006C81100720444515E6EB31A6FD92D7CB1E1FE09B10BCC3ADDBAFE74AB39970620D1AC6AABD19E6444EED1C85B68B8CBA92EAA287C430976B770762367810D902300E40888D2BC0C30EB01B3D65ACD7783F584E5EFA7666519EE5DD063A2790629F51ED54515A56F286D6DA2879855677DE00516D8003902408E00F2128D0D7719D54515C50149B09AE98416AEFF8C669B0536408E00902380BC4479C3BD97EAA28AF28004DAD2CD6EE42CB0017204801C01E4A5BB34DC7BA82EAA6E1010DFE69A669B0536408E00902380BC740F279F7CD2770D0DC566F3B79B0A717DF555E13E7316B8BAC130B39BEC249A6D16D8003902408E00F2D26D0C1EFCE343F9F94BCD06701715E25ABFFE85B7CD59B0B39B0CB5046B61C04F7FB1C006C8110072049097EEE1AAAB2E5B3767CE54B3012CA5425C63C75E9566B87F768E85019847003902408E00F2126D060CF841EC8001E77CE372EDA0090E6D7DD2A3478F0A7316C4B13000F308204700C811405EA254FFFE3F2C4D4A7A902638843566CC554BCD973E9785019847003902408E00F212DD069D79E669F545452B68864350F9F94BD79BAFF941B32E666100E611408E00902380BC44BFF873CE39FBEF34DD27BED9EED1A3478DD13D8FD4CDC2807904902300E408202FDDB7E93EE9A4EF1F9B37EFBECFF94E77E77F67DBDA8DFCA0D17D7F168B8501F308204700C811405EBAB5413D7B7E2FE7F4D34F3D3C65CA2DBB376D7AF1604343210D733BEAABAFB6EF5BBFFEF9B7E568E4D601D2E43BDB17B33000F308204700C811405EBAB74BCD9A63D656B31AAC194905572EC3FD3BDBF2D35F710C291606CC23801C012047007901C0C2807904801C01E408202F0058188079049023801C01E405000B03308F007204801C01E405000B03E611007204902380BC00606100E611408E0072049017002C0CC03C02C8110072049017002C0C984700C811408E00F2028085019847003902C811405E00B03000F308204700C811405E00B030601E012047003902C80B001606601E01E4082047007901C0C200CC23801C012047007901C0C2807904801C01E408202F0058188079049023801C01E405000B03308F007204902300E405000B03E611007204902380BC00606100E611408E0072049017002C0CC03C02C811408E009017002C0C984700C811408E00F2028085019847003902C811405E00B03000F3082047003902405E00B030601E01E408003902C80B001606601E01E4082047007901C0C200CC23801C01E408007901C0C2807904902300E408202F005818308F7809007204902380BC00606100E611408E0072049017006061C03C02C8110072049017002C0C984700C811408E00F2028085019847003902C811405E00B03000F308204700C811405E00B45B9615FE966A272F130B6C801C012047007901109C2166B95A69B8C7F032B1C006C811007204901700C1CB6EA1D92E32AB172F110B6C801C01204700790110BC212D34DCE37879586003E408003902C80B80F6F3F75D6EF9EE365BB7596003E408003902C80B800EF0F75D6EBEBBCD021B204700C811405E0074824C83ADDB2CB0017204801C01E40540A78BF368B8137839586003E408003902C80B80CE637F979BADDB2CB0017204801C01E40540271AC2C2800536408E00902380BC00E19F2AA57AA7A4A4CC9C3871E2DED8D8D886DEBD7B07FAF92D2A88EAD9B3E777E79F7FFE67C3870FDF68FE1DC9029B1C51E4881C912372448EC81139222F4037B26CD9B27B468E1C591F1313A3E6CC99ADF2F3F35443C357E6B2FA3BAA8325AF635151A14A4C7C4E0D1C38B0B17FFFFE7BCD97FC625670C811458EC811392247E4881C9123F20244B9D4D457D6F7EBD74F2525BDA05CAE467361D2449DC04A4E5EA4FAF4E9F3D5A9A79E7A132B38E4882247E4881C912372448EC8117901A278A17CC10517A8A2A2EDE642E35B2A44555E5EA6FAF6EDFB0FA37BFC7EB8224714392247E4881C912372448EC80BD0AD2C5BB6F41EF904B4A8689BB9B07079D5D2A52FA9316312D4A851D7ABEBAFBF46DD103F52252F4A6A361DD5FE2A2FDFAB4E39E5942F8CE8DF9D4F912372448EC811392247E4881C9123F202741B72208D9123AFA94F4A7ADE3CF98D57AD58BE548DFEF92875EB2D63758D1D73A38A8FBF560D1D7A855AA417CEDF509D548989F33FEFD5AB571E2B38E4882247E4881C912372448EC8117901A2444ACAC29931313F522E57BDB98068F4AA8451F17A817CC30D239DFAD9CFAE53C3875D692E9C639B4D4F75ACCE3EFBEC4FCD5912C70A0E39A2C811392247E4881C912372445E80283071E284BD73E63C692E18BE6E562386C7A91716CC57596F65A8941793F427A0578D18AA2F97D32ED7977E6F47B5AFA64DBB77A7394B1259C1214714392247E4881C912372448EC80B100562638734E4E7E7980B86866675F7DD13D5C1BF7EAAB66E794765FF69835AF56AAA5A9FB9467D5CFDA1FA9FA993D5B7DF7EE9F77654FBEADD77730F98B364272B38E4882247E4881C912372448EC8117901A240EFDEBD5543C3E7E682A1BE593D36EB21555CB445ED28DEAA76EF2AD125A777ECD8AE1E7BEC21BFB7A1DA5F321FCC59E26205871C51E4881C912372448EC81139222F4094BCE928F565B372B9FEAE66CD9AA9A6FC66922A292954E5EFEDD1B56BD70E35EDBEFF56331EBC4F7DFDF5E77E6F4BB5BFA27CA1A6C811392247E4881C912372448EC8117901BA59C35DE7558D8D9FAB75EB5E53B1B13F55D51F55AA07A7DFE755A5A5C56AC8E597AAD757A7AA8686CF9ADD9E6A7FB182438E2872448EC811392247E4881C911720AA16CCFF70EABBEF8EA9B736A4AB614363554D75957AAF6CB7CADDBC5165BEF94795F6FA4A95FACA4BE6423B4DEF8674E59597ABF4F415EADB6FBFF0BA0FAAFDC50A0E39A2C811392247E4881C912372445E80A85A301F736AEB964DFA371965619C97B759BD9991AE17C82B962F512F2F5EA4925E78563D33EF697DA08DC52F2D54D75E33426D7C7B8DD77D50ED2F5670C811458EC811392247E4881C9123F20244D582F9EF4E3D36EB77FA8895B2005E96BA58D792979355F2A205EAF9C479EA7FE73EA99EF8FD236AE68CDFAA279F78D45C2867AADFCDBCDFEB3EA8F6172B38E4882247E4881C912372448EC8117901A26AC1FC8553B260969F8AB8FDB69BD51B69AFEA05B22CA49F9D3F47CD9DF3847AEED9B97AE12C0BEB31A313D4E69CB7AD05F3175427142B38E4882247E4881C912372448EC8117901A26AC17CD4A9BD7BB7A9471F99A17E79FB38BDE0955D8EFC555CDC10F5EB09E3F5A7A2A5A5EF7ADD07D5FE6205871C51E4881C912372448EC81139EA2259D6736EA9761A00825D307FEE55AE6FFEA6BEFCF25395F8DCD32A61D4756AC4F02BD5D0A157A8B82B87A8A1E602F99AAB87AB07EEBF471D3BF6173DADEFEDA9F6172B38E4882247E4881C912372448EC851171962B87F3BBCA5867B0CED1310F482F9081526C50A0E39A2C81139A2C811392247E4A80B65B7D06C1799D58BF609087AC1FC191526C50A0E39A2C81139A2C811392247E4A80B0D69A1E11E47EB04B46BC17C980A938AE2958004EB7F4B204714392247E4881C912372448EC29ABFEF72CB77B7D9BA0DB46FC1FC372A4C2A4A5770E2CDFAC2AC24EBEF187244912372448EC811392247E4286CF9FB2E37DFDD06DABF603E44854945E10A4EBCCF4A8D6C51F82C0A17DA8C5F72448EC811392247E4888AA61C651A6CDD063A6BC17C900A938AB2159CF8005B10E2A370CB02E3971C912372448EC81139A2A22947711E0D77B47E050308D582F900152615452B3809ADACC4D8D72790238A1C912372448EC81139224761C9FE2E375BB7818E2D98FF4A854945C90A4E5B575EA269CB02E3971C912372448EC81139A2223D4703CCBACFACB566559B556FFD0F0D667D62B877339F694D07A0ED0BE65A2A4C2A0A5670E283DC5210ECF4E4882247E4882247E4881C91A3CE253FF7956B35D6AA8D956FD6045A29A04D0BE64FA930A9085FC169EF1602B95D5D84AFE4307EC911392247E4881C91232AD27214635676104DB6BFDA6AD605B454408B0BE6FD54985404AFE0747477BC48DF9D8FF14B8EC811392247E4881C519194A3F186FB48FD9ECDB3CB6AC0279B75B1597DAD69FB9835C8BA8DEC6EEEBB255C3EA8626B371078C1FC172A4C2A4257705A3B204DA8EF871C912372448E2872448E287214D818C3FB77B6E574A2E1DEE2DD16FDACE97D7FAB7B32AD15E077C1BC8F0A938AC0159CCE3EBA6BA46E5960FC922372448EC8113922475424E468BC4FA35C69B8B766B787DCAEDCA7E9664B37D07CC1FC499B4BA6DFB66DADAAACFCB33E7DE0C00EBFD3E5E5A5A9112386A8C993FF434D9A749B576DDCB85C65652D532D3DB65C376DDA9D6D7E5EAB5727A9F3CE3B37E0F53535EFEAFBACAFFF40D7860DAFA88103CF73AEDFB76F9BD7F425251B545959B63E2D7F1B1B3F6A56727F0505E9CD9EF7F2E5CF39E7EBEA2A827E7D2368ECF81E60E67B66DD69FD0D86EFED22F1C035E4881C91A310E7883AB1458EC8111595398A31BC772397EF5FF7EDE07DCAEEE6B986F7EEE58368B100AF05F3FFB5A94A4BDFD241BAF9E6517A655F4EDF7BEFAFF5E933CF3C432D5CF88433AD9C97E93C6FDFBFFF3FA96BAF8DD3A71B1BAB544B8F2DD7DD74D30D6D7E6EFDFAFD505D7D756C8BD3486320D35457E7EBFB8F8F1F6E362CA9CEFFE25EC1F77E0E05056FE8BF1327DEA2B66CF9A39E46CE3FF5D4FDEA8E3B7EA172735FD3D39694ACD7D72F58F098BE5E2ECFC858AC2EBAE8427D9B7DFBB6EACB172F9ED3E2738CA0151CDF4FFE65E56499F5FC9705B19213E87691B692438EC811390A618EA8135FE4881C51519923CFC6B8B2139A6DCFA6BBDCA79107707CC15CD36A1D3B56A60374F9E5173B97C9F9CCCC97F5E93D7BB2BCA677370A3FF3BA2C3D7D91B952BECC5C69DE62360A1FAA961E5BAE93C622D0F54D4DD5FA3EEC3AE38CD3D4E8D1239DF3478FEE568585EB9CE94B4A327533515C9CA12EBBECDFF4ED7BF6ECA957E4E5F9D4D7BFEF4CEB727DA4FFCA6532BD3C97C38777AAD4D467D469A79DAAFF87356B92554CCC00E73672BDBC06F6E3CB6DF6EFDFA6FFCAF4F6EBE7FB3AF9FBBF2370E5C6B0B60878EE4ED496951CCF951BBB267A5C1F49DFA12347E4881C85284754688A1C91232AEA7234CEF0FECEF6C59D7CFF171BDEBBAAB36B39707CC1FC718B5557F79E1A30A09FCACA5AAA4E39A5B77AFCF17B556EEEAB3A4C9326DDAA4F9F7B6E7FAFDBF4ED7B96CACE5EAE468DBA4A4D9932DE5C594ED5D39F76DA2966C3B0505557BFA3023D7653937B375369365A7A4EB2ABEDD8B1D739CF65C2849BF469A979F3667ADD7F69E97A6BE57DAB3E9F93B3529FB71B8123474A9D692B2A36E9CB6A6BB7ABBCBCD5CEF5EEC668B19E461EC3F7F9C9F577DD75BBAAACCCD1A71B1B2BF5DF7DFBDCBBE1CA7368EDB58E80159C402B1DFE56565A5AC9F1377DAA9FE923E53B74E4881C91A310E4880A5D91237244455D8E3CB76E279EA0C778C6602B37E06FC15CDD62D5D595E9BF1B37BEA21B829C9C15E6CA6F810E5361E11A555EBE519D77DEFFF3BACDF12D73EEF37979AF59BBB7C6EBF38D8D1FA8408FBD67CF5BD696B973CCA6A1AAD5E72725D3A7A7FFC139BF61C3CB2A26E65F9CF31919296AE0C01FABAAAACDEA924B06A9D9B31F70AE2B2E5EA76F2F5BEC3CEFEF77BF9B6C36347FB69A06F756B659B3A6EAFF3D2D2DC9B97F797D6263FF5D4D9B36D16C0632F5E3C834A9A9F3D459679D6936193BF56DEDD7B1B5FF23440BDC111D58B9490862A5C5DF4A4E5B576E7C5772BA6277BEB6BE56E4881C91A310E4880A5D9123724445558E0618C7B73EBBACF327821CBDDCF327C36268B500BD60FEA84D9599F9923AF9E49374C3B06AD5737A57D2871F9EA2CF7FFFFBBDF45F7B5A77A370833EBD6F5FBED324D8D3343656A8408F2D978F1E7DADB902BF569F6E6AFAB0C5E765DF7F65E526E732D9923862C4E55ED365652DD1BBCC4E9FFE5F6AD2A45B74C9F391DB6664BCE8F7791C3A54E8DCB7FC9586406E234D8CFDFF49B95C95EAC081EDCEF9D2D237F5F3B6EFFBC89112EBE058DB5BFC5F42B460B61F4716D0716DBC4D5B57325A5BC90976E5C6F3F13FEB822D0B6D7DADC81139224721CC1175E28B1C91232AAA72749FC7745927F8F9ACF578AC99B45A805E3057B558070E6C53B9B92BD4B5D7C6AA1B6FBC5A9F9E3BF7011DA479F31E5453A6FC87BE4CCE9794ACD3B7B11B85CACA6C6B65BF526FC992FB90EB1B1BDF57FE1E5BA693CBD3D216E8F3727AC182475A7C7E32CDFCF9339B5D76FBED095E976DDCB8547FD7D4BEFEEAABAF704E6FD8B0D8996EFFFE023DAD5CDED0F09EFE5B5595A3F2F25639CF3B31F121B389D8EEDCA6BE7EAFBEDC7E7DECDBC8DFECEC54E7713233535AFD5F42B860B62BBB954F4683DD8D2ED04A4E8F76AEDCF86ED108E54A4E5B5F2B72448EC8510872E4398FB76D7BC3C986E4CBDF7432DEE443A3C9936F773E203AFE41D1529595F5B2DF0CD5D66ED1B7F57C3CC9A9BFC7282F7F5B5FEF727DA0EAEAF638555DBD597F68D4D2FF218FE3795E325053F3E716FFEF9494275B7D6D1E7EF837CE69CFECECD9B33EA8D7981C45778EDA3206ECE5AD9CCEC959A64FCBD80E741BC9838C33FB7DCCBEADEFF959B3EE09F81EE4F9BE2065BF0F1C39B2A3D50CD925CFD5F379CAEDE5EB53819EB7BC4F1D3DBA531516A6AB2D5B5E57D3A6FD5AFF953DCF5ACB7184E4C8B3099E74829FCFF81036F740A434DC1FB6584D4D1F982B1215CE7959E9902D7437DD74BDB5F06D7E1B690A2EBAE802BDB03B7AB4C45C60BF68ED5E7AB7BEBEB1B15CF97B6CB96CEAD45F39E7ABAA3679340ECD1F47763B95C7F1773FAB563DEB7599AC58FDE427FFDAEC7AF70AC92BCD6E3F6CD865E64236435FB77F7FBEB5F2EF7E3EFDFAF5D5D7D9D3DBFF4F6EEE72E7F695957FD27FB76C59AD2F97D37979AFB6F85A77D182D9F393D1111D5CB9696925A7AA032B371D7D3E27FAB52247E4881C8520475232660C7DA4FF1BCCA6798975A4FFFFD4A7DD47FA7FCC99F6F85E22C76F2F7B56B83FB40A9C217B1CC963D5D5EDB69AD5CC80D33DFEF8547DBAA464AD3A76ACD4B9CDF8F1A39DE98E1C2956E9E92FE84C4816972F9FA7A7B19BFE29537EE964DC5E56C8CABFFC5F9326DDACFFCA5E27717197E8D3521B36BC647D15C5FBF9AC5C39DF39BD66CD1F9A9D6E4B91A3E8CE51A092BDAE92937FAFF6EDCB733E18B54F979767E931EE3EF6C687FABDC91EBF863EB8E5123DE6274CF88593CDDA5AF7F137DCCDAFFF316ABF37C8F2BEA0E035EBB81D795ED3CF9EFD5BAFF741C98BFD18F67D05CAB0DCCEFD215D9AD7F592D3B2B20DFABA279EB857FF6F86FE9A57BA5E36D8CB07C96D7B5FCF30CA51B5C7E5179FE0E733C8E3B13EA5D502F482B9B24D555DEDFE84B1A2E26DBD9093DD42ED85A4AC0C34355538D3BA5772E29DF3870E6DB316D66FE9F38D8DEF29DFC736F4019B7ED1EC71376C48B18EEC7C91AAAFDFE35C2ECFE1ACB3FE3FE7FC912345E6827FB1B9B05E65AD94AFF4BA1F790E2ED7FBE60A47926E74CACAD6EBEFA18E1E7D8DAAA9D9DCECB9A4A53DAF0F5A75ECD84EEB08CBDBF5E3CB69995EFE26253DAAA76F68D86B6DED1BE2F1265360BD69BC63BE193C633655A9ADBEC65DBC60F6FC6434AE133EC1F7B792D391951BDF959C84307AADC81139224721C8913D8E641C7BCE6F590997D3EEA6B8326086A464E559C6978C297F199231BD7AF5737A5CCB74729042F97BEEB9FFACE6CD9BEE35AD64D1BEBDA1B73E3FA14F9F73CE0FACAF63F81F9F727FF6695916C85F79CC0307B6585BF28A9CEB256BF66D25738989BF73CECBD750DCCD7EA55E8ED8B9B9EEBA389591B1C86A74729CFBAAACDCA8FFBFB62CABC851F4BF1FB536FF67CCF82FBDCC96F33236E5AFBC27C875F6FB888C47392F070395F78EB163477A35C376664B4AD6E8F70FFBF2254B9E56175EF8233D4E172C78D83A46C72EEBA7245739CF43C6ACA1F7F0AAB03EB0B5F76AD9A2B321EF6DBECF5DDE5BE472B97FFB83DAECECA53ACB727B7FFFABBD0CB17362BFEFD8B7EDC8EB182663E32B8FF37D4FF0F3E9E3F1580DB45A805E307FD062D5D6E6EB1596A953C73B976DDCF8B2B93232D0392F2B0AF60A837D5E5688A64FBF5337119E25B7B557FE65DAC387B7E99586C2C2B480CF41AE73AF7CE79B0BF9DD7ACBDF534FDDDB6CBAD2D2B5CE279F9E9797976F50DBB6ADD65BE6162C78C8EBBA3D7BDE74DE583CA79715B5BABA5273656593BEECC08177ADEFD05EA7CFDB974B3534D80D448E3E9F9BBB4CFF35F4774F17B6FA1ADBD5868566A82BA983E3AB879F2D0955D6E51D91146EAF15392247E4E8C4E648C6D18001FF64AED4BF641DE9FF1E3D46EC0FABE4B434C59EB7711FE97FA91A356A84D504BCEC71A4FF057AFCF93EAEDC8F64C9F7F18F37EFEEF3FBF7E7390DB1EC21121F3F545F9E9696A84FCB5F799C4387B6361B9FF23C1A1BCBACAD670B3CB67027EB2DF09E99901C1D3952A8CBBD356F9E3E2D39F19CD6F3FE651AFBB47CA0662F2BECD7CBDDA490A3EEFA7ED4521514BCAAF700C9C97945A5A4FC5E8FE163C74AF4873D77DC3146BF3F3435BDDF6C9CC8B4925119CFB2D7D4C285B3AC2DCC6BAD66BAD4EB3632BD9C76B9CAF51897CB5253E7E8C7AAA8C8D2D74976DC1FDC26AAC183CFD3CDBC7D7BFB7EE5BD474E7BFE0FF27EE8DE529DD66C4CCBF3F337D6172F7ED2790FB2970BF23C827DFF89801C85EAA8E9A17E3C20DC1BEE8AA0ABA9A9BC5DB7A35AAE2EFE2474A7B5F5A097355D6B4781EDC81685B6FC2E6A386F51F07DADC81139224727384775753BF5DF8D1B17EBC65A1A827DFB72AD15EBD7CD95F6F5EABCF30678DDE67893EC3E9F97B7C2E3039F0AB3E9DDAB7C1F373737D56AB82B5ABCAF03070AF474F673D8BFFF1D6B97F6479D69CACA32AD2D762BF5636566BAB73A2F5F3ED76C381EB71A919D56E3FE82D9486FB70E34B8C56B3C4BC3613F57B90F399D9DEDDEFAEE6FFC4BC3633F7669E91AE7F2CB2E1B4C8E783F6AD3BCAFAADA681DBBE001675CD6D6E6E9EBE5BCE7B449490FEB0FC3642C27273F667DAD69BCF55DED297A37757B7A7B1CBB1BDB6CFD019A64DAB30CBDFBF76A3DBD8C73F970C9F3F1ED4CC96DE543B561C32EF57AFEF6F3B5EFC3F3B9BA9BE7E3CB94F4F4E7F5E5B7DE7A835E86B8B79EBBF7ACB233E4799B087E3FAA630B37D0A50DF7FB549854172D987DDFAC7D5726EA8C13F39DB9F6ACE474F577E602BD568C5F72448E4294A3CCCC85D691FE5F52AB563D63AECCF7500F3F7CB73EEF3ED2FF4BCEB4679E79BAD9245FAF4FEFDBB7D969B6ED691A1BF728DFC7CDCD7DC5DA0A9CACEEB863B4BAEBAE9BF5F4863E18D9DD5ED31E3D5A68ED365B6CAEE4CBD72DCAF47DDA9593B3D45C79CF6F363EEDC77737D00BADADF4E3F4E96DDB5E6B36FD88113F759EC3E4C9B7EAD3EEA3FC5FEF4C575C9CA6264C18E334239EF76F9FCEC8F80339224701ABBEBE545D7EF9BF39634DC6BF9C2E2B7BD3194BB2C7C439E79CADF6EFFFB3334E644F2D1973C9C9B3F49E53A3475FADB369E8DDB2373B7F65FAD4D4D9D696E9755653FC9ADFB1678F5B3B6315151BF47969BAEDE7664FBB7AF57CAFDBD7D4B8B750CB8700CB97CFD15F535AB2E449E7715B7A3C43EF529EE5DCAFA1BFC695190DEF477C871BE8DA86BB3CE4E5FE847F8E73BEAE6E47ABD3AF59B3C039DFD8B8DB3A90D2ABADDE2E25E5B156A791152ADFFBCEC959D225AF4B0817CC45668D0BB062D3914FF003FDD48ABFA3C206B392D39547856DEDB5EAD431909DBD5867424E1F3DBA3DE074E3C7DFD8624E3CEBC0813CE7FECACA32F44AD4860D8BF4A7FAF6CA5546469233FDB5D75EA16EBC7184B99294A3121367E892D3BED90DC7DC91A3E8CC918C616986EDB129A7E7CE9D666D85BB5F4D99729BD32C9794BCA16F6337DC95956F59DF032D331B82FEFA3E3CC79DE7E3D4D6BEA357B0F7EFCFD5CDBC9D33C9CEE1C35B9CE9E4BEE4B6D2FCA7A7279A2BF9D96AD6ACDF388F252BEB478E6C359B989DCDC6A7DCB7FC3F721F9ED93D76AC485FEE3BBDBB1928F768D6CBF5FF2AFF9F3D9DCBB5D7596ED8CB01DFDBCA73B31F931CF17EE4AF8A8B5F773E0492312CBB7257576FB40EE6B7D76B4CD9E364F1E2DFEBB1276357B2204DBBE4C1D07B6B14389994B127EF0DF65894DBCBFB908CE949936ED265BF1FC9F50D0DA5CEFC91E90A0B57EBAF6F6CDBB6CA6AC2D75BCD7C8ED7FF60E7CED05BD137EAEF72C7C7C739635FEED777ACCBE3C97396BD46E4B9CE9F3FDDDACDFDE968793FE228E540D736DCEF85AC4A4AD2CC2679A55AB060A6F57DB2A5E64AFE0BE602F47C73257EB6B9D0DC642DBC1FF7BA9D5C969CFCA83EED72B9B748C89B80EFFD1716BE662EAC53AC85768AFE74332EEEDFF569295960BB7739F4BE6F59F1AFAB2BD6CF4DCAD0BB43FDD2392DD785E2F509D182B9A52D081DFD24BFB5DF356DED775103196274CDEF9EB6F5B5EA94F95F559565359D2F3BE3A1B434BDD974870EE53B9FDECBB8EEDFFF872A2DED59BD22235992CBDC5BDD0A9DDB24263EA87F3FBBA6E64FCE65329D1C29DCDF73912D18B282E26F8CA6A73F17D6B92347D199A3A6A6BD7AF96F9F9F37EFB7D691FE473A99F12D69AE2513D5D56F9B0DF336B351F88375A4FF49FAFAC6C65DCAF371F7EC59A33FF0928641A691C774370DF96613FEA6B912FE807E4C7B7ACF8C555464EAE9ED3128EF6DBECF47F26CE8ADEC23F57392C7B2F32AF991AC48C3E33B9E258BF6749327DFA24FF7EDDB47CD9871A7DFF1BF72E55CE7B4FC4FF2DE6BE85D65DFB17617CE2247BC1FF9ADDADA3FEBF53143FF4CD7037A9CCAF25B3EDCB2C785E4C877FDECC8912D7A1D4EDE1FE4323B5B727B43EF75B1DC6C6A3738EB70AB573FD3E2D8B31FC3CE983C2F7B1D51C6B1E4F1F887BB81EF471EF3F8876CC7DFB3ECF549C9A0FB03EC04AFFCDA99B11F53FE46F8FB11BFC30D746DC35D16B23A7CB840BFF9373696EA727FD29F637D6AFFA25EB0DA2B089EB7B3177E478EBC6BFD4CC5837EEFDFFDC97EA273DE7D44D7E3D3BA8FE83A459F6E6828515959C9FA3673E7DE67ADE017990BF10CE7F1ECE7D9D4B42724AF8F11DE079768ED13FDD6566E8C76AEE4D8BB118E8BF61CB9B7D4FDD6392F5BAFA401F59CC6E5DA6DAE942FD4A7A5D12E2C5C65AE480C716EE75E0199E5759BFAFA1D5E2B0E999949FA3BB013278ED597D9974BC360DF46569A64D741693A8E6F7978D15A81CAB28E6C1E9EB92347D19D23197FF6789531191B7BB1F33E22E3D473DCB8B7705FE79C3F74C8FE79A30C7DDE7E1F92D3478F6E75DE7FE4C3A9DB6FFF59B371653FB69CAFAD757F775BB22479713706C7A77537DC65D6D1F90B9CC7DEB265458BEF5DF6F481C6B6FCCFFEAE93C7B71B6AC9B8BC0E867310AD32E7FF36F4AEF1779123DE8F02CE777B6CCB7897F71343EF1DB2C7B95EC697E7F4F21D6A199732E653539FD21FD8FA664696FB9EB791B128EF5F77DCF1735DBEEF339595EB9D4CCA07C365656BAD5FCE48759E9F6C9C31F4D6EF857EFF0F3BC30307C6A8CB2E1BE475DDFCF9F77BFD9F72B99D99BBEE1AE74C27CFC3D0BBBEBF1AE9EF4703CC7259CFC7659D3F11FA19EEEF6DDBFF7B0CAD16A017CC7B435AF6C2ACB232D3FA1474A7D50C645B5BF4D2FCDE66F5EA79D6016202DF7743C30E7321BE4E37E67673BE72E51C7DBAA6E66DDDA0F8BBEFB163AFF13A2FF7216F04EE159FFC90BE36613E5E026D5968EBCA4DB02B39F6E38D8BF61C19FA3B6937FABD7CC488CBBC2E938676F4E8ABCC95935FE89593C58B1FD35B9467CC98E85C66E8032D3DE3DC4759D91A7345E5157305668BD9FCFEC6FA5997623DCEED69B2B216398F215B347C1F57AAA969B7932DB9AF70CC1D398ACE1CD5D66ED6CDB3FB4328F76532D62FB9E45F9DF3F23E61BF5FD8E7656BF5F4E91374363C4B6EBB61C31F94BFC795F7A369D37EA51B072977037E83DFE7649F96C771EFD9E1BE5FF92B75F5D597377B5F93EC48032039966924FBF2BE28A7870DBB44E5E62E0938B6B3B35302BE46729DE7FBA8BB393F7EDDA851C3F463B6255FE4A8FBBD1FC9FA982CCFE5BDC05E0EBB9BDC57BCC685E77B85FB83D2D7F569976B97F37E63BF5FD8D314142CF3BACD820533F4F481C65E71F16B4E16E5AF7CC82BEF27723F8307FFD899561ECB1EF3727F921D69B03D7322FFC7C30FFF97DE2B44EAA9A7EE71DEBFECAAA878D3790CCFE7B170E143CEDF28783FCAF518E38927E8319EF1788CADB45980B360DE1392AAABDBAEB7444C9B365E2F186581B86FDF9F546AEA937A2177E44881B5B56BBB9E5ECEDF7AEBF57A1A43EF66FB925E495AB2E4719598385D5F9E97B7D45AF17FD7791CBBD1686C2CB13E897D419F9685AFBB613FFE9C5CAEE3DF0F92DBC88A956C2D2C2E5E65BDA92C0CD9EB633FF7081833B265C17777BA3B8DE07FD7D4DF4ACEC420B660444D8E72735F3657CA7FAAC7DBAA557375B33B63C6AFCD9565F796606916ECB16CE764FFFE6CA76975370FC9FAF632C6251B151519FABE65BA030772BDB2619FB63FF42A2F5FDB6CBC5755AD779A7D5949979CC6C5FD44FF9506DABD05604F58E68E1C759F1C3535ED0AE932BAAB2B94FF2F39EA9EEF47A118A3E198DB13F59CC22C47E33CC6B76CE5EEEC83A75D6C1CDF8A2E3581360B7016CCBB43562ED74E73E57FB373BEB4F4757321576AED7EF7BCD94CE45BDFCFD9EC753BF727A8AF998DC4466B57A5C08FE16E1264F7A645D6F7DD6ED6A7A549B8F9E6915ED3AE5E3DD7FAE4F515B3317851DFBF7D1F7BF6BCE1B1D53134AF8F1139BF57E8FB132D9E2B2B6D59B9315AB95D287F6AA54B735457B74D8F7BFBFC860D49CE18B7B35155956936AF3BFC8E97CCCC05CE7999C6D0C74658EC355D6DED26B3015FA7AAAB37E8FB96F1EEDE7AF18ED578BFE9D1E8B63C3EA74CB945DF6ECB9665619B3B72D4FD7244F17E448EC811396A937C8F86B8D2E8BC9F08939F022B37BCB76EF73200D80BE65D21ABFA7AF76F23DE78E370B32978C96A26DEB476934BD6D31C6F228EDFCED007E578C8393D75EA6D011FC3F3F686FEBEDB227D5A1ECF7D44D7E3D32E5FFEA4DE7D6FDEBCFBF4F9868622EBFB3CEBCDE6E30FD6C1727243F6FA44D00A8EE74AC8188F95958946F03FADE27BBB8EFEDE6A44E7C8D0DF6DFE1F7DBAAE6EABD540BF1470DAD8D88BD4A44963F53897317BC619A706BCEFA626FBEB1B6F5BDF815DEB8C77437F0F4EB64A17ABCB2F1FACEFAF5FBF1FA8FBEFFF9573FF32CDE8D12374BE7EF2930BC23677E4881C51BC1F91238A1CF91563B8F70AF16C8C3BDA744BB3EDB9BBBA1CE760102D16E0B5602E0D59353616793410A5D6D6B575D681645E719AF0BCBC97BD6E77BCE12E55478FBA0F3C73CA29279B0DC996668F61E823BAC69A2BFC0BAD2D6DE3F469F7115D2738D3D5D6FE49B95C3BF4CFBEC83435351BACA3CF96EAC6C3D0DF215A19D2D727C25670FCADE474C6968AAE38FA6B58E4E8C891779C2CC8F96DDB9659CDE7E680E3E5E187EF341BE82CA7DC1F5E2D6A76BFAB56CD562B573EA5EAEBB7E9CB0A0A969A0DF2F3BA41974C55576736BB7F791E9E8F6FE803B23D1CF0B9844BEEC851F7CE11C5FB113962FC92A316C9CF7679EEFA2D5BBADBBB7BB9DCCE73CB36BB92035DBD606E68701F855CBEAF6AAF98CB0AB87BAB5B966E0872725EF4BBC092EF81CAC171EC662423E33927DC070E6C0AB8A093C7696D613861C2CF9DE7274754BEFDF678E73AF7EEB0ACE0846025A7B35796222A477636D2D3E7A9A6A6127D991CDB60D8B07F6F71BC48D3EC7B59565652B3690F1FCEF5D87A5EAA9B683B3B923B43EFCE9DE6F731162C98AE1B7543FF26E9EFDB348EBB3277E4A8FBE688E2FD881C912372D426937C9A6E392D0752EBD7C6DBCB74CFF8DC87D423B456409834DCB2554BCE7B6EE99606DADF6DA4F990EBA74DFB0FBFD7FBDBCAEDB9A0F3DDDAE76F1A791EB2C5EFBCF3FE456F7DF3DD221FAA2DDD11BA82636F09E8C86E7791B8DB5EA7E5A8B4F435FDDD6A7BECC9DF59B3EE723E886A69BCD8BB94BB77FB5E68ED9A9DE9777AF9B04A1E4BFE0E1CF823AFEB240332FE03E53629E941EB006B7F6CD338EECADC91A3EE99238AF72372448EC85150C65B635DF934DE5956432E5BAFEDDDCD65B7F141D66DDE30DCBB8D7BDEAECEBA0D80EEB660B6B71476741A16CC41ADA404BB4520D20E481336390AA7B11B4EB92347E4882247E48822476D1263787FFFBA3DB5D5E03BDB000B6616CC2113EC6E7891BCDB1E392247E4881C912372448EA868C8D16D56E3ED0AB2D19E647034728005330BE6B05DC91962B877411A478E2872448EC811392247E4881C75B901663D60D65AB33E31ABC1FA1FE4EFA7867B77F399867BCB380016CC2C98BB5082B5F292D0C2F59F45C9CA0D392247E4881C912372448EA868CE110016CC2C982368CB42B4ECB6478EC811392247E4881C91238A861B000B6616CC61B392138D2B37E4881C912372448EC81139A268B801B06066C1DCA52B394951BA72438EC811392247E4881C91238A861B000B6616CC5D26C1FADF12C811458EC811392247E4881C91230034DC140BE6CED5871C51E4881C912372448EC811390240C34DB160063922472047E408E4882247005830B3600639A2C81139A2C811C8113902C0829962C14C8E28720472448E408EC8110016CC140B669023720472448E408E2872048005330B66902372448EC811458EC811458E00B060A6583093238A1C811C912390237204800533C58219E4881C811C912390238A1C0160C1CC8219E4881C811C51E4881C51E408000B668A053339A2C81118BFE408E4881C01882E279F7CD2770D0D852C14C3A0BEFA6AFB3E7396B81895E4882247E48822472047E4084014183CF8C787F2F397B0600C835ABFFEF9B7CD59B29351498E2872448E28720472448E004481ABAEBA6CDD9C3953593086418D1D7B559A394B121995E4882247E48822472047E40840141830E007B103069CF38DCBB5838563D7D6273D7AF4A83067491CA3921C51E4881C319EC911C81139021025FAF7FF616952D2832C1CBBB0C68CB96AA9392B72198DE4882247E4881C91239023720420BA0C3AF3CCD3EA8B8A56B090EC82CACF5FBADE9C0707CDBA98A1488E2872448EC811390239224700A24FFC39E79CFD7716CEA15F28F7E8D1A3C67CFDC73004C911458E408EC811C811390210C50BE7934EFAFEB179F3EEFB9CEFFE9CF8EFF658BB1B1D64A14C8E28720472448E408EC81180EE6150CF9EDFCB39FDF4530F4F9972CBEE4D9B5E3CC8EF3976DEEF31CA4F44C8512BAD0369C8777BD8DD881C51E408E4881C811C912300DDCCA566CD316BAB590D6629AAC3E532DCBFC7283F11C1512BC911458E408EC811C8113902000000000000000000000000000000000000000000000000000000000000000000000000000000000000000000000000000000A2DFFF0FF0398BADE63642580000000049454E44AE426082, '0');
INSERT INTO `act_ge_bytearray` VALUES ('8a6ee12492994b99ba8ac0b78bb004b9', '1', 'source', null, 0x7B22626F756E6473223A7B226C6F7765725269676874223A7B2278223A313438352E302C2279223A313035302E307D2C2275707065724C656674223A7B2278223A302E302C2279223A302E307D7D2C227265736F757263654964223A2263616E766173222C227374656E63696C223A7B226964223A2242504D4E4469616772616D227D2C227374656E63696C736574223A7B226E616D657370616365223A22687474703A2F2F62336D6E2E6F72672F7374656E63696C7365742F62706D6E322E3023222C2275726C223A222E2E2F656469746F722F7374656E63696C736574732F62706D6E322E302F62706D6E322E302E6A736F6E227D2C2270726F70657274696573223A7B2270726F636573735F6964223A22746573745F6175646974222C226E616D65223A22E6B581E7A88BE5AEA1E689B9E6B58BE8AF95E6B581E7A88B222C2270726F636573735F6E616D657370616365223A22687474703A2F2F7777772E61637469766974692E6F72672F74657374222C226576656E746C697374656E657273223A7B22746F74616C436F756E74223A302C226974656D73223A5B5D7D7D2C226368696C64536861706573223A5B7B22626F756E6473223A7B226C6F7765725269676874223A7B2278223A36302E302C2279223A3237352E307D2C2275707065724C656674223A7B2278223A33302E302C2279223A3234352E307D7D2C227265736F757263654964223A227374617274222C226368696C64536861706573223A5B5D2C227374656E63696C223A7B226964223A2253746172744E6F6E654576656E74227D2C2270726F70657274696573223A7B226F766572726964656964223A227374617274222C226E616D65223A22E590AFE58AA8E5AEA1E689B9222C22696E69746961746F72223A226170706C79222C22666F726D6B6579646566696E6974696F6E223A222F6F612F7465737441756469742F666F726D222C22666F726D70726F70657274696573223A7B22746F74616C436F756E74223A302C226974656D73223A5B5D7D7D2C226F7574676F696E67223A5B7B227265736F757263654964223A227369642D33364535304338422D364337432D343936382D423032442D454241413432354246344245227D5D7D2C7B22626F756E6473223A7B226C6F7765725269676874223A7B2278223A313030332E302C2279223A3338342E307D2C2275707065724C656674223A7B2278223A3937352E302C2279223A3335362E307D7D2C227265736F757263654964223A22656E64222C226368696C64536861706573223A5B5D2C227374656E63696C223A7B226964223A22456E644E6F6E654576656E74227D2C2270726F70657274696573223A7B226F766572726964656964223A22656E64222C226E616D65223A22E7BB93E69D9FE5AEA1E689B9227D2C226F7574676F696E67223A5B5D7D2C7B22626F756E6473223A7B226C6F7765725269676874223A7B2278223A3331312E302C2279223A3139332E307D2C2275707065724C656674223A7B2278223A3230392E302C2279223A3133352E307D7D2C227265736F757263654964223A226D6F64696679222C226368696C64536861706573223A5B5D2C227374656E63696C223A7B226964223A22557365725461736B227D2C2270726F70657274696573223A7B226F766572726964656964223A226D6F64696679222C226E616D65223A22E59198E5B7A5E896AAE985ACE6A1A3E7BAA7E4BFAEE694B9222C22757365727461736B61737369676E6D656E74223A7B22746F74616C436F756E74223A312C226974656D73223A5B7B2261737369676E6D656E745F74797065223A2261737369676E6565222C227265736F7572636561737369676E6D656E7465787072223A22247B6170706C797D227D5D7D2C22666F726D70726F70657274696573223A7B22746F74616C436F756E74223A302C226974656D73223A5B5D7D2C227461736B6C697374656E657273223A7B22746F74616C436F756E74223A302C226974656D73223A5B5D7D7D2C226F7574676F696E67223A5B7B227265736F757263654964223A227369642D31363344424336302D444243392D343338422D393731412D363737333846423737313541227D5D7D2C7B22626F756E6473223A7B226C6F7765725269676874223A7B2278223A3230312E302C2279223A3238382E357D2C2275707065724C656674223A7B2278223A3130352E302C2279223A3233312E357D7D2C227265736F757263654964223A226175646974222C226368696C64536861706573223A5B5D2C227374656E63696C223A7B226964223A22557365725461736B227D2C2270726F70657274696573223A7B226F766572726964656964223A226175646974222C226E616D65223A22E896AAE985ACE4B8BBE7AEA1E5889DE5AEA1222C22757365727461736B61737369676E6D656E74223A7B22746F74616C436F756E74223A312C226974656D73223A5B7B2261737369676E6D656E745F74797065223A2261737369676E6565222C227265736F7572636561737369676E6D656E7465787072223A227468696E6B67656D227D5D7D2C22666F726D70726F70657274696573223A7B22746F74616C436F756E74223A302C226974656D73223A5B5D7D2C227461736B6C697374656E657273223A7B22746F74616C436F756E74223A302C226974656D73223A5B5D7D7D2C226F7574676F696E67223A5B7B227265736F757263654964223A227369642D32414237433031412D353045452D344141432D384338462D463645313933354233444137227D5D7D2C7B22626F756E6473223A7B226C6F7765725269676874223A7B2278223A3238302E302C2279223A3238302E307D2C2275707065724C656674223A7B2278223A3234302E302C2279223A3234302E307D7D2C227265736F757263654964223A227369642D43323842423546362D303133442D343537302D423433322D363142333830433146343646222C226368696C64536861706573223A5B5D2C227374656E63696C223A7B226964223A224578636C757369766547617465776179227D2C2270726F70657274696573223A7B226F766572726964656964223A227369642D43323842423546362D303133442D343537302D423433322D363142333830433146343646227D2C226F7574676F696E67223A5B7B227265736F757263654964223A227369642D35333235383530322D343345452D344445382D423141342D444244313139323242384146227D2C7B227265736F757263654964223A227369642D37323235384134312D323033452D343238432D423731442D434133353036323532443733227D5D7D2C7B22626F756E6473223A7B226C6F7765725269676874223A7B2278223A3331302E302C2279223A3431302E307D2C2275707065724C656674223A7B2278223A3231302E302C2279223A3333302E307D7D2C227265736F757263654964223A22617564697432222C226368696C64536861706573223A5B5D2C227374656E63696C223A7B226964223A22557365725461736B227D2C2270726F70657274696573223A7B226F766572726964656964223A22617564697432222C226E616D65223A22E99B86E59BA2E4BABAE58A9BE8B584E6BA90E983A8E983A8E995BFE5AEA1E6A0B8222C22757365727461736B61737369676E6D656E74223A7B22746F74616C436F756E74223A312C226974656D73223A5B7B2261737369676E6D656E745F74797065223A2261737369676E6565222C227265736F7572636561737369676E6D656E7465787072223A227468696E6B67656D227D5D7D2C22666F726D70726F70657274696573223A7B22746F74616C436F756E74223A302C226974656D73223A5B5D7D2C227461736B6C697374656E657273223A7B22746F74616C436F756E74223A302C226974656D73223A5B5D7D7D2C226F7574676F696E67223A5B7B227265736F757263654964223A227369642D45463246353142422D314439392D344630422D414346322D423643313330304137443242227D5D7D2C7B22626F756E6473223A7B226C6F7765725269676874223A7B2278223A3338352E302C2279223A3339302E307D2C2275707065724C656674223A7B2278223A3334352E302C2279223A3335302E307D7D2C227265736F757263654964223A227369642D45443436464534312D413046442D343936442D383644432D324339374146353733354630222C226368696C64536861706573223A5B5D2C227374656E63696C223A7B226964223A224578636C757369766547617465776179227D2C2270726F70657274696573223A7B226F766572726964656964223A227369642D45443436464534312D413046442D343936442D383644432D324339374146353733354630227D2C226F7574676F696E67223A5B7B227265736F757263654964223A227369642D41373538393038342D343632332D344645412D413737342D303041373044444331443230227D2C7B227265736F757263654964223A227369642D46413631383633362D333730382D344430432D383531342D323941344242384243393236227D5D7D2C7B22626F756E6473223A7B226C6F7765725269676874223A7B2278223A3137322E302C2279223A3231322E307D2C2275707065724C656674223A7B2278223A3132382E302C2279223A3231322E307D7D2C227265736F757263654964223A227369642D45463246353142422D314439392D344630422D414346322D423643313330304137443242222C226368696C64536861706573223A5B5D2C227374656E63696C223A7B226964223A2253657175656E6365466C6F77227D2C22646F636B657273223A5B7B2278223A35302E302C2279223A34302E307D2C7B2278223A32302E302C2279223A32302E307D5D2C226F7574676F696E67223A5B7B227265736F757263654964223A227369642D45443436464534312D413046442D343936442D383644432D324339374146353733354630227D5D2C22746172676574223A7B227265736F757263654964223A227369642D45443436464534312D413046442D343936442D383644432D324339374146353733354630227D2C2270726F70657274696573223A7B226F766572726964656964223A227369642D45463246353142422D314439392D344630422D414346322D423643313330304137443242227D7D2C7B22626F756E6473223A7B226C6F7765725269676874223A7B2278223A3532302E302C2279223A3431302E307D2C2275707065724C656674223A7B2278223A3432302E302C2279223A3333302E307D7D2C227265736F757263654964223A22617564697433222C226368696C64536861706573223A5B5D2C227374656E63696C223A7B226964223A22557365725461736B227D2C2270726F70657274696573223A7B226F766572726964656964223A22617564697433222C226E616D65223A22E99B86E59BA2E4BABAE58A9BE8B584E6BA90E983A8E58886E7AEA1E9A286E5AFBCE5AEA1E6A0B8222C22757365727461736B61737369676E6D656E74223A7B22746F74616C436F756E74223A312C226974656D73223A5B7B2261737369676E6D656E745F74797065223A2261737369676E6565222C227265736F7572636561737369676E6D656E7465787072223A227468696E6B67656D227D5D7D2C22666F726D70726F70657274696573223A7B22746F74616C436F756E74223A302C226974656D73223A5B5D7D2C227461736B6C697374656E657273223A7B22746F74616C436F756E74223A302C226974656D73223A5B5D7D7D2C226F7574676F696E67223A5B7B227265736F757263654964223A227369642D33444243443636312D353732302D343438302D383135362D373438424530323735464546227D5D7D2C7B22626F756E6473223A7B226C6F7765725269676874223A7B2278223A3539352E302C2279223A3339302E307D2C2275707065724C656674223A7B2278223A3535352E302C2279223A3335302E307D7D2C227265736F757263654964223A227369642D46453438354232442D394132332D343233362D424430442D443738384341364533304534222C226368696C64536861706573223A5B5D2C227374656E63696C223A7B226964223A224578636C757369766547617465776179227D2C2270726F70657274696573223A7B226F766572726964656964223A227369642D46453438354232442D394132332D343233362D424430442D443738384341364533304534227D2C226F7574676F696E67223A5B7B227265736F757263654964223A227369642D44343443414434332D303237312D343932302D413532342D394238353333453532353530227D2C7B227265736F757263654964223A227369642D31353235424646342D334539442D344438412D424638302D314636334146453136323839227D5D7D2C7B22626F756E6473223A7B226C6F7765725269676874223A7B2278223A3137322E302C2279223A3231322E307D2C2275707065724C656674223A7B2278223A3132382E302C2279223A3231322E307D7D2C227265736F757263654964223A227369642D33444243443636312D353732302D343438302D383135362D373438424530323735464546222C226368696C64536861706573223A5B5D2C227374656E63696C223A7B226964223A2253657175656E6365466C6F77227D2C22646F636B657273223A5B7B2278223A35302E302C2279223A34302E307D2C7B2278223A32302E302C2279223A32302E307D5D2C226F7574676F696E67223A5B7B227265736F757263654964223A227369642D46453438354232442D394132332D343233362D424430442D443738384341364533304534227D5D2C22746172676574223A7B227265736F757263654964223A227369642D46453438354232442D394132332D343233362D424430442D443738384341364533304534227D2C2270726F70657274696573223A7B226F766572726964656964223A227369642D33444243443636312D353732302D343438302D383135362D373438424530323735464546227D7D2C7B22626F756E6473223A7B226C6F7765725269676874223A7B2278223A3733302E302C2279223A3431302E307D2C2275707065724C656674223A7B2278223A3633302E302C2279223A3333302E307D7D2C227265736F757263654964223A22617564697434222C226368696C64536861706573223A5B5D2C227374656E63696C223A7B226964223A22557365725461736B227D2C2270726F70657274696573223A7B226F766572726964656964223A22617564697434222C226E616D65223A22E99B86E59BA2E680BBE7BB8FE79086E5AEA1E689B9222C22757365727461736B61737369676E6D656E74223A7B22746F74616C436F756E74223A312C226974656D73223A5B7B2261737369676E6D656E745F74797065223A2261737369676E6565222C227265736F7572636561737369676E6D656E7465787072223A227468696E6B67656D227D5D7D2C22666F726D70726F70657274696573223A7B22746F74616C436F756E74223A302C226974656D73223A5B5D7D2C227461736B6C697374656E657273223A7B22746F74616C436F756E74223A302C226974656D73223A5B5D7D7D2C226F7574676F696E67223A5B7B227265736F757263654964223A227369642D30324442324144392D313333322D343139382D414338442D323241333531363944313543227D5D7D2C7B22626F756E6473223A7B226C6F7765725269676874223A7B2278223A3830352E302C2279223A3339302E307D2C2275707065724C656674223A7B2278223A3736352E302C2279223A3335302E307D7D2C227265736F757263654964223A227369642D33463533423642442D463846332D343936422D414330382D353036333042443131343737222C226368696C64536861706573223A5B5D2C227374656E63696C223A7B226964223A224578636C757369766547617465776179227D2C2270726F70657274696573223A7B226F766572726964656964223A227369642D33463533423642442D463846332D343936422D414330382D353036333042443131343737227D2C226F7574676F696E67223A5B7B227265736F757263654964223A227369642D37443732333139302D313433322D343131442D413441342D373734323235453534434439227D2C7B227265736F757263654964223A227369642D33354343384336432D313036372D343339382D393931432D434346393535313135393635227D5D7D2C7B22626F756E6473223A7B226C6F7765725269676874223A7B2278223A3934302E302C2279223A3431302E307D2C2275707065724C656674223A7B2278223A3834302E302C2279223A3333302E307D7D2C227265736F757263654964223A226170706C795F656E64222C226368696C64536861706573223A5B5D2C227374656E63696C223A7B226964223A22557365725461736B227D2C2270726F70657274696573223A7B226F766572726964656964223A226170706C795F656E64222C226E616D65223A22E896AAE985ACE6A1A3E7BAA7E58591E78EB0222C22757365727461736B61737369676E6D656E74223A7B22746F74616C436F756E74223A312C226974656D73223A5B7B2261737369676E6D656E745F74797065223A2261737369676E6565222C227265736F7572636561737369676E6D656E7465787072223A227468696E6B67656D227D5D7D2C22666F726D70726F70657274696573223A7B22746F74616C436F756E74223A302C226974656D73223A5B5D7D2C227461736B6C697374656E657273223A7B22746F74616C436F756E74223A302C226974656D73223A5B5D7D7D2C226F7574676F696E67223A5B7B227265736F757263654964223A227369642D42444230414142322D374535302D344433352D383045452D434530424543444439463537227D5D7D2C7B22626F756E6473223A7B226C6F7765725269676874223A7B2278223A3137322E302C2279223A3231322E307D2C2275707065724C656674223A7B2278223A3132382E302C2279223A3231322E307D7D2C227265736F757263654964223A227369642D30324442324144392D313333322D343139382D414338442D323241333531363944313543222C226368696C64536861706573223A5B5D2C227374656E63696C223A7B226964223A2253657175656E6365466C6F77227D2C22646F636B657273223A5B7B2278223A35302E302C2279223A34302E307D2C7B2278223A32302E302C2279223A32302E307D5D2C226F7574676F696E67223A5B7B227265736F757263654964223A227369642D33463533423642442D463846332D343936422D414330382D353036333042443131343737227D5D2C22746172676574223A7B227265736F757263654964223A227369642D33463533423642442D463846332D343936422D414330382D353036333042443131343737227D2C2270726F70657274696573223A7B226F766572726964656964223A227369642D30324442324144392D313333322D343139382D414338442D323241333531363944313543227D7D2C7B22626F756E6473223A7B226C6F7765725269676874223A7B2278223A3137322E302C2279223A3231322E307D2C2275707065724C656674223A7B2278223A3132382E302C2279223A3231322E307D7D2C227265736F757263654964223A227369642D32414237433031412D353045452D344141432D384338462D463645313933354233444137222C226368696C64536861706573223A5B5D2C227374656E63696C223A7B226964223A2253657175656E6365466C6F77227D2C22646F636B657273223A5B7B2278223A34382E302C2279223A32382E357D2C7B2278223A32302E302C2279223A32302E307D5D2C226F7574676F696E67223A5B7B227265736F757263654964223A227369642D43323842423546362D303133442D343537302D423433322D363142333830433146343646227D5D2C22746172676574223A7B227265736F757263654964223A227369642D43323842423546362D303133442D343537302D423433322D363142333830433146343646227D2C2270726F70657274696573223A7B226F766572726964656964223A227369642D32414237433031412D353045452D344141432D384338462D463645313933354233444137227D7D2C7B22626F756E6473223A7B226C6F7765725269676874223A7B2278223A3137322E302C2279223A3231322E307D2C2275707065724C656674223A7B2278223A3132382E302C2279223A3231322E307D7D2C227265736F757263654964223A227369642D33364535304338422D364337432D343936382D423032442D454241413432354246344245222C226368696C64536861706573223A5B5D2C227374656E63696C223A7B226964223A2253657175656E6365466C6F77227D2C22646F636B657273223A5B7B2278223A31352E302C2279223A31352E307D2C7B2278223A34382E302C2279223A32382E357D5D2C226F7574676F696E67223A5B7B227265736F757263654964223A226175646974227D5D2C22746172676574223A7B227265736F757263654964223A226175646974227D2C2270726F70657274696573223A7B226F766572726964656964223A227369642D33364535304338422D364337432D343936382D423032442D454241413432354246344245227D7D2C7B22626F756E6473223A7B226C6F7765725269676874223A7B2278223A3137322E302C2279223A3231322E307D2C2275707065724C656674223A7B2278223A3132382E302C2279223A3231322E307D7D2C227265736F757263654964223A227369642D37443732333139302D313433322D343131442D413441342D373734323235453534434439222C226368696C64536861706573223A5B5D2C227374656E63696C223A7B226964223A2253657175656E6365466C6F77227D2C22646F636B657273223A5B7B2278223A32302E302C2279223A32302E307D2C7B2278223A35302E302C2279223A34302E307D5D2C226F7574676F696E67223A5B7B227265736F757263654964223A226170706C795F656E64227D5D2C22746172676574223A7B227265736F757263654964223A226170706C795F656E64227D2C2270726F70657274696573223A7B226F766572726964656964223A227369642D37443732333139302D313433322D343131442D413441342D373734323235453534434439222C226E616D65223A22E698AF222C22636F6E646974696F6E73657175656E6365666C6F77223A22247B706173733D3D317D227D7D2C7B22626F756E6473223A7B226C6F7765725269676874223A7B2278223A3137322E302C2279223A3231322E307D2C2275707065724C656674223A7B2278223A3132382E302C2279223A3231322E307D7D2C227265736F757263654964223A227369642D44343443414434332D303237312D343932302D413532342D394238353333453532353530222C226368696C64536861706573223A5B5D2C227374656E63696C223A7B226964223A2253657175656E6365466C6F77227D2C22646F636B657273223A5B7B2278223A32302E302C2279223A32302E307D2C7B2278223A35302E302C2279223A34302E307D5D2C226F7574676F696E67223A5B7B227265736F757263654964223A22617564697434227D5D2C22746172676574223A7B227265736F757263654964223A22617564697434227D2C2270726F70657274696573223A7B226F766572726964656964223A227369642D44343443414434332D303237312D343932302D413532342D394238353333453532353530222C226E616D65223A22E698AF222C22636F6E646974696F6E73657175656E6365666C6F77223A22247B706173733D3D317D227D7D2C7B22626F756E6473223A7B226C6F7765725269676874223A7B2278223A3137322E302C2279223A3231322E307D2C2275707065724C656674223A7B2278223A3132382E302C2279223A3231322E307D7D2C227265736F757263654964223A227369642D35333235383530322D343345452D344445382D423141342D444244313139323242384146222C226368696C64536861706573223A5B5D2C227374656E63696C223A7B226964223A2253657175656E6365466C6F77227D2C22646F636B657273223A5B7B2278223A32302E302C2279223A32302E307D2C7B2278223A35312E302C2279223A32392E307D5D2C226F7574676F696E67223A5B7B227265736F757263654964223A226D6F64696679227D5D2C22746172676574223A7B227265736F757263654964223A226D6F64696679227D2C2270726F70657274696573223A7B226F766572726964656964223A227369642D35333235383530322D343345452D344445382D423141342D444244313139323242384146222C226E616D65223A22E590A6222C22636F6E646974696F6E73657175656E6365666C6F77223A22247B706173733D3D307D227D7D2C7B22626F756E6473223A7B226C6F7765725269676874223A7B2278223A3238302E302C2279223A38352E307D2C2275707065724C656674223A7B2278223A3234302E302C2279223A34352E307D7D2C227265736F757263654964223A227369642D35464544303244362D433338382D343843362D383730452D303937444232313331454130222C226368696C64536861706573223A5B5D2C227374656E63696C223A7B226964223A224578636C757369766547617465776179227D2C2270726F70657274696573223A7B226F766572726964656964223A227369642D35464544303244362D433338382D343843362D383730452D303937444232313331454130227D2C226F7574676F696E67223A5B7B227265736F757263654964223A227369642D38343438454634412D423632452D343839392D414243322D304532444232414536383338227D2C7B227265736F757263654964223A227369642D34344146423943312D343035372D344334382D423146322D314543383937413532434237227D5D7D2C7B22626F756E6473223A7B226C6F7765725269676874223A7B2278223A3137322E302C2279223A3231322E307D2C2275707065724C656674223A7B2278223A3132382E302C2279223A3231322E307D7D2C227265736F757263654964223A227369642D31363344424336302D444243392D343338422D393731412D363737333846423737313541222C226368696C64536861706573223A5B5D2C227374656E63696C223A7B226964223A2253657175656E6365466C6F77227D2C22646F636B657273223A5B7B2278223A35312E302C2279223A32392E307D2C7B2278223A32302E302C2279223A32302E307D5D2C226F7574676F696E67223A5B7B227265736F757263654964223A227369642D35464544303244362D433338382D343843362D383730452D303937444232313331454130227D5D2C22746172676574223A7B227265736F757263654964223A227369642D35464544303244362D433338382D343843362D383730452D303937444232313331454130227D2C2270726F70657274696573223A7B226F766572726964656964223A227369642D31363344424336302D444243392D343338422D393731412D363737333846423737313541227D7D2C7B22626F756E6473223A7B226C6F7765725269676874223A7B2278223A3137322E302C2279223A3231322E307D2C2275707065724C656674223A7B2278223A3132382E302C2279223A3231322E307D7D2C227265736F757263654964223A227369642D37323235384134312D323033452D343238432D423731442D434133353036323532443733222C226368696C64536861706573223A5B5D2C227374656E63696C223A7B226964223A2253657175656E6365466C6F77227D2C22646F636B657273223A5B7B2278223A32302E302C2279223A32302E307D2C7B2278223A35302E302C2279223A34302E307D5D2C226F7574676F696E67223A5B7B227265736F757263654964223A22617564697432227D5D2C22746172676574223A7B227265736F757263654964223A22617564697432227D2C2270726F70657274696573223A7B226F766572726964656964223A227369642D37323235384134312D323033452D343238432D423731442D434133353036323532443733222C226E616D65223A22E698AF222C22636F6E646974696F6E73657175656E6365666C6F77223A22247B706173733D3D317D227D7D2C7B22626F756E6473223A7B226C6F7765725269676874223A7B2278223A3137322E302C2279223A3231322E307D2C2275707065724C656674223A7B2278223A3132382E302C2279223A3231322E307D7D2C227265736F757263654964223A227369642D38343438454634412D423632452D343839392D414243322D304532444232414536383338222C226368696C64536861706573223A5B5D2C227374656E63696C223A7B226964223A2253657175656E6365466C6F77227D2C22646F636B657273223A5B7B2278223A32302E302C2279223A32302E307D2C7B2278223A3135332E302C2279223A36352E307D2C7B2278223A34382E302C2279223A32382E357D5D2C226F7574676F696E67223A5B7B227265736F757263654964223A226175646974227D5D2C22746172676574223A7B227265736F757263654964223A226175646974227D2C2270726F70657274696573223A7B226F766572726964656964223A227369642D38343438454634412D423632452D343839392D414243322D304532444232414536383338222C226E616D65223A22E9878DE696B0E794B3E8AFB7222C22636F6E646974696F6E73657175656E6365666C6F77223A22247B706173733D3D317D227D7D2C7B22626F756E6473223A7B226C6F7765725269676874223A7B2278223A3137322E302C2279223A3231322E307D2C2275707065724C656674223A7B2278223A3132382E302C2279223A3231322E307D7D2C227265736F757263654964223A227369642D41373538393038342D343632332D344645412D413737342D303041373044444331443230222C226368696C64536861706573223A5B5D2C227374656E63696C223A7B226964223A2253657175656E6365466C6F77227D2C22646F636B657273223A5B7B2278223A32302E302C2279223A32302E307D2C7B2278223A35302E302C2279223A34302E307D5D2C226F7574676F696E67223A5B7B227265736F757263654964223A22617564697433227D5D2C22746172676574223A7B227265736F757263654964223A22617564697433227D2C2270726F70657274696573223A7B226F766572726964656964223A227369642D41373538393038342D343632332D344645412D413737342D303041373044444331443230222C226E616D65223A22E698AF222C22636F6E646974696F6E73657175656E6365666C6F77223A22247B706173733D3D317D227D7D2C7B22626F756E6473223A7B226C6F7765725269676874223A7B2278223A3137322E302C2279223A3231322E307D2C2275707065724C656674223A7B2278223A3132382E302C2279223A3231322E307D7D2C227265736F757263654964223A227369642D46413631383633362D333730382D344430432D383531342D323941344242384243393236222C226368696C64536861706573223A5B5D2C227374656E63696C223A7B226964223A2253657175656E6365466C6F77227D2C22646F636B657273223A5B7B2278223A32302E302C2279223A32302E307D2C7B2278223A3336352E302C2279223A3136342E307D2C7B2278223A35312E302C2279223A32392E307D5D2C226F7574676F696E67223A5B7B227265736F757263654964223A226D6F64696679227D5D2C22746172676574223A7B227265736F757263654964223A226D6F64696679227D2C2270726F70657274696573223A7B226F766572726964656964223A227369642D46413631383633362D333730382D344430432D383531342D323941344242384243393236222C226E616D65223A22E590A6222C22636F6E646974696F6E73657175656E6365666C6F77223A22247B706173733D3D307D227D7D2C7B22626F756E6473223A7B226C6F7765725269676874223A7B2278223A3137322E302C2279223A3231322E307D2C2275707065724C656674223A7B2278223A3132382E302C2279223A3231322E307D7D2C227265736F757263654964223A227369642D31353235424646342D334539442D344438412D424638302D314636334146453136323839222C226368696C64536861706573223A5B5D2C227374656E63696C223A7B226964223A2253657175656E6365466C6F77227D2C22646F636B657273223A5B7B2278223A32302E302C2279223A32302E307D2C7B2278223A3537352E302C2279223A3136342E307D2C7B2278223A35312E302C2279223A32392E307D5D2C226F7574676F696E67223A5B7B227265736F757263654964223A226D6F64696679227D5D2C22746172676574223A7B227265736F757263654964223A226D6F64696679227D2C2270726F70657274696573223A7B226F766572726964656964223A227369642D31353235424646342D334539442D344438412D424638302D314636334146453136323839222C226E616D65223A22E590A6222C22636F6E646974696F6E73657175656E6365666C6F77223A22247B706173733D3D307D227D7D2C7B22626F756E6473223A7B226C6F7765725269676874223A7B2278223A3137322E302C2279223A3231322E307D2C2275707065724C656674223A7B2278223A3132382E302C2279223A3231322E307D7D2C227265736F757263654964223A227369642D33354343384336432D313036372D343339382D393931432D434346393535313135393635222C226368696C64536861706573223A5B5D2C227374656E63696C223A7B226964223A2253657175656E6365466C6F77227D2C22646F636B657273223A5B7B2278223A32302E302C2279223A32302E307D2C7B2278223A3738352E302C2279223A3136342E307D2C7B2278223A35312E302C2279223A32392E307D5D2C226F7574676F696E67223A5B7B227265736F757263654964223A226D6F64696679227D5D2C22746172676574223A7B227265736F757263654964223A226D6F64696679227D2C2270726F70657274696573223A7B226F766572726964656964223A227369642D33354343384336432D313036372D343339382D393931432D434346393535313135393635222C226E616D65223A22E590A6222C22636F6E646974696F6E73657175656E6365666C6F77223A22247B706173733D3D307D227D7D2C7B22626F756E6473223A7B226C6F7765725269676874223A7B2278223A3137322E302C2279223A3231322E307D2C2275707065724C656674223A7B2278223A3132382E302C2279223A3231322E307D7D2C227265736F757263654964223A227369642D42444230414142322D374535302D344433352D383045452D434530424543444439463537222C226368696C64536861706573223A5B5D2C227374656E63696C223A7B226964223A2253657175656E6365466C6F77227D2C22646F636B657273223A5B7B2278223A35302E302C2279223A34302E307D2C7B2278223A31342E302C2279223A31342E307D5D2C226F7574676F696E67223A5B7B227265736F757263654964223A22656E64227D5D2C22746172676574223A7B227265736F757263654964223A22656E64227D2C2270726F70657274696573223A7B226F766572726964656964223A227369642D42444230414142322D374535302D344433352D383045452D434530424543444439463537227D7D2C7B22626F756E6473223A7B226C6F7765725269676874223A7B2278223A3137322E302C2279223A3231322E307D2C2275707065724C656674223A7B2278223A3132382E302C2279223A3231322E307D7D2C227265736F757263654964223A227369642D34344146423943312D343035372D344334382D423146322D314543383937413532434237222C226368696C64536861706573223A5B5D2C227374656E63696C223A7B226964223A2253657175656E6365466C6F77227D2C22646F636B657273223A5B7B2278223A32302E302C2279223A32302E307D2C7B2278223A3938392E302C2279223A36352E307D2C7B2278223A31342E302C2279223A31342E307D5D2C226F7574676F696E67223A5B7B227265736F757263654964223A22656E64227D5D2C22746172676574223A7B227265736F757263654964223A22656E64227D2C2270726F70657274696573223A7B226F766572726964656964223A227369642D34344146423943312D343035372D344334382D423146322D314543383937413532434237222C226E616D65223A22E99480E6AF81222C22636F6E646974696F6E73657175656E6365666C6F77223A22247B706173733D3D307D227D7D5D7D, null);
INSERT INTO `act_ge_bytearray` VALUES ('9a7ece4aac00482abadd5a12e9b52665', '1', 'test_audit.test_audit.png', '5eeab710687b47a6b894c9eedc7f7521', 0x89504E470D0A1A0A0000000D49484452000003DC0000017C08060000003DD3B3DA0000542E4944415478DAEDDD0B7C14F5BDF7F12950C5DB235ACAE170786CEAA5C0A31EB5600C1715344A2C7044D11E6A29E558CA910AB5085E8AD60B504423A6100382E122628C480C316008A909D72440B88434C618532952A488581A638C6BFC3FF3FBEFCCB0BBD9CD9DCDEEE6F37EBD7EAFEC657667B3F3FFCECE6F6776D7300000000000000000000000000000000000000000000000003A9E6E3C050000000000B4AD38B394F5170000000000B48158B33E372BC1FA3B92A7040000000080B669B6ED265BF6707F4AD30D0000000040DB35DB8D5D0E00000000001A11D748536D5FCF67BA01000000006866B3DD5833CD9E6E00000000009A28D668DE9EEBE64E0F0000000040876DB647B6E0765534DD0000000000B45DB3DD56B7070000000020E234F60569C1BE1F000000000022A6D96EABC3C1D9D30D00000000E8F07CBFF0EC3B66FDD2FADB1CBEB7E38BD400000000001DBED91EE9D1342F334B597F9BDA7407BA1D4D3700000000A0C337DBE29756D3AC9AD1747B36DB768DF7B89ECF7403000000003A8C404DB0BFE6B9A1A6DBDFF4C97EA6E733DD00000000800ED36CC735A389F6D77437B5D9F66DBA39BC1C0000000010719ADAF436D67437B7D9F69CFFA7067BBA010000000011D86C37B5D90DD474776A61B36DE333DD00000000800EDB6C37D47497B7A2D96EEDE301000000002064B4768FB2BFA6BB35CDB66FD3CD67BA01000000A09DC598F5B8595966EDB69A354535A9125AF9DCCB61E4BE7BB6CBADCB5B23816543511445511445455855995561568E59CF18EE1D4D5D68E7108ABA5B83F463B30ACC9A6DD668B3AE30AB1B4F4F9334F6ADE48D69680F77537EA73B10F6700300002012499FD2D7701F612ABDCC36B33E31DC3B9B7AF2F420544CB41AEDC5665DCAD3D12AD2DC5619A7E733DC2D69BAF90C370000003A92DE66255ADBC033783AD09EE4708BD7CDCA33DC7BB2D1764D7773F62807FAE92F7FDF52DE9CA69B6F290700004047257BBE4B0CF7C764CFE5E9407B90663BD3E0730EA7B3E96EACD96DEC77B61BFB9DEE400618FC0E370000003AB66E56BF9345CF836093C3C8F31878A755637B981B6BB68D1636DDF661EDA35904000000A0E9D67BBA1FE5A940B0C817A4C967B6398CFCF40BB4A7BBA9CD76739B6E7B7E34DB000000809B1C5E2E477FF2456A080AF906BF449E86A08933EA1FDEFD4BA3F9BFB3EDAFE91EEF331F3EB30D000000D427FD4F024F038241F66EF36DE4C16FBA3DBF48CDB3796E4AB36D34723B7EFA0B000000084CBEBD5C7E328C8FD4E2B48A31DCBFB38DE0F33DBC5C9AE5F146F37FEACBF776ADFDFD6F000000A023D8C636334EB7A7CC9ACDD310324D776BF93B5C1D000000407DD2073DC3D380D349BE129F2FD48A8CA6BBAD9B770000002092C976730E4F034EA7DD06DF4E1E0A5A7B1838879103000000CD23DF565EC1D380D3499AB46E3C0D21D57437770F355F9006000000349FF441553C0D389D144F414869EE61E11C460E000000D00F810186366EA20718EE77E4F80C3E000000403F0406189A28CE6AA6E31AB8FE539A6D000000807E080C30345FA03DDD1C460E000000D00F810186366EBA69B601000000FA2130C0D0C64D7702CD36000000403F040618DAD6546B59F1D35F00000000FD101860684399D6B2EAC25301000000D00F810186B6116396CB600F37000000403F040618DA54BAB59CA476F37400000000F4436080A1F50618A7F66EDBC597A601000000F4436080A195327D9A6D7B2F379FE506000000E887C000430BF9DBBB6DD7689E1E000000807E080C30B44C5680665BAA80A707000000A01F02030CCDD7D0DE6D3ECB0D000000D00F81018616CA6CA4D9E61BCB01000000FA2130C0C0B202000000D8C606030C2C2B000000806D6C8001C6B202000000C0363618606059010000006C638301069615000000C03636C000635901000000601B1B0C30B0AC00000000B6B1C10003CB0A000000601B1B6080B1AC00000000B08D0D0618585600000000DBD86080816505000000B08D0D30C0585600000000D8C606030C2C2B000000806D6C30C0C0B202000000D8C60618602C2B000000006C638301069615000000C0363618606059010000006C63030C30961500000000B6B1C10003CB0A000000601B1B0C30B0AC00000000B6B1010618CB0A00000000DBD86080816505000000B08D0D0618585600000000DBD800038C6505000000B08D0D30C058563C0500000000DBD86080816505000000B08D0D0618585600000000DBD800038C6505000000806D6C30C0C0B202000000D8C606030C2C2B000000806D6C8001C6B202000000C0363618606059010000006C638301069615000000C03636C000635901000000601B1B0C30B0AC00000000B6B1C10003CB0A000000601B1B6080B1AC00000000B08D0D0618585600000000DBD86080816505000000B08D0D30C0585600000000D8C606032CA8FFB0525D939292668C1F3F7E7F7474744DD7AE5D95F53C506D509D3B77FEF6924B2EF974F0E0C11BCCBFC38818000000E887C000EB00962D5B76DFB061C3AAA3A2A2D4ECD9B3545E5EAEAAA9F9D2ECC1BFA5DAA8E4F92C28C857F1F1CFA93E7DFAD4F6EAD56BBFF9D45F41D4000000403F040658844A4E7E795DCF9E3D5542C20BCAE5AA359BC33A2A089598B85075EBD6EDCBB3CF3EFB76E206000000FA2130C022B0D9BEF4D24B5541C10EB309FC860A72959414ABEEDDBBFFCB5C1423891C000000E887C0008B10CB962DBD4FF66C17146C379B3F97572D5DBA488D1C19A7860FBF59DD7CF38DEA96D8612A716142BDE9A8D65749C97E75D659677D6E707839000000E887C0008B807F4EA9AEC386DD589D90F0BC79F26BAF5AB17CA91AF193E16ACC9DA3748D1A799B8A8D1DAA060EBC562DD44DF7D7541B577CFCBCCFBA74E9924BEC000000403F040658984B4A5A30232AEA07CAE5AA361BBE5AAF8A1B1EAB1BED5B6E19E6D4ADB7DEA4060FBACE6CBAA3EB4D4FB54D5D78E1851F9B8B2686E8010000807E080CB030367EFCB8FDB3673F69367A5FD5AB218363D40BF3E7A9CCB7D354D28B097ACFF6F54306EACBE5B4CBF585DFDB51ADABA953EFDF6D2E9A78A207000000FA2130C0C25874F4809ABCBC6CB3D1ABA957BFFAD578F5C9DF3F56DBB6BEABB2DEC950AB5E4956EBD2D7A80F2BDE57BF993C517DF3CD177E6F47B5AEB66CC939622E9ADD440F000000F443608085B1AE5DBBAA9A9ACFCC46AFBA5E3D36F3615558B055ED2CDCA6F6EED9A54B4EEFDCB9433DF6D8C37E6F43B5BE6479988BC645F4000000403F04065898FF7F4A7D51AF5CAE7FAA993367A849BF9EA076EDCA572507F6E9DAB367A79A3AE57FD5F407A7A8AFBEFACCEF6DA9D6172B36000000D00F810116110D779557D5D67EA6D6AE7D554547FF58557C50A61E9C36C5AB8A8A0AD580FE57ABD75627AB9A9A4FEBDD9E6A7DB16203000000FD10186011D170FFCBA96FBF3DA9DECE4855830646ABCA8A7275A078AFCAD9B441A5BFF5864A796DA54A7E7991D98CA7E8C3CBAFBBAEBF4A4D5DA1BEF9E673AFFBA05A5FACD8000000403F0406584434DC279DDAB675A3FEAD6D69B2737337A9B7D25275A3BD62F912F5D2E2852AE18567D533739FD65FA0B678D10235F4C6216AC3FA355EF741B5BE58B1010000807E080CB08868B8FFE9D463331FD2DF442E8DF5B2E4C5BA96BC94A81217CE57CFC7CF557F9CF3A47AE20F8FAA19D37FAB9E7CE2F766B39DAE1E9AF180D77D50AD2F566C000000A01F02032C221AEECF9D92865B7E02ECEEBBEE50AFA7BCA21B6D69BE9F9D375BCD99FD847AEED939BAE996267CE48838B5297BBDD5707F4EB561B16203000000FD10186011D1709F706AFFFEEDEAF78F4E573FBD7BB46EA8E550727F15133340FD62DC58BDB7BBA8688BD77D50AD2F566C000000A01F02032C221AEECFBCCAF5F53FD4175F7CACE29F7B5AC50DBF490D197C9D1A38F05A1573DD0035D06CB46FBC61B0FADD03F7A99327FFA6A7F5BD3DD5FA62C506000000FA2130C022A2E13E4E8558B16203000000FD10186011D1707F4A8558B16203000000FD10186011D1701FA342AC58B1010000807E080CB08868B8FF418558B16203000000FD10186011D1701FA542AC58B1010000807E080CB08868B83FA142AC58B1010000807E080CB08868B88F5021564D18774F9855433C010000403F0406584837DC7FF75B72DD8205B3547CFC1F741D3CB8535FB66BD78680B7696EC9FDA5A72F734E6767A7E8D315153B02DEA6A4E45DB56FDF26AFC7E1FBB8E4FCCC99BFAD37AF79F366EAD3478FEEF7BAAEBC7C9BBEFEF8F1BFD49BDFE1C37BEA5D5656B6454F5F5999AFCF6764AC50E79D776E8BFF777FD735D0687F655DCFCA0F000000F44360808576C37DD86FB91BC2E47A976566AEF4BAEC8E3BE2D4C4893F331BF2425D72FAFEFB2738E7E53673E63CEC4CDFB97367959838DBB92E3EFE71E7B434D3D2389F7FFE797ADA8A8AED7A7E7683B961C32A3576ECED6ADCB83BF569B9ECF0E122FD57A6F57C9C2B572638A70F1DDAA5FF96956D569B37AFD5A7659E9ED3CF9A35439D3851AAFF67393F69D2CF9D79D8F7E539FDE38F3FE075BE7FFFFFD4D38F1871B37E7CF675B7DD364C4D9BF66B3DBF8B2EFA0F357DFAFF9A0DFE567D9BD2D2DC80CF7D238D360D37000000E887C0000BFD86FB63BFE56E2A7FAB1B6277535CA02FDBBA352DE06DA42EBBEC872A3AFAEA06A7B1EF7FFAF449EAD8B1FDFAFC91237BF4DFDCDC37F475D5D51FE8F3326F397FD6595DCDE67B851A35EA16AB197E455F7EF26499B5877BBD3A7A749F73F99225F3F463494B5BAAE6CF7F425F5655F5BEFEBB79F39BCEE3282BCBD397D5D5FD4DFF2D2F77EFBD96C7B366CD629591B1DCEB71DBD36565BDAA8A8ADE51393929FA31CB79F95FEC79FBFB9FE57F90E7AF478FEE6AD0A001FAB1DA8FF7D0A19D5ECF8DB57CE61AEE43C7558002000000E887C0000BDD86FB50BD2A2ECE56FBF665A9DADA4AAF3A7C7897D920AEF47B1BBB4E35DCFEAFDFBC798D1A3A74A0CACE5EAD9292E6A873CE39DB6C9ADF53679E7986BAE79ED16613BBC16C6A0F3AD3DBCDA54C5B5555A6525393549F3E97A8050B9ED697CBF4EE66BACCEB3632BD9C76B9FEAA4A4A72F465C9C9CFE9799596BEABAF3B7A74AFBE3C252551F5EB77A9D9CCC73AB7B7EF579E07396DDFF7AA557FB2F6FEBFACF7EEDBF3B11F8F34E081FE77D9732FD7CB74F21CDBF392FBF29CCEFA9FBF6AA0D1A6E106000000FD101860A1DF70FFAD5E2D59F28CBAFCF21FA9AD5BDF54AB572F5037DD3448CD9A355D9F97DBE4E7A7FBBD9DD4A986FB6F01CBD07B92DD7B96E7CE7D581D3FBEDF3A3C7CA7BE5ECE7B4E9B90F084EADDFBDFCDA6FA3D9598384B5F3679F22FACCF6A4FD187A9DBD3D7D67EE834A415155B5466E672FD268167C975DBB7A7E9E9B3B25E519595DBBCE66FE8BDE06FE8DB76EF7EA11A34A8BFBEFCC489036ACD9A4566C37FB19A366DA28A8D1DA22FBBF2CABE6AC4889BF47DCB6391370FE472FBBE643AB92E2AAAB7BAEAAA7E66D3FD9AD7BCDC6F62783F3F144551144535A9AACCDA67569659CF98156B5617366101FA2130C042A4E13E58AFE4F27BEFFDA93E9D92B250EF85F6BC2E3D7DA9DFDB49B91BEEABFC5E575D5DA6FAF7BFD26C3057E8FBB9E79EDBF5E9E2E28DCEFD5E70C1F9AA478FEFA943870A9CF949932A0D7062E2D3BA6995E676D5AA17ACCF62EF70FECAF4C9C9CF5A7BA6DFB11AEBB57EFF3FFB7F3871A2D8FA3C758E3E7FF870A1F3D8EC6957AFFE933E7DECD85EE7B2CCCC65EAB6DB86EAF9C9650B163CA91BED9A9A72FD7F7ACE2B2DED25E77C5555A9AAABFBABF586C066EBB3EBD9F51E9FB57C5E36EB1B2334F7707733ABAF5923CD7ADCAC1CB33E312BC1AC9EAC3A8066E7481A856DE408E0F508A01F02032CA21AEE8FEAD5A986DB7D7ADAB45F795D979EBEC4EFEDA42EBB2CCA6AB8FD5F5F5898AE6FEF6E6413F4A1DC76E3E9727D58EFFEE5FCE2C57374A37AE4C84E959A9AA89BF6CA4AF767AD8F1EDD6D7D863BC36C642B5552D22CEB0BD2FEAC6F9F91F1B2D9D42F571326DCA54B4EDBD7D7D4BCEF34AF325D7E7E9ADEB3BF7DFB9B5613BEC96AE6B7D77B7E468DBA598D19739B6E96E57F3E7E7CAFCACA5A697DDBFA2AAF69D3D216D77B1EE2E367EA3716A471F7F7FCFB2CA7570234DEA1A6B7D534C886CE7DAC3E8016E728D1ACCFCD9AC1D301F07A04D00F810116D60DF75FEB95A17F12EC09555D5D6A7D51DA1BBA09ADABFB5037ACFE6E63D7A986DBFFF5870FE7ABE5CB9FB37EA6EB61B3D9CE53175F7C919A3367BA33EFF4F497BC1E4B62E2536643BBC76C7CB7990DF7427D596D6DB9B59738CF3A04FC75B389CE319BF60AA7990FF4183CE771F2E401E771C9FD1BFA0BD30ACD467AA3F559F0597E6F2F0DB7FD7FCA7CE5F3D9F7DCF35FFAB672FDFCF98F39D3CAF5274EEC53D75C73B99A356B9ABE5C9E53437FE6FB55BFF71F6079F9EEF10E55B2A741F630BC69D6B9AC468016E7A8C4701F264B8E005E8F00FA2130C0C2B3E1AEF45BD2E01AFA67BB1ED5E74B4BB39D3DAB3535EFE9CB8E1DDBAD6EBF3D56D7A44963CDE67195DE6B7BD145BDF469A994943F595F4296A16F63E8CF4AE75BCD72AED9D03E6D7D4B788573BDBB19AE74CE0F1AF463B3D15FA6D2D216A9E4E467F43CECEBE43E0C7D88F7CB5EB72929C952F9F96B75132C3561C2185D723FEE267893D904BBBF34AD67CFEFABE262F797A4E5E6BEE63CBEC58B675B7BBF97783D3786FE02B667CCA6FF7DFDD8EEBFFF17EAE8D19D6AEEDC19EABBDFEDA2EFCB735AA955AB9E77FE479987CC539E1F7B9EBEF7DFC872B3F7788732F9FC5CA6B59103A065BA5939CA32F84C2AC0EB11403F0406583836DC1F7A5576F64AB3795DAA7AF5EA6136DD45F5AE97DB4C9D3ADE395F53535A6F9A40555B5BA6A797FB97FB39766C97D570AEF6BA7FB9DEF3FCAE5D6FE9D32E57B9F50DDFEBF5F9BABA0F9C69366F4EF1BACDFCF933F5F4FE1E875C5F5898A64F1F3CB845FF95CF8E5756E6E9FBE9D7EF12675A9997FB0D83755EB73F72245F5FB77DFB1B6AC488616ACC9838BFF393C76E5F5E5ABA51DD70C3B566233FABDEFDAF5E3DDFEBFE23682347F62C70381FD0BAA65BF6743FCA5301F07A04D00F810116760D774558555D5D799B4C13ACC7D292E9236CDCC9E17C1F1B7C710DD0DA1C7D4A8E005E8F00FA2130C0C2AEE1FE800AB18AC071275F5C93C0EA046895447204F07A04D00F810116760D773915621581E34EBE2D56BE2996CFA002E408204700FD10D0911AEEF7A910AB081D77F2D9B938562940AB6C234700AF4700FD10186061D57097512156113AEE1E37DC87F20168B9D9E408E0F508A01F02032CAC1AEEF7A810AB081D77230DF74F1B01685D8E72781A005E8F00FA2130C0C2A6E12EA542AC2274DCC9B7C3EE639502B43A47153C0D00AF4700FD10186061D370FF850AB18AD07127BF255CC52A052047003902E887800ED47097502156113CEE586103E40820470079013A52C37D800AB1A2E106408E007204901730C022A2E12EA642AC68B8019023801C01E4050CB08868B8F753215634DC00C811408E00F20206584434DCFBA8102B1A6E00E4082047007901032C221AEEBD5488150D37007204902380BC800116E6CE3CF38C6F6B6A0ACC266F0F1522F5E597F907CD45E3224F00C811408E00F202065818EBD7EF8747F3F296988D5E111522B56EDDF3EBCD45B39B3C012047003902C80B186061ECFAEBAF593B7BF6641ADD10AA51A3AE4F31174D3C7902408E007204901730C0C258EFDEDF8BEEDDBBC7D72ED74E9ADDD0A88F3A75EA546A2E9A18F204801C01E408202F608085B95EBDBE5F9490F020CD6E08D4C891D72F3517490E7902408E007204901730C02243DFF3CF3FA7BAA060054D6F3B565EDED275E6B2F8C4AC2BC813007204902380BC80011639627BF4B8F09F34DDEDD76C77EAD4A9D25C0E23C913007204902380BC800116814DF719677CF7E4DCB9533EE333DDC1FBCCB67518F9271DA0D966850D9023801C01E405E8D003AC6FE7CEDFC93EF7DCB38F4D9A74E7DE8D1B5FFCA4A6269FC6B80DEBCB2F771C949FFE926F23B7BE204D3EB37D057902408E007204901730C03A86ABCD9A6DD636B36AACE7816A9B7219EEDFD9969FFE8A214F00C811408E00F20206184259A6B5ACBAF0549027801C012047007901030C6D43F612BBAC6515C7D3419E007204801C01E4050C30B48D74E3D4E1DABB793AC813408E00902380BC800186D61B609CDABB6DD7489E16F204902300E408202F6080A175328DFA5F4A267BB9F92C377902C811007204901730C0D042FEF66EDB359AA7873C01E408003902C80B186068992C23F04F6F15F0F49027801C012047007901030CCDD7D0DE6D3ECB4D9E007204801C01E4050C30B4506623CD36DF584E9E007204801C01E4050C30B0AC584600C811408E00F20206185856601901E408204700790118602C2BB08C007204801C01E4050C30B0AC584600C811408E00F20206185856601901E408204700790118602C2BB08C007204801C01E4050C30B0AC584600C811408E00F20206185856601901E408204700790118602C2BB08C007204902300E4050C30B0AC584600C811408E00F20206185856601901E408204700790118602C2BB08C007204902300E4050C30B0AC584600C811408E00F20206185856601901E408204700790118602C2BB08C007204902300E4050C30B0AC5846003902408E00F20206185856601901E408204700790118602C2BB08C007204902300E4050C30B0AC5846003902408E00F2827091690DA8866A374F132B03B08C007204902380BC00CD33C02C57230DF7489E265606601901E40820470079019A2FAB8166BBC0AC2E3C45AC0CC03202C811408E00F20234DF80061AEED13C3DAC0CC03202C811408E00F202B49CBFCF72CB67B7D9BBCDCA002C23801C01E408202F402BF8FB2C379FDD6665009611408E0072049017A00DA41BECDD6665009611408E0072049017A0CDC57834DC713C1DAC0CC03202C811408E00F202B41DFBB3DCECDD6665009611408E007204901784C11253AA6B5252D28CF1E3C7EF8F8E8EAEE9DAB56B43BF7B4D05A8CE9D3B7F7BC925977C3A78F0E00DE6DF618C2C56062C23801C0120470079E9C0962D5B76DFB061C3AAA3A2A2D4ECD9B3545E5EAEAAA9F9D2ECC1BF0DC972BF3F109A8F4D9EB782827C151FFF9CEAD3A74F6DAF5EBDF69B8FF70A5606601901E408003902C84B07939CFCF2BA9E3D7BAA84841794CB556B368D75541B5662E242D5AD5BB72FCF3EFBECDB5919806504902300E408202F1DA8D9BEF4D24B5541C10EB339FC863A4D555252ACBA77EFFE2FA363FE8C192B039611408E00902380BC742CCB962DBD4FF66C17146C379B4297572D5DBA488D1C19A7860FBF59DD7CF38DEA96D8612A716142BDE9A8A65749C97E75D659677D6E74BCC3CB5919B08C007204801C01E4A5032D1DA5BA0E1B76637542C2F3E6C9AFBD6AC5F2A56AC44F86AB31778ED2356AE46D2A3676A81A38F05AB55037DD5F532DACF8F8799F75E9D2259795015846003902408E00F212A1929216CC888AFA8172B9AACD46B0D6ABE286C7EA46FB965B863975EBAD37A9C183AE339BEEE87AD353CDAB0B2FBCF063C3FD7BE2AC0CC03202C811007204909748337EFCB8FDB3673F6936805FD5AB218363D40BF3E7A9CCB7D354D28B097ACFF6F54306EACBE5B4CBF585DFDB514DABA953EFDF6D2E82785606601901E408003902C84B048A8E1E509397976D368035F5EA57BF1AAF3EF9FBC76ADBD67755D63B196AD52BC96A5DFA1AF561C5FBEA379327AA6FBEF9C2EFEDA8A6D5962D3947CC45B09B95015846003902408E00F21281BA76EDAA6A6A3E331BC0EA7AF5D8CC875561C156B5B3709BDABB67972E39BD73E70EF5D8630FFBBD0DD5F492E7DD5C04AE0E32D4E2AC95411CA963850D902300E408202F1D660129F545BD72B9FEA966CE9CA126FD7A82DAB52B5F951CD8A76BCF9E9D6AEA94FF55D31F9CA2BEFAEA33BFB7A59A5E1D2420B166C9B7B227587F47123B56D8003902408E00F2D2411AEE2AAFAAADFD4CAD5DFBAA8A8EFEB1AAF8A04C3D386D8A57151515AA01FDAF56AFAD4E5635359FD6BB3DD5F4EA000189F569B2650FF7A734DDACB0017204801C01E4A58334DCFF72EADB6F4FAAB73352D5A081D1AAB2A25C1D28DEAB72366D50E96FBDA1525E5BA9925F5E6436E329FAF0F2EBAEEBAF525357A86FBEF9DCEB3EA8A6578407C4B7D96EEC72B0C206C8110072049097486BB84F3AB56DEB46FD5BDBD264E7E66E526FA5A5EA467BC5F225EAA5C50B55C20BCFAA67E63EADBF406DF1A2056AE88D43D486F56BBCEE836A7A457040E21A69AAEDEBF94C372B6C801C0120474084E6A5B75953CC7AD3AC0AB3AAAC075C63D64766A59B35C39A2E821BEE7F3AF5D8CC87F437914B63BD2C79B1AE252F25AAC485F3D5F3F173D51FE73CA99EF8C3A36AC6F4DFAA279FF8BDD96CA7AB87663CE0751F54D32B425F509ADA4CB3A79B1536408E0090232002F332DAAC1CABC97ED9ACBBCCEA6BD6B9D6F5F237CA6A0412ACE9F2CC1A17990DF7E74E49C32D3F0176F75D77A8D7535ED18DB634DFCFCE9BADE6CC7E423DF7EC1CDD744B133E72449CDA94BDDE6AB83FA75A5011F882126B346FCF7573A7071B38003902C8118010CD8B34D159669558CD749766DC561A02F9CDE46D665D1A590DF709A7F6EFDFAE7EFFE874F5D3BB47EB865A0E25F757313103D42FC68DD57BBB8B8AB678DD07D5F48AB0179496EEB196DB55D174B3C206C811007204846F5EC69AF589E13E44BC4B2BEE678A753F91B2B7DB6CFC3EF32AD7D7FF505F7CF1B18A7FEE691537FC263564F0756AE0C06B55CC7503D440B3D1BEF186C1EA770FDCA74E9EFC9B9ED6F7F654D32B825E505A7B78388797B3C206C81100720484695E64235E3E931DD346F777B5757F1323A3E13E4EB55345C80B4A635F9016ECFB011B38003902C811405E8264ACD51C47B5F1FD4659F71BEE7BBACDC6EF53AA9D2A025E50DAFADBC6D9D3CD060E408E009023204CF2224DB11CFE1D739AEEFF6AEBFEFB8677C37D8C6AA70AF31714DF2F3CFB8E59BFB4FE3687EFEDF822353670007204902300619017F926F219A7791EF299EE6DE1DD70FF836AA70AE31714DF3DD1D22C2FB3FE9F65CD68BA03DD8EA69B0D1C801C01E4084008E7457EFA4BBE8DBC6B10E6B5CF08DF43CBCDC6EF28D54E15A62F28FE0EFBFEA5F5BFA86634DD9ECDB65DE33DAEE733DD6CE000E40820470042342F3941DC509706245CF7729B8DDF27543B5518BEA0046A82FD35CF0D35DDFEA64FF6333D9FE96603072047003902106279E96DB8BFD0AC4B10E75961B4FD17B3B5F60D87214D6BB88F50ED54ED1490A68E8D40CD765C339A687F4D77539B6DDFA69BC3CBD9C001C811408E0084405EE473D58B833CCF78E3F47F5EBCB94FBCB29AAB98861BEEBFB7AAE43ED2D39739A7B3B353F4E98A8A1D016F5352F2AEDAB76F93DAB56B83D7FD789EB7EBE0C19DEACC33CF68D2E3183BF6F67A97AD59B3C4EFF45959ABD5F9E79FD7E2FF3929696E9B3C77213C365AD2F436D67437B7D9F69CFFA7067BBAD9C001C811408E00B47B5EDE34EBAE20CF531A81CC106CB8EDCA32FCEFD5341BBFC3CDAECE9D3BABC4C4D966335CA8EF3F3EFE71E7B434D3D238BB9BD9C366E3BD5D6566AE741ECB860DAB74633C6EDC9DFAB45C76F87091FE2BD3FA9B9F5C77D6595D033E9EA347F7E9697AF7FE777D9FBD7AFD9B4A4979D16C8AFFA82EBFFC47CE7C4E9E2CAB77BFA5A5B9AAB2325F4F3366CC4FD4C4893F73A62F2CCCD4D3E5E767E8CB264CF8A9FE2BF38989F9B13E2D9591B15C5D7CF145CD7E1EDBB9E16E6C6CF836DB4D6D760335DD9D5AD86CDBF84C371B38003902C8118010C88B1CDE7D6990E71965D6C721DC707BEED51CE2DD707FDCE292DB4F9F3E491D3BB65F9F3F72648FFE9B9BFB86BEAEBAFA037D5E1A72BB69CECC5CA1468DBA454D9AF473B3597DC569840DBD877BBD9EBEA4E4CFBAF9959269A479EED9F3FB7A5EF66DC68FBF4B4FEB727DA41B5E392D8D767EFE3A3574E8403577EE23CE6394C6DB7ECCC78F1F5083060DD0F7633F2EFB711B7A6F7DB2733A2D6DA9737ACD9AC5CE7DC81E77B9AD7DFEBBDFEDA21E7FFCB72D7AFE42786CB4A4D96EA8E92E6F45B3DDDAC7033670007204902380BCB4912AB3CE0DF23C657E3561D0707BEED58C7137DC879A5D9B37AFD14D6D76F66AB3999DA3CE39E76CB3697E4F37A2F7DC335A15156D507575079DE9EDF9CAB45555652A353549F5E973895AB0E0697DB94C2F7FE53A7FF3BBECB21FAAE8E8AB033E1E99EF881137A90913EE361BE9956AF1E2B97A0FB434E8F66572FF292989CE6DE4F1C965656579AAB838DB6CDCFFAACF6765AD721EB33C4E395D5353A14A4A72CC66BD58975CB772E50BFA7465E576DDE8B7E4790CB186DB776CB4768FB2BFA6BB35CDB66FD3CD67BAD9C001C811408E00F2D28142AAC2B194FA5B8B4A6E5B5E9EA7FFCE9DFBB0D97CEEB70E0FDFA9AF97F39ED326243CA10FC5AEAA7A4F2526CED2974D9EFC0BFD77E6CC29FA30F540F33AD570D7BFCE9EEFA14305FAEFA851B14E939D99B95CBF1970F060BE2A2DFDB3D7ED9E78E201BDC7FDEEBB47A8AD5BDF5415155BF4ED8F1EDDE33CE6B4B4255EFF434ACA42555BFBA1B5277CA93E9D95F58A9E474B9FC310AF845666420E23F7DDB35D6E5DDE1A09D67D75631DCB060E408E0072049097E0620F77E0066AB7E1DE63697F83BBD9F81D6C56555797A9FEFDAF341BDA15FA3EEFB9E7767DBAB878A3D3885E70C1F9AA478FEFE926586E23975F75553FB579F31B66B3FDB48A8AEAADF748AF5AF582BEEEE0C11DCE5F7B3EDBB7AF5513278E553939ABF5E1E452329FE5CBE3F5B42ED787F51E9B3D7FFB7C6D6D85BE4CEEC377BAD2D21CE7793971A2D86CE8AF52B1B143BCA6494B7BC9EBFC9021D73AFFB73C36392D7BB7EFB86378B39F47FB3E43786C34F6ADE48D69680F77537EA73B10F670B381039023801C0168C7BCF019EEC69B29E354C3FD51B3ABB030DD6C6C97E8FB5EBD3A41F5EB77A9AAA8D8EC34C2EEC6778933BD9C5FBC580E272F55478EEC54A9A989BA69AFACB4F72AEFB63EC39DE1DCA6B6F603E7F4659745E986B8B1C725F721D34D987097D90C2F579999CBD479E79DE335CDC183DBF57D4B19FA5BD557A9DCDC14ABE1DFEECCDBD08797AFF4BA6FFB7F32F497BF2DD7A7A599777F415CF39FC71069B8038D0DBBB9AD324ECF67B85BD274F3196E3670007204902300ED9C17BEA5FC54535360D66823F06F929B8DDF5F9B5D870FE7ABE5CB9FD3F39837EF61B3D9CED3DFD23D67CE747DBDBB397DC9995ECE27263EA58E1FDF6336B5DBCC867BA1BEACB6B6DCFA7672F7A1E99B37BFEE777EA71AEE861F97DCC7238FDCA7E76197BB715E516F5A7BDE95959BD5B16345CEE390EBCACBDF75AEF3BCEFD8D8C1BAD136F41EEEFFD6A7BB77BF404D9F3EB145CF633B37DC8D8D0DDF26B7A97B9403FDF497BF6F296F4ED3CDB794B381039023801C010881BCF03BDC0DEFB5F469B82B9B5D86FEAC76BED5A4E6AAA424F7979FD5D55538D7BB1BEE53D30F1A243FA3B54CA5A52D52C9C9CFE843CEEDEBE43EE46F66E6CB7EE777AAE1769F77B93EB00E05DF5BEF7179CED7BECCDFFD5657FFC5DAABBDD5FA0CF876FD38E47239E45D1E6F43FFBFFC2F2D79EE7CEF2784C786BFA6BBB166B7B1DFD96EEC77BA031960F03BDC6CE000E40820470042222FBDCDFAA8990D456BC961EC51E1B88094FAB059555B5BA66A6A4ACD2676A96E988E1DDBA5FFE6E6AE76A67137B94BBDCEEFDAF5963EED72B9F72C1717AFD7E7EBEA3E70A6D9BC39C56C784BD41D77DCAAE6CC7950C5C73F6A36C45BD4E4C93F5753A78ED7A7A5F2F3DF54E79C73963A7972BFD763339C43CAC7E8DAB021D96AE8DFADF77F54551DB0BEB8EDE7FA31D98F45DE0CF0FD7F7CCBD07BCD9737FBB9F3773F6134561ADBC3DC58B36DB4B0E9B60F6B1FCDFA940D1C801C01E4084068E425C708DEDE306908B685EB0252AA22E85557571E56F77BBAE613862F2881F67437B5D96E6ED36DCF8F669B0D1C801C01E4084008E54536D04B8CE0ECE5964374C7856FC3FD01D54E15A62F28B2A7DBF7F0EE5F1ACDFF9D6D7F4DF7789FF9F0996D3670007204902300219A973CE3F47FAE5A3E2FBECD08EEE1EB6DDC709753ED5461FC82E2FB93619ECD73539A6DA391DBF1D35F6CE000E408204700423C2F51667D6256CC69BAFFABADFBEF1BCE0B48A9F7A976AA307F41F13DBC5C9AE5F146F37FEACBF776ADFDFD6FB081039023801C01E42548C61AEE2F508B3A0DCDBCDCEFB8705F404A9551ED5411F082D2D6BF8BEDEF7075B081039023801C0108E1BC4CB09AE3B6DAD37DB5757F8F46C20252EA3DAA9D2A425E50DAAAE96EEBE61D6CE000E408204700790912D9D32D7BCEE433DDADF9BCB57C66FB13AB898F8805A45429D54E15412F28AD3D0C9CC3C8596103E408003902C23C2F5186FBE7C24A5AB0612F7BDF0A0CF717A4F58DA405A4D45FA876AA087B4169E9B78AF30569ACB0017204801C01119497BBACC65B0E0B5F6CB87F42EC52B3CEB5AE3FD76ACEA5018837ABC26AB42718E1FB6DE40D34DC25543B5504BEA034F7B0700E2367850D902300E40888D0BCF436EB7766BD6935DF35D60396BF1F9B9569B80F418F8AE405A4D401AA9D2A425F509ADA440F30ABCA7AC30BACB0017204801C01E425121BEE62AA9D2A8203126735D3710D5CFF29CD362B6C801C012047007989F0867B3FD54E15E10109B4A79BC3C8596103E408003902C84B4769B8F751ED541D2020BECD35CD362B6C801C0120470079E918CE3CF38C6F6B6A0ACDE66F2F15E4FAF2CBFC83E622707580616637D90934DBACB0017204801C01E4A5C3E8D7EF8747F3F2969A0DE01E2AC8B56EDD0BEBCD45B0BB830CB5386B65C04F7FB1C206C81100720490978EE1FAEBAF593B7BF664B3012CA2825CA3465D9F62B87F768E95015846003902408E00F212697AF7FE5E74EFDE3DBE76B976D20407B73EEAD4A953A9B908625819806504902300E408202F11AA57AFEF1725243C48131CC41A39F2FAA5E6539FC3CA002C23801C0120470079896C7DCF3FFF9CEA82821534C341A8BCBCA5EBCCE7FC13B3AE6065009611408E00902380BC44BED81E3D2EFC274DF7E96FB63B75EA546974CC6FEA6665C03202C81100720490978EDB749F71C6774FCE9D3BE5333ED3DDF69FD9B60E23FFC4E8B83F8BC5CA806504902300E408202F1D5ADFCE9DBF937DEEB9671F9B34E9CEBD1B37BEF8494D4D3E0D730BEACB2F771C5CB7EEF9F5F26DE4D617A4C967B6AF6065009611408E00902380BC746C579B35DBAC6D66D5580B926A5EB90CF7EF6CCB4F7FC530A45819B08C007204801C01E405002B039611007204902380BC006065009611408E007204901700AC0CC03202C811007204901700AC0C584600C811408E00F2028095015846003902C811405E00B03200CB08204700C811405E00B0326019012047003902C80B005606601901E4082047007901C0CA002C23801C012047007901C0CA806504801C01E408202F0058198065049023801C01E405002B03B08C007204801C01E405002B039611007204902380BC006065009611408E007204901700AC0CC03202C811408E00901700AC0C584600C811408E00F2028095015846003902C811405E00B03200CB082047003902405E00B0326019012047003902C80B005606601901E4082047007901C0CA002C23801C01E408007901C0CA806504902300E408202F0058198065049023801C01E405002B03B08C007204902300E405002B039611408E00902380BC006065C032E22900C811408E00F2028095015846003902C811405E00809501CB08204700C811405E00B0326019012047003902C80B005606601901E4082047007901C0CA002C23801C012047007901D0629956F81BAADD3C4DACB0017204801C01E40540F30C30CBD548C33D92A7891536408E00902380BC0068BEAC069AED02B3BAF014B1C206C811007204901700CD37A081867B344F0F2B6C801C012047007901D072FE3ECB2D9FDD66EF362B6C801C012047007901D00AFE3ECBCD67B7596103E408003902C80B8036906EB0779B1536408E00902380BC006873311E0D771C4F072B6C801C012047007901D076ECCF72B3779B1536408E00902380BC006843035819B0C206C811007204901720F453A554D7A4A4A419E3C78FDF1F1D1D5DD3B56BD7403FBF4535A33A77EEFCED25975CF2E9E0C18337987F87B1C2264714392247E4881C912372448EC80BD0812C5BB6ECBE61C38655474545A9D9B367A9BCBC5C5553F3A5B9AEFE966A65C9F3585090AFE2E39F537DFAF4A9EDD5ABD77EF329BF820D1C7244912372448EC811392247E488BC00112E39F9E5753D7BF65409092F2897ABD65C99D451A7B1121317AA6EDDBA7D79F6D967DFCE060E39A2C811392247E4881C912372445E80085E295F7AE9A5AAA06087B9D2F8860A52959414ABEEDDBBFFCBE818BF1FAEC811458EC811392247E4881C9123F2027428CB962DBD4FDE012D28D86EAE2C5C5EB574E9223572649C1A3EFC6675F3CD37AA5B6287A9C48509F5A6A35A5E2525FBD559679DF5B911F987F32972448EC811392247E4881C912372445E800E43BE4863D8B01BAB13129E374F7EED552B962F55237E325C8DB97394AE51236F53B1B143D5C081D7AA857AE5FC35D546151F3FEFB32E5DBAE4B281438E2872448EC811392247E4881C9117204224252D981115F503E572559B2B885AAF8A1B1EAB57C8B7DC32CCA95B6FBD490D1E749DB9728EAE373DD5BABAF0C20B3F3617490C1B38E4882247E4881C912372448EC811790122C0F8F1E3F6CF9EFDA4B962F8AA5E0D191CA35E983F4F65BE9DA6925E4CD0EF805E3F64A0BE5C4EBB5C5FF8BD1DD5B29A3AF5FEDDE622896703871C51E4881C912372448EC81139222F4004888E1E509397976DAE186AEAD5AF7E355E7DF2F78FD5B6ADEFAAAC7732D4AA5792D5BAF435EAC38AF7D56F264F54DF7CF385DFDB512DAB2D5B728E988B64371B38E4882247E4881C912372448EC81179012240D7AE5D554DCD67E68AA1BA5E3D36F3615558B055ED2CDCA6F6EED9A54B4EEFDCB9433DF6D8C37E6F43B5BC6439988BC4C5060E39A2C811392247E4881C912372445E800879D151EA8B7AE572FD53CD9C39434DFAF504B56B57BE2A39B04FD79E3D3BD5D429FFABA63F38457DF5D5677E6F4BB5BC227CA5A6C811392247E4881C912372448EC81179013A58C35DE555B5B59FA9B56B5F55D1D13F56151F94A907A74DF1AAA2A24235A0FFD5EAB5D5C9AAA6E6D37AB7A75A5E6CE090238A1C912372448EC811392247E40588A815F3BF9CFAF6DB93EAED8C54356860B4AAAC2857078AF7AA9C4D1B54FA5B6FA894D756AAE49717992BED147D18D275D7F557A9A92BD437DF7CEE751F54CB8B0D1C7244912372448EC811392247E488BC0011B5623EE9D4B6AD1BF56F32CACA383777937A2B2D55AF90572C5FA25E5ABC5025BCF0AC7A66EED3FA8B36162F5AA086DE38446D58BFC6EB3EA896171B38E4882247E4881C912372448EC8117901226AC5FC4FA71E9BF990FEC64A59012F4B5EAC6BC94B892A71E17CF57CFC5CF5C7394FAA27FEF0A89A31FDB7EAC9277E6FAE94D3D543331EF0BA0FAAE5C5060E39A2C811392247E4881C912372445E80885A317FEE94AC98E5A722EEBEEB0EF57ACA2B7A852C2BE967E7CD5673663FA19E7B768E5E39CBCA7AE48838B5297BBDB562FE9C6A836203871C51E4881C912372448EC81139222F4044AD984F38B57FFF76F5FB47A7AB9FDE3D5AAF78E590237F15133340FD62DC58FDAE6851D116AFFBA05A5E6CE090238A1C912372448EC811392247ED24D37ACC0DD56E03407357CC9F7995EBEB7FA82FBEF858C53FF7B48A1B7E931A32F83A3570E0B52AE6BA016AA0B942BEF186C1EA770FDCA74E9EFC9B9ED6F7F654CB8B0D1C7244912372448EC811392247E4A89D0C30DCBF1DDE50C33D92F60968F68AF9381522C5060E39A2C81139A2C811392247E4A81D6535D06C1798D585F60968F68AF9532A448A0D1C724491237244912372448EC8513B1AD040C33D9AD60968D18AF918152215C11B0171D6FF16478E2872448EC811392247E4881C85347F9FE596CF6EB3771B68D98AF91F548854846EE0C49AF5B95909D6DF91E4882247E4881C912372448EC851C8F2F7596E3EBB0DB47CC57C940A918AC00D9C589F8D1AD9A3F06904AEB419BFE4881C912372448EC8111549394A37D8BB0DB4D58AF9132A442AC236706203EC41888DC03D0B8C5F72448EC811392247E4888AA41CC57834DC91FA110C20582BE623548854046DE0C435B211635F1F478E2872448EC811392247E4881C8524FBB3DCECDD065AB762FE3B152215211B384DDD7889A43D0B8C5F72448EC811392247E4880AF71CF5366B8A596F9A556156B5F53FD498F591E13ECC7C86351D80A6AF980F53215211B08113DBCC3D05CD9D9E1C51E4881C51E4881C912372D4B6E4E7BE72ACC65A35B1F2CC1A472B053469C5FC31152215E61B382DDD4320B7AB0AF38D1CC62F392247E4881C91237244855B8EA2CCCA6A4693EDAFB69975292D15D0E08AF910152215C61B38AD3D1C2FDC0FE763FC922372448EC8113922475438E568ACE1FEA67ECFE6D96535E013CDBAC2ACEED6B4DDCCEA6BDD460E37F7DD132E6F54B1B71B08BC62FE5B934BA6DFBE3D4D9595E5EAD3478EECF63B5D6E6EAA1A32E45A3571E2583561C2DD5EB561C34A9599B95C35346FB96EEAD4094D7E5CAB572F50175F7C51C0EB2B2BB7E9FBACAE7E5F574646B2EAD3E762E7FA8307F3BDA6DFB5EB6D555CBC519F96BFB5B51FD62BB9BFCD9BDFA8F7B8972F8F77CE5755BDD7ECE7370CC750635F4813ECFB2147E4881C75801C51A7B7C81139A2223A47230DEFDFD996D3F1867B8F7753F4B4A6F7FDADEE89B45680DF15F3C126555151A60ED31D770C3737F657E8D3F7DF3F5E9F3EFFFCF3D482054F3AD3CA7999CEF3F6BD7AFD9B1A3A34469FAEADAD500DCD5BAEBBFDF65B9AFCD87AF6FCBEBAE186E806A791C640A6A9A8D8ACEF3F367688D9B02C73FE17F706BEF763904640FE8E1F3F466DDDBA464F23E79F7AEA77EA9E7B6E573939ABF5B4BB7665E8EBE7CF7F5C5F2F97A7A5BDA42EBFFC47FA36070FEED0972F5EFCC7061F63186EE0B4F5B7BB86EB9E0572448EC8511073449DFE2247E4888AD81C8DF56994CB0CF7DEEC9690DB95F834DDECE906EAAF983F6AB44E9E2CD121EADFFF4AE732399F9EBE449FDEB76F83D7F4A71A855397A5A6269A1BE5CBCD8DE6ED66A3F0816A68DE729D341681AEAFABABD4F761D779E79DA3468CB8C9397FE2C47E959F9FE64C2F1BF2D24C1416A6AB6BAEB95CDFBE73E7CE7A435E1E4F75F57BCEB42ED787FAAF5C26D3CB6339766C8F4A4E9EA7CE39E76CFD3FAC5993A4A2A27A3BB791EBE539B0E72FB73974285FFF95E9EDE7CFF779F2F77F87D1D8F1FD8299EF98F54BEB6F73F8DE2E1CBFB8861C91237214A41C51C12972448EA888CC5194E17D18B97CFEBA7B2BEF530E37CF31BC0F2FEF4B8B0578AD98FFDA605555FD45F5EEDD53656626ABB3CEEAAA1E7F7C8ACAC97955876AC284BBF4E98B2EEAE5759BEEDD2F5059592BD4F0E137A849937EA63796657AD9D04E4D5DA82A2AF254A079D7D5B90F339566A3A1C73464C800356AD4CDCE6319376EB43E2D3577EE435EF75F54F4B6B5F1BE439FCFCE7E459F2F2C7C4BFF3D7E7C8F336D6969B6BEECF0E17C959BFB9A73BDBB317A494F23F3F07D7C72FDBDF7DEADCACA72F4E9DADA72FDF7E041F761B8F2181A7BAEC36803C7F79D7FD93859663DFE65CDD8C80974BB70DBC82147E4881C05214754F08A1C91232A2273E4D91897B541B3EDD97497F834F2004EAD982B1BACAAAA12FD77C38665BA21C8CE5E696EFC6ED581CACF5FAB4A4AB2D4C517FF5FAFDBB8F7CCDDEA9CB737B86FBF3D569FAFAD7D5F059AF7BE7D99CE9EB9BABA8A461F9F944C2F0D887D3E236389B5E7CC7D3E2D6D913E14B6BCFCCFEAAAABFAA959B3A639D71516A6E9DB5F73CDFFF3BABF871EFAB5D9D0E43A4D83FC9D39F337FA7F4F49F99373FFF2FC44475FA5A64E1D6F3603197A3E324D72F233EA820BCE779A0CFB796CECFF08C38D1BC3DA23E07938515336723C376EEC1AEF717D387D868E1C91237214841C51C12B72448EA888CBD168C3FB33DB57B4F1FD5F61781FAACEA1E5C0A915F3874DAAF4F4C5EACC33CF301B8664B56AD5F3FA50D2471EF95F7DFEBBDFEDA2FFDAD39E6A143E34379AB7384D823D4D6D6D990A346FB97CC48861CE067C5DDD070D3E2EFBFECBCAB29DCB644FA2ECB9F39C2E3373A93E6476DAB4FF5113268CD1258F476E9B9696E4F7711C3D5AE8DCB7FC9586406ED3AB570FE7FF9372B9CAD59123F9CEF9A2A275FA71DBF77DFC7891F5E558F90DFE2F61B0811368A3C3DFC64A431B39FEA64FF6337DB87C868E1C91237214C41C51A7BFC81139A2222E479E7BB7E34FD33C9E31D8CB0DF85B31573458B2719B93F38A1A3AF43A75DB6D37EAD373E64CD3619A3B77BA9A3469ACBE4CCEEFDA95A66F63370AF606765D5DB98A8AFA0F7D1F727D6DED7BCADFBC653AB93C2525419F97D3F3E7FFBEC1C727D3CC9BF750BDCBEEBEFB36AFCB366C78595D7EF965CEF537DC70AD733A23E32567BA4387B6EA69E5F29A9ABFE8BFE5E59B546EEEABCEE38E8F7FC46C220A9CDB54571FD097DBCF8F7D1BF99B95B5CC994F7AFAA246FF9720AD7087B462E326AE191B2DFE36729ABA71E3BB91D31E87F335F5B92247E4881C05214754F08A1C91232AA272D4DB38B5F7D9659D3F1DE4DBCB3D7F322C8A560BD02BE60F1AACBABAF795CB55E69C97E640F6D0C99EB6ECECE57E6F234D816C945754E4A8132776EB0D64431F5E3A515F5F5B5BAAFCCD5B2E9B3CF91EE7BCBDB19D92F282DFF9F4E9F3436BE3BFFEFDAC5AF59CD76599994BD49557FEA8DEF5EE8DF9E47AB71F34E8C7AAA8E82D7DDDA1435BBC36FEE58BA3E43A7B7AFBFFC9C959E9DCBEAC6CA3FEBB756B8ABE5C4EE7E6AE6AF0B90ED28AD99E8FACA0639A789BA66E6434B691D3DC8D1BCFF97FDA0E7B169AFA5C912372448E829023CF65BC7D7BAA333E8E1CD9E1773A192B4386F4571327CACFE9DDE955F286908C677FF33D7C789BD738B3DF18F3378F9292F5FA7AC97755D57EA724B79EE3DB5FC97C3CCF575717ABCACA771BFCBF93929E6CF4B979E49149F57269E82F1CCC68D6734C8E223B474D1903EE3738DDA7EDD72A19DB816E23799071E67EE3F8D4FDF89E9F39F3BE7AF39A376F863E7DF468BED775F66BC6F1E3BB1ACD905DF2583D1FA7DC7ED4A89B023EEE9A9A12FD3A9B9FFF867EBD993AF517FAAF7CD4ABB11C87498EA6784C97799A1FCF9B1EF39A41AB05E815737993AAA2C2BDC22B2DDD606EA82C55D1D1FF696E406FB6BEF4E94EB3A12873A675EF99BBC5397FF4A8FBE77C64452CE76B6BFFA27CE76DE82F6CFAAF7AF3CDC8586C7DB3F3E5E6C6C87EE772790C175CF07F9CF3C78FEF34379E5E529B37BFEAB1515EEEF5185CAEF7D49A350B74A3535CFCB6BAEAAABE6AC488A1E606CE9FEB3D969494F9FA4BAB4E9EDC637DC372819EBF9C96E9E56F42C24C3D7D4DCD01676F9F3C2E437F5E75ABF5654F796AE5CA79E6CA7F59A3CF719057CC766535F2CE68730FA30BB491D3A9851B37BE7B3482B991D3D4E78A1C91237214A41CC9C6AFA17F5AEF16679CDC7FFFCFF569F74FEB3D16304352F25186A143A30366C8731CC9BCAAAAF659CDEABA80D33DFEF86FF4E95DBBD6EAB16EDF66ECD8115ED94A4D4D5083065DA373B17CF95C3D8DE44DFE4E9AF4DF6673936435EFEFE9DBE4E7A7EAFFCBFD06C152FD318F9898ABF56929C9B5FBBB1FBC1F8F64C53E2D59F53DDD94224791FF7AE4AFE4634E89897FD0EB5C431F89F4B0735A5E7B648CBBBFECD2FD7A668F5F43FF9AC4523DE6E535C8771D2ED3061AA3F66B60595996F3DA23F3F49C7ED6AC07AC379E939CBCD8F3B0EF2B5086E576EE37E95EF7BA5E722AAF6172DD134FDCAFFF37437FAF4AAA5E37D8EB07C96D4B9FCF10CA9167133CE1343F9EB1416CEE817069B8DF6FB00E1FDEA23758264FFE9973D9860D4BF446B67D7EF56AF7EFEACA5FFBBC6CD84F9B36C1DC50B8C3ABE4B619198B943DEF63C7F2F56757650517E831C875EE15F716BDB12E7BFE9E7A6A4ABDE98A8AD2AC15F14FBD2E2F29C93457B4297ACFDCFCF98F785DB76F9FFB278BA64FFF1FAFE9E505A5AA6AAFF522F1BE3A72649BF519DA9BF579FB72A99A9A62AB81C8D1E7737296EBBF86FEEC6962A3CFB15DEDB462F67C6774482B376E1ADAC8296FC5C64D6B1FCFE97EAEC81139224741C8D1C99345CE1B479ECB3B3DFD45671C7A4E7FAAE13E75596AEA0B3A3F070FE69A1BD425CA77BEC5C5193A7B924D99EE9C73CED27F2FBAE8DFD5DCB90FD6CB847D7B43EF7D7E429FEED1E37B7ACF7AA0F129F7679F2E2D5DEFE4DECEC7F1E385CEF56BD6FCC9B9ADBCC9250D907D5E32FFF8E393F5E94387F2F4FDCA6D6EBA294667E654A3F3BED5D0BCA3FF3F72D4B173D4D4E52FEB73796DB1D7DDF23737D7FD711FF71BB7EFEBF128E7E5D737A4F91E356A987EEDB0C7A29DD95DBBDED46FD8DA972F59324B5D76D90FF43895D713437F29E65EFD579A6EFB71C89835F447AADEB38E90B28F6AD9A6B321AF83BE8F5D5E43E472B97F791D31F4911E2FEB2CCBEDFDFDAFF63AC4CE89BBE9CF756EDB9AE73144C64685C7E5579CE6C7D3D7635E1FD36A017AC55CD6ECAAAB2B6DD1EDA886AB9D57CC9EEF8CC6B4C13BF8FE36725AB371E3BB91131742CF15392247E4E834E7A8AA6A8FF5D37A8BAD9FD69BEC6C4CCB9B50725A9A62CFDBB87F5A6FA91A3E7C885713201BDED2785754642BDFF9CAFD4823EB3B7F77F31EEB9C9706D7DD1027A8CB2FBF54C5C60ED497A7A43CAF4FCB5F99CFD1A3DBEB8D4F791CB5B507ACBD672F386F70C946BFEC81B7A7ADA9D96F36F56F9B0D78812EF7DEBC67F4E9CACA4D5ED37ADEBF4C639F962358323292AC8F6B2CB7BE6F21891CF17AE4B7366F5EA58F00C9CE4ED66F20C9183E7972B77EB3E79E7B46AAA2A2B55EAF5DF6FC655AC9A88C67F998D2820533AD3DCC6BAD667A8FD76DDC6F4E952997EB2F7A8CCB65C9C973F4BCE44D28B94EB263E823A59E57FDFA5DA29B79FBF6F6FDCA9B6C72DAF37F38766C87B5A7FAF57A635A1E9FBFB1BE78F1933A6FEE37A9B2BDDE0C4B4B5B1809AF475F7A9CEF7E9A1F4F378F79D5D06A017AC5FC1E1522D5849566B02BA195E3AB939F3D09E5D6E5AD91106ACF15E3971C91A3D39BA3AAAA22FD77C3869774639D9DFDB23A78F0CFD686758AB9D19E611D5E7DEA36A79A64F7F9DCDC15D6111637E9F3B5B5C5F5E69B93B3CC6AB8DF6BF0BE8E1CD9A2A7B31FC3A143B9D621ED339D698A8BD3AD3D76AFE879A5A7BBF73A2F5FFE47B3E1F883D58814398DFBF1E3F9D637FB6FF31ACF2929F1CE6395FB90D3F246823443FEC6BF343CF6BC8B8ADE742EBFE69A7EE488D7A3262DFBF2F277ACEF2EF89D332E0F1FCED3D7CB79CF6913121E55BD7BFF9B1ECB89898F59DF2332D6FAACF6247D98BA3DBD3D8EDD8DED469599B94867DAB30C7DF8F76A3DBD8CF3CACA6CAFF9DB9992DBCA9B6AF2310DCFC76F3F5EFB3E3C1F6B5ADA02AF754A6AEA7C7DF99831B7EA75887BEFB9FBFB46EC0C79DE26025E8F82F5ADE9C19E1F10EA0D77291522D5CEEF84EEB6F61E74B1A66BEC5B605BB347A129BF8B1ACA7B147C9F2BC62F39224741CA517AFA42EBA7F516AB55AB9EB17E5AEF57FABCFBA7F5163BD39E6A924BCDC638C769B6ED696A6BF72BDFF9E6E4245B7B815F54F7DC3342DD7BEF9D7A7A437F19D9AFBCA63D71A2C03A6C76A7B9912FDF6F7040DFA75DF2A6C091239BEB8D4F7BFEEE067AA1B5977EB43EED6E12BCA71F32E4C7CE639838F12E7DDAFDB37AB1CE748585AFAB71E34659CDC84AAFFBB74FBB1B0772448EFC5775F51EFD710D7BACC9F897D376E32963498E98E8D1E34275E8D0BBCE38B9EAAA3E7ACC49B32D1F551A31E2469D4D431F969DE3FC95E9939367597BA6D33C9AE2FA63CF1EB776C64A4BDFD6E70F1FCE751E9B3DEDEAD5CF7ADDDE6ED0E54D80E5CBE7A81B6E18A0962C79CA996F43F333F421E5EB9DFB35F467D7D745C2EB51157BB881766DB8FF428548B5D38AD9F7C5DA7763A2CA383D9F996BC9464E7B7F662ED073C5F82547E4E834E7E8C8913CB3197E590D1D7AADBAEDB6EBF5E939737E6BED857B404D9A74B7BECCD09F174DD5B739FFFC73CDA6F46673033AD3FA1CE801EBA7F5AED5D7D7D6EE53BEF3950DFA929274B3A1F8B3D9CC775263C7DEA62F3F71225F1D3BB6CD994EEE4B6E2BCD7F6AEAF3E646FE463573E6AF9D79AD5E3DCF6CC2B79B4D4C51BDF129F72DFF8FDC877DD99A35F3CDC6BD505FEE3B7D7AFA02E7F4860D8BF469F95FE5FFB3A773B98A5555D52EE7BEFCDD561E9B3D4F72C4EB91BF2A2C4CD163C61EC3FDFA5DAC2A2ADEB1BECCAFD86B4CD9E364F1E227F4D893B12B59E8DFFFFFE93C18FA688D2D4E2665EC25253DEE8C45B97D4646A21ED3F28693949CB6AFAFA9D9E3FCBF325D7EFE6BFAE31BDBB7BF6A35E1195633BFC9EB7FB073E7DE8BFE8EFE2CB77CCCC31EFB72BFBE635DE6278F598E1A91C73A6FDE34EB30F75991F27AC467B881F66DB84B825E863EA46EB673BEAA6A67A3D3BB3720DCE76B6BF75A3F15F44AA3B74B4A7AACD169EEBDF78E7AF79D9DBDA45D9E9720AE980BCC1A1D60C3A635EFE007FAA9157FDF0ADB9C8D9CF6FC56D8C69EAB361D0359598B7526E4F489133B024EE76E0402E7C4B38E1CC975EEAFB8384D6FD464642C5463C6DCE26CE0A4A52538D3BB9B9A21E6864CB68A8F9FAE4B4EFB66371473478E2233477575C5E606FF7EE7BC34D9EE9FD61B1670DC4445F5D21BE815151BF4D8B71B89871EFA1FAF71674FBF6FDF9B3A7FD230C834324F77D3B05937E1B2112EF3B4A73F79B2C0395D5ABA4E4F6F8F41CF3CD95554F486B5977D987E4C322F3B7F1326DCAE335958F85ABDF11C1B1BE34C3771E2187D5A0EA59D3EFD977EC7FFCA95739CD3F23FEDDAF5BA75A86CAE75B8F07A72C4EB91DF3A7CF85DBD8E37F4CF744DD3E3F4E28B7BAB3973A63AE3C2DD709F1A27898933CD26779B7E8D484D757FF9A79D2DB9BDA18FBA586136B56FEB0CDBCD7C4363CF9E879D31795CF66B908C63C96363AF35EE46FA6DBD1E70BFC9E6BE3C3F7FB5FE2B8F453268BF9E7AE6D7CE8C3D4FF91BE6AF477C4B39D0BE0DF781A0D5AE5D296693BC52CD9F3FC3FA0297A5E646C90BE606D125E60A7E96B942DB68BD5BFAB8D7EDDC2BF4DFEBD32E977B8F84BCEBEA7BFFF9F9AF9A1B22497AC345FECAE1443131FFA94F4BC9C68CBC70F8DEB76CF8575515EAC72665E8CF1FFDD4392DD705E3F909D28AB9A13D08AD7D27BFB1DF356DEC7751031960B4CFEF9E36F5B96A93E55F5E9E69359D2F39E3A1A828B5DE74478FE63987CBC9B8EED5EBFB2A25E559BDE1215992CB0C7D986BBE739BF8F807D579E79DA32A2BDF712E93E97AF6ECEEF7B1C82183B291EF6F8CA6A63E17D2B92347919DA38A8AF5D6DEAD743DBEA2A3AF50870E6D729AD6BABAFDCEB4F61E6EDFEC9494BCA5CFD7D6EE51F67C4F9CD86E35A86B7456EEBEFBD67AE3CA9EB79C3F7CD8FDD96DF93CB964C2336FEE86FB05E7F4B1635B9C79CBF8F63766D7AC79DE6BFA40635BFE677FD7C9FC8F1C79D76A56FEA49F07C3F94CEF01E7FF36F4A1F1F792235E8F022E777B6CCB7897D715431F1DB2DFB95EC697E7F483065DADC7A58CF9E4E4A7F4EB876F66323313BD6E2363515E3BEEB9E727BA24BBF66B88BB51CE703229AF53C5C56BAD9FAA4C761E9F6C2B1A7AEFF742BFFF879DE13E7DA2D435D7F4F5BA6EDEBCDF79FD9F72B99D19F79BC1079CC761E843DF5F09F7D7237E871B68DF86BB386875ECD866BD31535B5BA4CBD087D6655B1B112FEA0D067B83C7F376EE771B53D4F1E35BACDF857CD0EFFDBB375AE29DF3EE9F503935ADFB275426E9D33535BBF40B80DC66CE9C29D6067E81F92290E6CCCF7E9C7575FB82F2FC18A1FDE5128DBDA3DFD8C68DD1C28D1CFB30C2D1919E23431F1AFB5BE7BC340BD2807A4EE372ED35372E16E8D3D268E7E7CB37CA0E706EE77EC77FA6D76DAAAB775AEFD06FB43696127493307EFC287D997DB93430F66DA48190CFEA3DF4D0048F0DA117AD8D934CEBB7BB433377E428327374F8708ED93CDFE495091993F2F951FBFCEAD573ADBD67739DF3B2B77ADAB45F38E3D8733C4B96FCCD57323175EACF74E32075AA01AFFF98ECD3321FF71B4DEEFB95BF5237DCD05F1515BDEE75BB1327B6E90660C488EBF534D270DC7BEF687D5A9A979C9C2501C77656D6A280CF915CE77EA3EE75E7F9F1BC6EF8F0417A9EF25A4C8E783DF22D59EF7AAEA3659CD84DAEE7B87037CFDEDB67F6EB93A1BF6CEC4D7DDE5E871B7A0FF732AFDBC88E17993ED0D82B2C5CED6451FECA6B4E65E5067D3FEE1D2EEE69655EF69897FB93EC4883ED9913F93FE44DA6EEDDBBE97AEAA9C93A839EF394D73F7B1E9E8F63C182479CBF61FE7AD4DB2C97F5785CD6F9D3A1A7E1FEDCB6FDBF47D16A017AC5BC3FA8E57EF770B42A2B4BB70E3BDA6D350359D64A33C5EF6D64C3C9FD8DAC81EFBBA666A7B9E1BE5637E67673BE72E56C7DBAB272BD6E50FCDDF7A851377A9D97FB9046C6FD829317D4E726C4C74BA03D0B4DDDB869EE468E3DBFD1919E23437F09CC6D7E2F1F32E41AAFCBA4A1958DE60913FE4B6F502F5EFC98DED09F3E7DBC7399A1BFD9F819E73E8A8BD7981B4D2F9B1B195BCDE6F7D7D6EFA816EA716E4F9399B9D09987EC91F69DAF545DDD5E275B725FA1983B72D4717224E331D8AF61ED59C1FC7FC951C77D3D3ADD633414737BBA1E5388E528C7638CC79FA6793CE3318F6DB45980B362DE1794AAAADAA10FFD9B3A75AC6EAAE51DC88307DF51C9C94FEA77158F1FDF6CEDEDDAA1A797F363C6DCACA731F461B68B7433B164C9E32A3E7E9ABE3C3777A9B5E1BFC5998FDD68D4D6EEB2F6E6BDA04F676525590DFBA9C7E47215392FB0721BD993217B0B0B0B57590DC882A03D3FF6630F8331237B167C0FA7FBA5D1FCDF35F5B79133BE197B3022264739392FA91B6EF8B11E6FAB56CDD1CDEEF4E9BF301B67F75E8669D3C63963D9CEC9A143594ED3EA6EB213F5ED658C4B364A4BD3F47DCB74478EE47865C33E6DBFE95552F266BDF15E5EBECE69F665AF98E43426E64AFD571A6879D3CC77EC864AEEC851C7CC11C5EB11392247E4A841A33DC6B7ECE56EEB2F4FBBC238B5175D6A1C6D16E0AC98F706AD5CAEDDE6C6FF26E77C51D16BAAAEAEC8FABCDBF3663391677D21C626AFDB19FA90A557CD466283F5D9A0C0F3703709F279A285D617CCDCA14F4B9370C71DC3BCA65DBD7A8E75A8D3CB6663F0A2BE7FFB3EF6ED7BDD63AF63709E1F237C7EAFD0F7275A3C37569AB271633472BB60FED44ABBE6A8AA6ABB1EF7F6F98C8C04678CDBD9282F4F379BD79D7EC74B7AFA7CE7BC4C63E8EF4658EC35DDE1C31BCD067CADAAA8C8D0F72DE3DDD07B91DFB51AEFB73C1ADD86C7E7A44977EADB6DDDBA2C6473478E3A5E8E285E8FC8113922474D92E7D11097196DF71361F253602586F7DEED2E06007BC5BC2768555DBD4307F1B6DB069B4DC122AB9978CBFA5C5AA29EE6541371EA7686FED2B4879DD39327DF15701E9EB737F467C317EAD3323FF74FA89C9A76F9F227D5A04157A9B973A7E8F3353505D66754D799CDC79FAC6FA7CD09DAF313461B389E1B21233D3656C61BCDFF6915DFDBB5F6F756C33A4786FE6CF36FF4E9AAAA6D5603BD28E0B4D1D197AB091346E9712E63F6BCF3CE0E78DF7575F6C737EC2F9D7AD319EF86FEE219D92B5DA8FAF7EFA7EFAF67CFEFA9071EF89973FF32CD88114374BEAEBCF2D290CD1D39224714AF47E48822477E4519EEA3423C1BE3D636DDD26C7B1EAE2EDF73D097160BF05A311705AD6A6B0B3C1A88226BEFDA5AEB9B5B5F769AF0DCDC97BC6E77AAE12E52274EB87FD6E4ACB3CE341B92ADF5E661E89F50893637F817587BDA46EBD3F24519D3A78F73A63B7CF81DE572EDD4BFB32AD3545666583FF752A41B0F437F69C7CAA03E3F61B681E36F23A72DF654B4C7B7BF86448E8E1F7FD7C9829CDFBE7D99D57C6E0A385E1E79E49766039DE994FBCDAB85F5EE77D5AA596AE5CAA75475F5767DD9E6CD4BCD06F979DDA04BA62A2AD2EBDDBF3C0ECFF91BFA0BD91E09F858422577E4A863E788E2F5881C317EC95183E467BB3C0FFD963DDD2D3DBC5C6EE7B9679B43C981F65E31D7D4B8BF855C3EAF6A6F98CB06B87BAF5BA66E08B2B35FF4BBC292CF815E75D58F9C66242DED3927DC478E6C0CB8A293F934B6321C37EE27CEE3936F54BEFBEE58E73AF7E1B06CE0046123A7AD3796C22A4776365253E7AABABA5DFA32F96E834183FEB3C1F1224DB3EF65999909F5A63D762CC763EF79916EA2EDEC48EE0C7D38778ADF79CC9F3F4D37EA723A39F90F4D1AC7ED993B72D4717344F17A448EC811396A92093E4DB79C962F52EBD9C4DBCB74CFF8DC87D4A3B456408834DCB2574BCE7BEEE99606DADF6DA4F990EBA74EFD6FBFD7FBDBCBEDB9A2F3DDDBE76F1A791CB2C7EFE28BFF43EF7DF3DD231FAC3DDD61BA8163EF0968CD6177E178D85E9BE5A8A8E855FDD96A7BECC9DF9933EF75DE886A68BCD88794BB0FFB5E601D9A9DEE777A79B34AE6257FFBF4F981D775920119FF81729B90F0A0F5056B6F34691CB767EEC851C7CC11C5EB11392247E4A859C65A635DF934DE9956432E7BAFEDC3CDE5B0F1BED66D5E37DC878D7BDEAECABA0D808EB662B6F714B6761A56CCCDDA4869EE1E8170FB429A90C951288DDD50CA1D3922471439224714396A9228C3FBF3D72DA96D069FD9065831B3620E9AE61E8617CE87ED912372448EC811392247E4888A841CDD6535DEAE6636DA130CBE8D1C60C5CC8A396437720618EE43904693238A1C912372448EC811392247EDAEB759BF33EB4DB33E32ABC6FA1FE4EFC786FB70F319867BCF380056CCAC98DB519CB5F112D7C0F59F46C8C60D392247E4881C912372448EA848CE110056CCAC98C368CF42A41CB6478EC811392247E4881C91238A861B002B6656CC21B39113891B37E4881C912372448EC81139A268B801B06266C5DCAE1B390911BA71438EC811392247E4881C91238A861B002B6656CCED26CEFADFE2C811458EC811392247E4881C91230034DC142BE6B6D58D1C51E4881C912372448EC811390240C34DB162063922472047E408E4882247005831B3620639A2C81139A2C811C8113902C08A9962C54C8E28720472448E408EC8110056CC142B669023720472448E408E2872048015332B66902372448EC811458EC811458E00B062A6583193238A1C811C912390237204801533C58A19E4881C811C912390238A1C0160C5CC8A19E4881C811C51E4881C51E408002B668A153339A2C81118BFE408E4881C01882C679E79C6B73535F9AC1443A0BEFC72C7417391B81895E4882247E48822472047E4084004E8D7EF8747F3F296B0620C815AB7EEF9F5E622D9CDA82447143922471439023922470022C0F5D75FB376F6ECC9AC1843A0468DBA3EC55C24F18C4A7244912372449123902372042002F4EEFDBDE8DEBD7B7CED72ED64E5D8BEF551A74E9D4ACD4512C3A82447143922478C67720472448E0044885EBDBE5F9490F0202BC776AC9123AF5F6A2E8A1C462339A2C811392247E408E4881C01882C7DCF3FFF9CEA828215AC24DBA1F2F296AE3397C127665DC150244714392247E4881C811C9123009127B6478F0BFFC9CA39F82BE54E9D3A559ACFFF48862039A2C811C8113902392247002278E57CC619DF3D3977EE94CFF8ECCFE9FF6C8F75B8D127AC94C911458E408EC811C8113902D031F4EDDCF93BD9E79E7BF6B14993EEDCBB71E38B9FF07B8E6DF77B8CF21311F2AD95D61769C8677B38DC881C51E408E4881C811C9123001DCCD566CD366B9B59356629AAD5E532DCBFC7283F11C1B75692238A1C811C91239023720400000000000000000000000000000000000000000000000000000000000000000000000000000000000000000000000000000044BEFF0F307580B9E75309AF0000000049454E44AE426082, '1');
INSERT INTO `act_ge_bytearray` VALUES ('addccab5275b4bc1b21e5d8de2361d0a', '1', 'test_audit.bpmn20.xml', '5eeab710687b47a6b894c9eedc7f7521', 0x3C3F786D6C2076657273696F6E3D22312E302220656E636F64696E673D225554462D38223F3E0A3C646566696E6974696F6E7320786D6C6E733D22687474703A2F2F7777772E6F6D672E6F72672F737065632F42504D4E2F32303130303532342F4D4F44454C2220786D6C6E733A7873693D22687474703A2F2F7777772E77332E6F72672F323030312F584D4C536368656D612D696E7374616E63652220786D6C6E733A7873643D22687474703A2F2F7777772E77332E6F72672F323030312F584D4C536368656D612220786D6C6E733A61637469766974693D22687474703A2F2F61637469766974692E6F72672F62706D6E2220786D6C6E733A62706D6E64693D22687474703A2F2F7777772E6F6D672E6F72672F737065632F42504D4E2F32303130303532342F44492220786D6C6E733A6F6D6764633D22687474703A2F2F7777772E6F6D672E6F72672F737065632F44442F32303130303532342F44432220786D6C6E733A6F6D6764693D22687474703A2F2F7777772E6F6D672E6F72672F737065632F44442F32303130303532342F44492220747970654C616E67756167653D22687474703A2F2F7777772E77332E6F72672F323030312F584D4C536368656D61222065787072657373696F6E4C616E67756167653D22687474703A2F2F7777772E77332E6F72672F313939392F585061746822207461726765744E616D6573706163653D22687474703A2F2F7777772E61637469766974692E6F72672F74657374223E0A20203C70726F636573732069643D22746573745F617564697422206E616D653D22E6B581E7A88BE5AEA1E689B9E6B58BE8AF95E6B581E7A88B2220697345786563757461626C653D2274727565223E0A202020203C73746172744576656E742069643D22737461727422206E616D653D22E590AFE58AA8E5AEA1E689B9222061637469766974693A696E69746961746F723D226170706C79222061637469766974693A666F726D4B65793D222F6F612F7465737441756469742F666F726D223E3C2F73746172744576656E743E0A202020203C656E644576656E742069643D22656E6422206E616D653D22E7BB93E69D9FE5AEA1E689B9223E3C2F656E644576656E743E0A202020203C757365725461736B2069643D226D6F6469667922206E616D653D22E59198E5B7A5E896AAE985ACE6A1A3E7BAA7E4BFAEE694B9222061637469766974693A6578636C75736976653D2266616C7365222061637469766974693A61737369676E65653D22247B6170706C797D223E3C2F757365725461736B3E0A202020203C757365725461736B2069643D22617564697422206E616D653D22E896AAE985ACE4B8BBE7AEA1E5889DE5AEA1222061637469766974693A6578636C75736976653D2266616C7365222061637469766974693A61737369676E65653D227468696E6B67656D223E3C2F757365725461736B3E0A202020203C6578636C7573697665476174657761792069643D227369642D43323842423546362D303133442D343537302D423433322D363142333830433146343646223E3C2F6578636C7573697665476174657761793E0A202020203C757365725461736B2069643D2261756469743222206E616D653D22E99B86E59BA2E4BABAE58A9BE8B584E6BA90E983A8E983A8E995BFE5AEA1E6A0B8222061637469766974693A6578636C75736976653D2266616C7365222061637469766974693A61737369676E65653D227468696E6B67656D223E3C2F757365725461736B3E0A202020203C6578636C7573697665476174657761792069643D227369642D45443436464534312D413046442D343936442D383644432D324339374146353733354630223E3C2F6578636C7573697665476174657761793E0A202020203C73657175656E6365466C6F772069643D227369642D45463246353142422D314439392D344630422D414346322D4236433133303041374432422220736F757263655265663D2261756469743222207461726765745265663D227369642D45443436464534312D413046442D343936442D383644432D324339374146353733354630223E3C2F73657175656E6365466C6F773E0A202020203C757365725461736B2069643D2261756469743322206E616D653D22E99B86E59BA2E4BABAE58A9BE8B584E6BA90E983A8E58886E7AEA1E9A286E5AFBCE5AEA1E6A0B8222061637469766974693A6578636C75736976653D2266616C7365222061637469766974693A61737369676E65653D227468696E6B67656D223E3C2F757365725461736B3E0A202020203C6578636C7573697665476174657761792069643D227369642D46453438354232442D394132332D343233362D424430442D443738384341364533304534223E3C2F6578636C7573697665476174657761793E0A202020203C73657175656E6365466C6F772069643D227369642D33444243443636312D353732302D343438302D383135362D3734384245303237354645462220736F757263655265663D2261756469743322207461726765745265663D227369642D46453438354232442D394132332D343233362D424430442D443738384341364533304534223E3C2F73657175656E6365466C6F773E0A202020203C757365725461736B2069643D2261756469743422206E616D653D22E99B86E59BA2E680BBE7BB8FE79086E5AEA1E689B9222061637469766974693A6578636C75736976653D2266616C7365222061637469766974693A61737369676E65653D227468696E6B67656D223E3C2F757365725461736B3E0A202020203C6578636C7573697665476174657761792069643D227369642D33463533423642442D463846332D343936422D414330382D353036333042443131343737223E3C2F6578636C7573697665476174657761793E0A202020203C757365725461736B2069643D226170706C795F656E6422206E616D653D22E896AAE985ACE6A1A3E7BAA7E58591E78EB0222061637469766974693A6578636C75736976653D2266616C7365222061637469766974693A61737369676E65653D227468696E6B67656D223E3C2F757365725461736B3E0A202020203C73657175656E6365466C6F772069643D227369642D30324442324144392D313333322D343139382D414338442D3232413335313639443135432220736F757263655265663D2261756469743422207461726765745265663D227369642D33463533423642442D463846332D343936422D414330382D353036333042443131343737223E3C2F73657175656E6365466C6F773E0A202020203C73657175656E6365466C6F772069643D227369642D32414237433031412D353045452D344141432D384338462D4636453139333542334441372220736F757263655265663D22617564697422207461726765745265663D227369642D43323842423546362D303133442D343537302D423433322D363142333830433146343646223E3C2F73657175656E6365466C6F773E0A202020203C73657175656E6365466C6F772069643D227369642D33364535304338422D364337432D343936382D423032442D4542414134323542463442452220736F757263655265663D22737461727422207461726765745265663D226175646974223E3C2F73657175656E6365466C6F773E0A202020203C73657175656E6365466C6F772069643D227369642D37443732333139302D313433322D343131442D413441342D37373432323545353443443922206E616D653D22E698AF2220736F757263655265663D227369642D33463533423642442D463846332D343936422D414330382D35303633304244313134373722207461726765745265663D226170706C795F656E64223E0A2020202020203C636F6E646974696F6E45787072657373696F6E207873693A747970653D2274466F726D616C45787072657373696F6E223E3C215B43444154415B247B706173733D3D317D5D5D3E3C2F636F6E646974696F6E45787072657373696F6E3E0A202020203C2F73657175656E6365466C6F773E0A202020203C73657175656E6365466C6F772069643D227369642D44343443414434332D303237312D343932302D413532342D39423835333345353235353022206E616D653D22E698AF2220736F757263655265663D227369642D46453438354232442D394132332D343233362D424430442D44373838434136453330453422207461726765745265663D22617564697434223E0A2020202020203C636F6E646974696F6E45787072657373696F6E207873693A747970653D2274466F726D616C45787072657373696F6E223E3C215B43444154415B247B706173733D3D317D5D5D3E3C2F636F6E646974696F6E45787072657373696F6E3E0A202020203C2F73657175656E6365466C6F773E0A202020203C73657175656E6365466C6F772069643D227369642D35333235383530322D343345452D344445382D423141342D44424431313932324238414622206E616D653D22E590A62220736F757263655265663D227369642D43323842423546362D303133442D343537302D423433322D36314233383043314634364622207461726765745265663D226D6F64696679223E0A2020202020203C636F6E646974696F6E45787072657373696F6E207873693A747970653D2274466F726D616C45787072657373696F6E223E3C215B43444154415B247B706173733D3D307D5D5D3E3C2F636F6E646974696F6E45787072657373696F6E3E0A202020203C2F73657175656E6365466C6F773E0A202020203C6578636C7573697665476174657761792069643D227369642D35464544303244362D433338382D343843362D383730452D303937444232313331454130223E3C2F6578636C7573697665476174657761793E0A202020203C73657175656E6365466C6F772069643D227369642D31363344424336302D444243392D343338422D393731412D3637373338464237373135412220736F757263655265663D226D6F6469667922207461726765745265663D227369642D35464544303244362D433338382D343843362D383730452D303937444232313331454130223E3C2F73657175656E6365466C6F773E0A202020203C73657175656E6365466C6F772069643D227369642D37323235384134312D323033452D343238432D423731442D43413335303632353244373322206E616D653D22E698AF2220736F757263655265663D227369642D43323842423546362D303133442D343537302D423433322D36314233383043314634364622207461726765745265663D22617564697432223E0A2020202020203C636F6E646974696F6E45787072657373696F6E207873693A747970653D2274466F726D616C45787072657373696F6E223E3C215B43444154415B247B706173733D3D317D5D5D3E3C2F636F6E646974696F6E45787072657373696F6E3E0A202020203C2F73657175656E6365466C6F773E0A202020203C73657175656E6365466C6F772069643D227369642D38343438454634412D423632452D343839392D414243322D30453244423241453638333822206E616D653D22E9878DE696B0E794B3E8AFB72220736F757263655265663D227369642D35464544303244362D433338382D343843362D383730452D30393744423231333145413022207461726765745265663D226175646974223E0A2020202020203C636F6E646974696F6E45787072657373696F6E207873693A747970653D2274466F726D616C45787072657373696F6E223E3C215B43444154415B247B706173733D3D317D5D5D3E3C2F636F6E646974696F6E45787072657373696F6E3E0A202020203C2F73657175656E6365466C6F773E0A202020203C73657175656E6365466C6F772069643D227369642D41373538393038342D343632332D344645412D413737342D30304137304444433144323022206E616D653D22E698AF2220736F757263655265663D227369642D45443436464534312D413046442D343936442D383644432D32433937414635373335463022207461726765745265663D22617564697433223E0A2020202020203C636F6E646974696F6E45787072657373696F6E207873693A747970653D2274466F726D616C45787072657373696F6E223E3C215B43444154415B247B706173733D3D317D5D5D3E3C2F636F6E646974696F6E45787072657373696F6E3E0A202020203C2F73657175656E6365466C6F773E0A202020203C73657175656E6365466C6F772069643D227369642D46413631383633362D333730382D344430432D383531342D32394134424238424339323622206E616D653D22E590A62220736F757263655265663D227369642D45443436464534312D413046442D343936442D383644432D32433937414635373335463022207461726765745265663D226D6F64696679223E0A2020202020203C636F6E646974696F6E45787072657373696F6E207873693A747970653D2274466F726D616C45787072657373696F6E223E3C215B43444154415B247B706173733D3D307D5D5D3E3C2F636F6E646974696F6E45787072657373696F6E3E0A202020203C2F73657175656E6365466C6F773E0A202020203C73657175656E6365466C6F772069643D227369642D31353235424646342D334539442D344438412D424638302D31463633414645313632383922206E616D653D22E590A62220736F757263655265663D227369642D46453438354232442D394132332D343233362D424430442D44373838434136453330453422207461726765745265663D226D6F64696679223E0A2020202020203C636F6E646974696F6E45787072657373696F6E207873693A747970653D2274466F726D616C45787072657373696F6E223E3C215B43444154415B247B706173733D3D307D5D5D3E3C2F636F6E646974696F6E45787072657373696F6E3E0A202020203C2F73657175656E6365466C6F773E0A202020203C73657175656E6365466C6F772069643D227369642D33354343384336432D313036372D343339382D393931432D43434639353531313539363522206E616D653D22E590A62220736F757263655265663D227369642D33463533423642442D463846332D343936422D414330382D35303633304244313134373722207461726765745265663D226D6F64696679223E0A2020202020203C636F6E646974696F6E45787072657373696F6E207873693A747970653D2274466F726D616C45787072657373696F6E223E3C215B43444154415B247B706173733D3D307D5D5D3E3C2F636F6E646974696F6E45787072657373696F6E3E0A202020203C2F73657175656E6365466C6F773E0A202020203C73657175656E6365466C6F772069643D227369642D42444230414142322D374535302D344433352D383045452D4345304245434444394635372220736F757263655265663D226170706C795F656E6422207461726765745265663D22656E64223E3C2F73657175656E6365466C6F773E0A202020203C73657175656E6365466C6F772069643D227369642D34344146423943312D343035372D344334382D423146322D31454338393741353243423722206E616D653D22E99480E6AF812220736F757263655265663D227369642D35464544303244362D433338382D343843362D383730452D30393744423231333145413022207461726765745265663D22656E64223E0A2020202020203C636F6E646974696F6E45787072657373696F6E207873693A747970653D2274466F726D616C45787072657373696F6E223E3C215B43444154415B247B706173733D3D307D5D5D3E3C2F636F6E646974696F6E45787072657373696F6E3E0A202020203C2F73657175656E6365466C6F773E0A20203C2F70726F636573733E0A20203C62706D6E64693A42504D4E4469616772616D2069643D2242504D4E4469616772616D5F746573745F6175646974223E0A202020203C62706D6E64693A42504D4E506C616E652062706D6E456C656D656E743D22746573745F6175646974222069643D2242504D4E506C616E655F746573745F6175646974223E0A2020202020203C62706D6E64693A42504D4E53686170652062706D6E456C656D656E743D227374617274222069643D2242504D4E53686170655F7374617274223E0A20202020202020203C6F6D6764633A426F756E6473206865696768743D2233302E30222077696474683D2233302E302220783D2233302E302220793D223234352E30223E3C2F6F6D6764633A426F756E64733E0A2020202020203C2F62706D6E64693A42504D4E53686170653E0A2020202020203C62706D6E64693A42504D4E53686170652062706D6E456C656D656E743D22656E64222069643D2242504D4E53686170655F656E64223E0A20202020202020203C6F6D6764633A426F756E6473206865696768743D2232382E30222077696474683D2232382E302220783D223937352E302220793D223335362E30223E3C2F6F6D6764633A426F756E64733E0A2020202020203C2F62706D6E64693A42504D4E53686170653E0A2020202020203C62706D6E64693A42504D4E53686170652062706D6E456C656D656E743D226D6F64696679222069643D2242504D4E53686170655F6D6F64696679223E0A20202020202020203C6F6D6764633A426F756E6473206865696768743D2235382E30222077696474683D223130322E302220783D223230392E302220793D223133352E30223E3C2F6F6D6764633A426F756E64733E0A2020202020203C2F62706D6E64693A42504D4E53686170653E0A2020202020203C62706D6E64693A42504D4E53686170652062706D6E456C656D656E743D226175646974222069643D2242504D4E53686170655F6175646974223E0A20202020202020203C6F6D6764633A426F756E6473206865696768743D2235372E30222077696474683D2239362E302220783D223130352E302220793D223233312E35223E3C2F6F6D6764633A426F756E64733E0A2020202020203C2F62706D6E64693A42504D4E53686170653E0A2020202020203C62706D6E64693A42504D4E53686170652062706D6E456C656D656E743D227369642D43323842423546362D303133442D343537302D423433322D363142333830433146343646222069643D2242504D4E53686170655F7369642D43323842423546362D303133442D343537302D423433322D363142333830433146343646223E0A20202020202020203C6F6D6764633A426F756E6473206865696768743D2234302E30222077696474683D2234302E302220783D223234302E302220793D223234302E30223E3C2F6F6D6764633A426F756E64733E0A2020202020203C2F62706D6E64693A42504D4E53686170653E0A2020202020203C62706D6E64693A42504D4E53686170652062706D6E456C656D656E743D22617564697432222069643D2242504D4E53686170655F617564697432223E0A20202020202020203C6F6D6764633A426F756E6473206865696768743D2238302E30222077696474683D223130302E302220783D223231302E302220793D223333302E30223E3C2F6F6D6764633A426F756E64733E0A2020202020203C2F62706D6E64693A42504D4E53686170653E0A2020202020203C62706D6E64693A42504D4E53686170652062706D6E456C656D656E743D227369642D45443436464534312D413046442D343936442D383644432D324339374146353733354630222069643D2242504D4E53686170655F7369642D45443436464534312D413046442D343936442D383644432D324339374146353733354630223E0A20202020202020203C6F6D6764633A426F756E6473206865696768743D2234302E30222077696474683D2234302E302220783D223334352E302220793D223335302E30223E3C2F6F6D6764633A426F756E64733E0A2020202020203C2F62706D6E64693A42504D4E53686170653E0A2020202020203C62706D6E64693A42504D4E53686170652062706D6E456C656D656E743D22617564697433222069643D2242504D4E53686170655F617564697433223E0A20202020202020203C6F6D6764633A426F756E6473206865696768743D2238302E30222077696474683D223130302E302220783D223432302E302220793D223333302E30223E3C2F6F6D6764633A426F756E64733E0A2020202020203C2F62706D6E64693A42504D4E53686170653E0A2020202020203C62706D6E64693A42504D4E53686170652062706D6E456C656D656E743D227369642D46453438354232442D394132332D343233362D424430442D443738384341364533304534222069643D2242504D4E53686170655F7369642D46453438354232442D394132332D343233362D424430442D443738384341364533304534223E0A20202020202020203C6F6D6764633A426F756E6473206865696768743D2234302E30222077696474683D2234302E302220783D223535352E302220793D223335302E30223E3C2F6F6D6764633A426F756E64733E0A2020202020203C2F62706D6E64693A42504D4E53686170653E0A2020202020203C62706D6E64693A42504D4E53686170652062706D6E456C656D656E743D22617564697434222069643D2242504D4E53686170655F617564697434223E0A20202020202020203C6F6D6764633A426F756E6473206865696768743D2238302E30222077696474683D223130302E302220783D223633302E302220793D223333302E30223E3C2F6F6D6764633A426F756E64733E0A2020202020203C2F62706D6E64693A42504D4E53686170653E0A2020202020203C62706D6E64693A42504D4E53686170652062706D6E456C656D656E743D227369642D33463533423642442D463846332D343936422D414330382D353036333042443131343737222069643D2242504D4E53686170655F7369642D33463533423642442D463846332D343936422D414330382D353036333042443131343737223E0A20202020202020203C6F6D6764633A426F756E6473206865696768743D2234302E30222077696474683D2234302E302220783D223736352E302220793D223335302E30223E3C2F6F6D6764633A426F756E64733E0A2020202020203C2F62706D6E64693A42504D4E53686170653E0A2020202020203C62706D6E64693A42504D4E53686170652062706D6E456C656D656E743D226170706C795F656E64222069643D2242504D4E53686170655F6170706C795F656E64223E0A20202020202020203C6F6D6764633A426F756E6473206865696768743D2238302E30222077696474683D223130302E302220783D223834302E302220793D223333302E30223E3C2F6F6D6764633A426F756E64733E0A2020202020203C2F62706D6E64693A42504D4E53686170653E0A2020202020203C62706D6E64693A42504D4E53686170652062706D6E456C656D656E743D227369642D35464544303244362D433338382D343843362D383730452D303937444232313331454130222069643D2242504D4E53686170655F7369642D35464544303244362D433338382D343843362D383730452D303937444232313331454130223E0A20202020202020203C6F6D6764633A426F756E6473206865696768743D2234302E30222077696474683D2234302E302220783D223234302E302220793D2234352E30223E3C2F6F6D6764633A426F756E64733E0A2020202020203C2F62706D6E64693A42504D4E53686170653E0A2020202020203C62706D6E64693A42504D4E456467652062706D6E456C656D656E743D227369642D30324442324144392D313333322D343139382D414338442D323241333531363944313543222069643D2242504D4E456467655F7369642D30324442324144392D313333322D343139382D414338442D323241333531363944313543223E0A20202020202020203C6F6D6764693A776179706F696E7420783D223733302E302220793D223337302E30223E3C2F6F6D6764693A776179706F696E743E0A20202020202020203C6F6D6764693A776179706F696E7420783D223736352E302220793D223337302E30223E3C2F6F6D6764693A776179706F696E743E0A2020202020203C2F62706D6E64693A42504D4E456467653E0A2020202020203C62706D6E64693A42504D4E456467652062706D6E456C656D656E743D227369642D33364535304338422D364337432D343936382D423032442D454241413432354246344245222069643D2242504D4E456467655F7369642D33364535304338422D364337432D343936382D423032442D454241413432354246344245223E0A20202020202020203C6F6D6764693A776179706F696E7420783D2236302E302220793D223236302E30223E3C2F6F6D6764693A776179706F696E743E0A20202020202020203C6F6D6764693A776179706F696E7420783D223130352E302220793D223236302E30223E3C2F6F6D6764693A776179706F696E743E0A2020202020203C2F62706D6E64693A42504D4E456467653E0A2020202020203C62706D6E64693A42504D4E456467652062706D6E456C656D656E743D227369642D38343438454634412D423632452D343839392D414243322D304532444232414536383338222069643D2242504D4E456467655F7369642D38343438454634412D423632452D343839392D414243322D304532444232414536383338223E0A20202020202020203C6F6D6764693A776179706F696E7420783D223234302E302220793D2236352E30223E3C2F6F6D6764693A776179706F696E743E0A20202020202020203C6F6D6764693A776179706F696E7420783D223135332E302220793D2236352E30223E3C2F6F6D6764693A776179706F696E743E0A20202020202020203C6F6D6764693A776179706F696E7420783D223135332E302220793D223233312E35223E3C2F6F6D6764693A776179706F696E743E0A2020202020203C2F62706D6E64693A42504D4E456467653E0A2020202020203C62706D6E64693A42504D4E456467652062706D6E456C656D656E743D227369642D37443732333139302D313433322D343131442D413441342D373734323235453534434439222069643D2242504D4E456467655F7369642D37443732333139302D313433322D343131442D413441342D373734323235453534434439223E0A20202020202020203C6F6D6764693A776179706F696E7420783D223830352E302220793D223337302E30223E3C2F6F6D6764693A776179706F696E743E0A20202020202020203C6F6D6764693A776179706F696E7420783D223834302E302220793D223337302E30223E3C2F6F6D6764693A776179706F696E743E0A2020202020203C2F62706D6E64693A42504D4E456467653E0A2020202020203C62706D6E64693A42504D4E456467652062706D6E456C656D656E743D227369642D35333235383530322D343345452D344445382D423141342D444244313139323242384146222069643D2242504D4E456467655F7369642D35333235383530322D343345452D344445382D423141342D444244313139323242384146223E0A20202020202020203C6F6D6764693A776179706F696E7420783D223236302E302220793D223234302E30223E3C2F6F6D6764693A776179706F696E743E0A20202020202020203C6F6D6764693A776179706F696E7420783D223236302E302220793D223139332E30223E3C2F6F6D6764693A776179706F696E743E0A2020202020203C2F62706D6E64693A42504D4E456467653E0A2020202020203C62706D6E64693A42504D4E456467652062706D6E456C656D656E743D227369642D41373538393038342D343632332D344645412D413737342D303041373044444331443230222069643D2242504D4E456467655F7369642D41373538393038342D343632332D344645412D413737342D303041373044444331443230223E0A20202020202020203C6F6D6764693A776179706F696E7420783D223338352E302220793D223337302E30223E3C2F6F6D6764693A776179706F696E743E0A20202020202020203C6F6D6764693A776179706F696E7420783D223432302E302220793D223337302E30223E3C2F6F6D6764693A776179706F696E743E0A2020202020203C2F62706D6E64693A42504D4E456467653E0A2020202020203C62706D6E64693A42504D4E456467652062706D6E456C656D656E743D227369642D33354343384336432D313036372D343339382D393931432D434346393535313135393635222069643D2242504D4E456467655F7369642D33354343384336432D313036372D343339382D393931432D434346393535313135393635223E0A20202020202020203C6F6D6764693A776179706F696E7420783D223738352E302220793D223335302E30223E3C2F6F6D6764693A776179706F696E743E0A20202020202020203C6F6D6764693A776179706F696E7420783D223738352E302220793D223136342E30223E3C2F6F6D6764693A776179706F696E743E0A20202020202020203C6F6D6764693A776179706F696E7420783D223331312E302220793D223136342E30223E3C2F6F6D6764693A776179706F696E743E0A2020202020203C2F62706D6E64693A42504D4E456467653E0A2020202020203C62706D6E64693A42504D4E456467652062706D6E456C656D656E743D227369642D32414237433031412D353045452D344141432D384338462D463645313933354233444137222069643D2242504D4E456467655F7369642D32414237433031412D353045452D344141432D384338462D463645313933354233444137223E0A20202020202020203C6F6D6764693A776179706F696E7420783D223230312E302220793D223236302E30223E3C2F6F6D6764693A776179706F696E743E0A20202020202020203C6F6D6764693A776179706F696E7420783D223234302E302220793D223236302E30223E3C2F6F6D6764693A776179706F696E743E0A2020202020203C2F62706D6E64693A42504D4E456467653E0A2020202020203C62706D6E64693A42504D4E456467652062706D6E456C656D656E743D227369642D31353235424646342D334539442D344438412D424638302D314636334146453136323839222069643D2242504D4E456467655F7369642D31353235424646342D334539442D344438412D424638302D314636334146453136323839223E0A20202020202020203C6F6D6764693A776179706F696E7420783D223537352E302220793D223335302E30223E3C2F6F6D6764693A776179706F696E743E0A20202020202020203C6F6D6764693A776179706F696E7420783D223537352E302220793D223136342E30223E3C2F6F6D6764693A776179706F696E743E0A20202020202020203C6F6D6764693A776179706F696E7420783D223331312E302220793D223136342E30223E3C2F6F6D6764693A776179706F696E743E0A2020202020203C2F62706D6E64693A42504D4E456467653E0A2020202020203C62706D6E64693A42504D4E456467652062706D6E456C656D656E743D227369642D33444243443636312D353732302D343438302D383135362D373438424530323735464546222069643D2242504D4E456467655F7369642D33444243443636312D353732302D343438302D383135362D373438424530323735464546223E0A20202020202020203C6F6D6764693A776179706F696E7420783D223532302E302220793D223337302E30223E3C2F6F6D6764693A776179706F696E743E0A20202020202020203C6F6D6764693A776179706F696E7420783D223535352E302220793D223337302E30223E3C2F6F6D6764693A776179706F696E743E0A2020202020203C2F62706D6E64693A42504D4E456467653E0A2020202020203C62706D6E64693A42504D4E456467652062706D6E456C656D656E743D227369642D31363344424336302D444243392D343338422D393731412D363737333846423737313541222069643D2242504D4E456467655F7369642D31363344424336302D444243392D343338422D393731412D363737333846423737313541223E0A20202020202020203C6F6D6764693A776179706F696E7420783D223236302E302220793D223133352E30223E3C2F6F6D6764693A776179706F696E743E0A20202020202020203C6F6D6764693A776179706F696E7420783D223236302E302220793D2238352E30223E3C2F6F6D6764693A776179706F696E743E0A2020202020203C2F62706D6E64693A42504D4E456467653E0A2020202020203C62706D6E64693A42504D4E456467652062706D6E456C656D656E743D227369642D34344146423943312D343035372D344334382D423146322D314543383937413532434237222069643D2242504D4E456467655F7369642D34344146423943312D343035372D344334382D423146322D314543383937413532434237223E0A20202020202020203C6F6D6764693A776179706F696E7420783D223238302E302220793D2236352E30223E3C2F6F6D6764693A776179706F696E743E0A20202020202020203C6F6D6764693A776179706F696E7420783D223938392E302220793D2236352E30223E3C2F6F6D6764693A776179706F696E743E0A20202020202020203C6F6D6764693A776179706F696E7420783D223938392E302220793D223335362E30223E3C2F6F6D6764693A776179706F696E743E0A2020202020203C2F62706D6E64693A42504D4E456467653E0A2020202020203C62706D6E64693A42504D4E456467652062706D6E456C656D656E743D227369642D42444230414142322D374535302D344433352D383045452D434530424543444439463537222069643D2242504D4E456467655F7369642D42444230414142322D374535302D344433352D383045452D434530424543444439463537223E0A20202020202020203C6F6D6764693A776179706F696E7420783D223934302E302220793D223337302E30223E3C2F6F6D6764693A776179706F696E743E0A20202020202020203C6F6D6764693A776179706F696E7420783D223937352E302220793D223337302E30223E3C2F6F6D6764693A776179706F696E743E0A2020202020203C2F62706D6E64693A42504D4E456467653E0A2020202020203C62706D6E64693A42504D4E456467652062706D6E456C656D656E743D227369642D37323235384134312D323033452D343238432D423731442D434133353036323532443733222069643D2242504D4E456467655F7369642D37323235384134312D323033452D343238432D423731442D434133353036323532443733223E0A20202020202020203C6F6D6764693A776179706F696E7420783D223236302E302220793D223238302E30223E3C2F6F6D6764693A776179706F696E743E0A20202020202020203C6F6D6764693A776179706F696E7420783D223236302E302220793D223333302E30223E3C2F6F6D6764693A776179706F696E743E0A2020202020203C2F62706D6E64693A42504D4E456467653E0A2020202020203C62706D6E64693A42504D4E456467652062706D6E456C656D656E743D227369642D46413631383633362D333730382D344430432D383531342D323941344242384243393236222069643D2242504D4E456467655F7369642D46413631383633362D333730382D344430432D383531342D323941344242384243393236223E0A20202020202020203C6F6D6764693A776179706F696E7420783D223336352E302220793D223335302E30223E3C2F6F6D6764693A776179706F696E743E0A20202020202020203C6F6D6764693A776179706F696E7420783D223336352E302220793D223136342E30223E3C2F6F6D6764693A776179706F696E743E0A20202020202020203C6F6D6764693A776179706F696E7420783D223331312E302220793D223136342E30223E3C2F6F6D6764693A776179706F696E743E0A2020202020203C2F62706D6E64693A42504D4E456467653E0A2020202020203C62706D6E64693A42504D4E456467652062706D6E456C656D656E743D227369642D44343443414434332D303237312D343932302D413532342D394238353333453532353530222069643D2242504D4E456467655F7369642D44343443414434332D303237312D343932302D413532342D394238353333453532353530223E0A20202020202020203C6F6D6764693A776179706F696E7420783D223539352E302220793D223337302E30223E3C2F6F6D6764693A776179706F696E743E0A20202020202020203C6F6D6764693A776179706F696E7420783D223633302E302220793D223337302E30223E3C2F6F6D6764693A776179706F696E743E0A2020202020203C2F62706D6E64693A42504D4E456467653E0A2020202020203C62706D6E64693A42504D4E456467652062706D6E456C656D656E743D227369642D45463246353142422D314439392D344630422D414346322D423643313330304137443242222069643D2242504D4E456467655F7369642D45463246353142422D314439392D344630422D414346322D423643313330304137443242223E0A20202020202020203C6F6D6764693A776179706F696E7420783D223331302E302220793D223337302E30223E3C2F6F6D6764693A776179706F696E743E0A20202020202020203C6F6D6764693A776179706F696E7420783D223334352E302220793D223337302E30223E3C2F6F6D6764693A776179706F696E743E0A2020202020203C2F62706D6E64693A42504D4E456467653E0A202020203C2F62706D6E64693A42504D4E506C616E653E0A20203C2F62706D6E64693A42504D4E4469616772616D3E0A3C2F646566696E6974696F6E733E, '0');
INSERT INTO `act_ge_bytearray` VALUES ('b87323737f7e477d9ebedcb6dd458d10', '1', 'test_audit.bpmn20.xml', '14b716b4f2714eab8a2c64c62d7642e0', 0x3C3F786D6C2076657273696F6E3D27312E302720656E636F64696E673D275554462D38273F3E0D0A3C646566696E6974696F6E7320786D6C6E733D22687474703A2F2F7777772E6F6D672E6F72672F737065632F42504D4E2F32303130303532342F4D4F44454C2220786D6C6E733A7873693D22687474703A2F2F7777772E77332E6F72672F323030312F584D4C536368656D612D696E7374616E63652220786D6C6E733A61637469766974693D22687474703A2F2F61637469766974692E6F72672F62706D6E2220786D6C6E733A62706D6E64693D22687474703A2F2F7777772E6F6D672E6F72672F737065632F42504D4E2F32303130303532342F44492220786D6C6E733A6F6D6764633D22687474703A2F2F7777772E6F6D672E6F72672F737065632F44442F32303130303532342F44432220786D6C6E733A6F6D6764693D22687474703A2F2F7777772E6F6D672E6F72672F737065632F44442F32303130303532342F44492220747970654C616E67756167653D22687474703A2F2F7777772E77332E6F72672F323030312F584D4C536368656D61222065787072657373696F6E4C616E67756167653D22687474703A2F2F7777772E77332E6F72672F313939392F585061746822207461726765744E616D6573706163653D22687474703A2F2F7777772E61637469766974692E6F72672F74657374223E0D0A20203C70726F636573732069643D22746573745F617564697422206E616D653D22E6B581E7A88BE5AEA1E689B9E6B58BE8AF95E6B581E7A88B2220697345786563757461626C653D2274727565223E0D0A202020203C73746172744576656E742069643D22737461727422206E616D653D22E590AFE58AA8E5AEA1E689B9222061637469766974693A696E69746961746F723D226170706C79222061637469766974693A666F726D4B65793D222F6F612F7465737441756469742F666F726D222F3E0D0A202020203C656E644576656E742069643D22656E6422206E616D653D22E7BB93E69D9FE5AEA1E689B9222F3E0D0A202020203C757365725461736B2069643D226D6F6469667922206E616D653D22E59198E5B7A5E896AAE985ACE6A1A3E7BAA7E4BFAEE694B9222061637469766974693A61737369676E65653D22247B6170706C797D222F3E0D0A202020203C757365725461736B2069643D22617564697422206E616D653D22E896AAE985ACE4B8BBE7AEA1E5889DE5AEA1222061637469766974693A61737369676E65653D227468696E6B67656D222F3E0D0A202020203C6578636C7573697665476174657761792069643D227369642D43323842423546362D303133442D343537302D423433322D363142333830433146343646222F3E0D0A202020203C757365725461736B2069643D2261756469743222206E616D653D22E99B86E59BA2E4BABAE58A9BE8B584E6BA90E983A8E983A8E995BFE5AEA1E6A0B8222061637469766974693A61737369676E65653D227468696E6B67656D222F3E0D0A202020203C6578636C7573697665476174657761792069643D227369642D45443436464534312D413046442D343936442D383644432D324339374146353733354630222F3E0D0A202020203C73657175656E6365466C6F772069643D227369642D45463246353142422D314439392D344630422D414346322D4236433133303041374432422220736F757263655265663D2261756469743222207461726765745265663D227369642D45443436464534312D413046442D343936442D383644432D324339374146353733354630222F3E0D0A202020203C757365725461736B2069643D2261756469743322206E616D653D22E99B86E59BA2E4BABAE58A9BE8B584E6BA90E983A8E58886E7AEA1E9A286E5AFBCE5AEA1E6A0B8222061637469766974693A61737369676E65653D227468696E6B67656D222F3E0D0A202020203C6578636C7573697665476174657761792069643D227369642D46453438354232442D394132332D343233362D424430442D443738384341364533304534222F3E0D0A202020203C73657175656E6365466C6F772069643D227369642D33444243443636312D353732302D343438302D383135362D3734384245303237354645462220736F757263655265663D2261756469743322207461726765745265663D227369642D46453438354232442D394132332D343233362D424430442D443738384341364533304534222F3E0D0A202020203C757365725461736B2069643D2261756469743422206E616D653D22E99B86E59BA2E680BBE7BB8FE79086E5AEA1E689B9222061637469766974693A61737369676E65653D227468696E6B67656D222F3E0D0A202020203C6578636C7573697665476174657761792069643D227369642D33463533423642442D463846332D343936422D414330382D353036333042443131343737222F3E0D0A202020203C757365725461736B2069643D226170706C795F656E6422206E616D653D22E896AAE985ACE6A1A3E7BAA7E58591E78EB0222061637469766974693A61737369676E65653D227468696E6B67656D222F3E0D0A202020203C73657175656E6365466C6F772069643D227369642D30324442324144392D313333322D343139382D414338442D3232413335313639443135432220736F757263655265663D2261756469743422207461726765745265663D227369642D33463533423642442D463846332D343936422D414330382D353036333042443131343737222F3E0D0A202020203C73657175656E6365466C6F772069643D227369642D32414237433031412D353045452D344141432D384338462D4636453139333542334441372220736F757263655265663D22617564697422207461726765745265663D227369642D43323842423546362D303133442D343537302D423433322D363142333830433146343646222F3E0D0A202020203C73657175656E6365466C6F772069643D227369642D33364535304338422D364337432D343936382D423032442D4542414134323542463442452220736F757263655265663D22737461727422207461726765745265663D226175646974222F3E0D0A202020203C73657175656E6365466C6F772069643D227369642D37443732333139302D313433322D343131442D413441342D37373432323545353443443922206E616D653D22E698AF2220736F757263655265663D227369642D33463533423642442D463846332D343936422D414330382D35303633304244313134373722207461726765745265663D226170706C795F656E64223E0D0A2020202020203C636F6E646974696F6E45787072657373696F6E207873693A747970653D2274466F726D616C45787072657373696F6E223E3C215B43444154415B247B706173733D3D317D5D5D3E3C2F636F6E646974696F6E45787072657373696F6E3E0D0A202020203C2F73657175656E6365466C6F773E0D0A202020203C73657175656E6365466C6F772069643D227369642D44343443414434332D303237312D343932302D413532342D39423835333345353235353022206E616D653D22E698AF2220736F757263655265663D227369642D46453438354232442D394132332D343233362D424430442D44373838434136453330453422207461726765745265663D22617564697434223E0D0A2020202020203C636F6E646974696F6E45787072657373696F6E207873693A747970653D2274466F726D616C45787072657373696F6E223E3C215B43444154415B247B706173733D3D317D5D5D3E3C2F636F6E646974696F6E45787072657373696F6E3E0D0A202020203C2F73657175656E6365466C6F773E0D0A202020203C73657175656E6365466C6F772069643D227369642D35333235383530322D343345452D344445382D423141342D44424431313932324238414622206E616D653D22E590A62220736F757263655265663D227369642D43323842423546362D303133442D343537302D423433322D36314233383043314634364622207461726765745265663D226D6F64696679223E0D0A2020202020203C636F6E646974696F6E45787072657373696F6E207873693A747970653D2274466F726D616C45787072657373696F6E223E3C215B43444154415B247B706173733D3D307D5D5D3E3C2F636F6E646974696F6E45787072657373696F6E3E0D0A202020203C2F73657175656E6365466C6F773E0D0A202020203C6578636C7573697665476174657761792069643D227369642D35464544303244362D433338382D343843362D383730452D303937444232313331454130222F3E0D0A202020203C73657175656E6365466C6F772069643D227369642D31363344424336302D444243392D343338422D393731412D3637373338464237373135412220736F757263655265663D226D6F6469667922207461726765745265663D227369642D35464544303244362D433338382D343843362D383730452D303937444232313331454130222F3E0D0A202020203C73657175656E6365466C6F772069643D227369642D37323235384134312D323033452D343238432D423731442D43413335303632353244373322206E616D653D22E698AF2220736F757263655265663D227369642D43323842423546362D303133442D343537302D423433322D36314233383043314634364622207461726765745265663D22617564697432223E0D0A2020202020203C636F6E646974696F6E45787072657373696F6E207873693A747970653D2274466F726D616C45787072657373696F6E223E3C215B43444154415B247B706173733D3D317D5D5D3E3C2F636F6E646974696F6E45787072657373696F6E3E0D0A202020203C2F73657175656E6365466C6F773E0D0A202020203C73657175656E6365466C6F772069643D227369642D38343438454634412D423632452D343839392D414243322D30453244423241453638333822206E616D653D22E9878DE696B0E794B3E8AFB72220736F757263655265663D227369642D35464544303244362D433338382D343843362D383730452D30393744423231333145413022207461726765745265663D226175646974223E0D0A2020202020203C636F6E646974696F6E45787072657373696F6E207873693A747970653D2274466F726D616C45787072657373696F6E223E3C215B43444154415B247B706173733D3D317D5D5D3E3C2F636F6E646974696F6E45787072657373696F6E3E0D0A202020203C2F73657175656E6365466C6F773E0D0A202020203C73657175656E6365466C6F772069643D227369642D41373538393038342D343632332D344645412D413737342D30304137304444433144323022206E616D653D22E698AF2220736F757263655265663D227369642D45443436464534312D413046442D343936442D383644432D32433937414635373335463022207461726765745265663D22617564697433223E0D0A2020202020203C636F6E646974696F6E45787072657373696F6E207873693A747970653D2274466F726D616C45787072657373696F6E223E3C215B43444154415B247B706173733D3D317D5D5D3E3C2F636F6E646974696F6E45787072657373696F6E3E0D0A202020203C2F73657175656E6365466C6F773E0D0A202020203C73657175656E6365466C6F772069643D227369642D46413631383633362D333730382D344430432D383531342D32394134424238424339323622206E616D653D22E590A62220736F757263655265663D227369642D45443436464534312D413046442D343936442D383644432D32433937414635373335463022207461726765745265663D226D6F64696679223E0D0A2020202020203C636F6E646974696F6E45787072657373696F6E207873693A747970653D2274466F726D616C45787072657373696F6E223E3C215B43444154415B247B706173733D3D307D5D5D3E3C2F636F6E646974696F6E45787072657373696F6E3E0D0A202020203C2F73657175656E6365466C6F773E0D0A202020203C73657175656E6365466C6F772069643D227369642D31353235424646342D334539442D344438412D424638302D31463633414645313632383922206E616D653D22E590A62220736F757263655265663D227369642D46453438354232442D394132332D343233362D424430442D44373838434136453330453422207461726765745265663D226D6F64696679223E0D0A2020202020203C636F6E646974696F6E45787072657373696F6E207873693A747970653D2274466F726D616C45787072657373696F6E223E3C215B43444154415B247B706173733D3D307D5D5D3E3C2F636F6E646974696F6E45787072657373696F6E3E0D0A202020203C2F73657175656E6365466C6F773E0D0A202020203C73657175656E6365466C6F772069643D227369642D33354343384336432D313036372D343339382D393931432D43434639353531313539363522206E616D653D22E590A62220736F757263655265663D227369642D33463533423642442D463846332D343936422D414330382D35303633304244313134373722207461726765745265663D226D6F64696679223E0D0A2020202020203C636F6E646974696F6E45787072657373696F6E207873693A747970653D2274466F726D616C45787072657373696F6E223E3C215B43444154415B247B706173733D3D307D5D5D3E3C2F636F6E646974696F6E45787072657373696F6E3E0D0A202020203C2F73657175656E6365466C6F773E0D0A202020203C73657175656E6365466C6F772069643D227369642D42444230414142322D374535302D344433352D383045452D4345304245434444394635372220736F757263655265663D226170706C795F656E6422207461726765745265663D22656E64222F3E0D0A202020203C73657175656E6365466C6F772069643D227369642D34344146423943312D343035372D344334382D423146322D31454338393741353243423722206E616D653D22E99480E6AF812220736F757263655265663D227369642D35464544303244362D433338382D343843362D383730452D30393744423231333145413022207461726765745265663D22656E64223E0D0A2020202020203C636F6E646974696F6E45787072657373696F6E207873693A747970653D2274466F726D616C45787072657373696F6E223E3C215B43444154415B247B706173733D3D307D5D5D3E3C2F636F6E646974696F6E45787072657373696F6E3E0D0A202020203C2F73657175656E6365466C6F773E0D0A20203C2F70726F636573733E0D0A20203C62706D6E64693A42504D4E4469616772616D2069643D2242504D4E4469616772616D5F746573745F6175646974223E0D0A202020203C62706D6E64693A42504D4E506C616E652062706D6E456C656D656E743D22746573745F6175646974222069643D2242504D4E506C616E655F746573745F6175646974223E0D0A2020202020203C62706D6E64693A42504D4E53686170652062706D6E456C656D656E743D227374617274222069643D2242504D4E53686170655F7374617274223E0D0A20202020202020203C6F6D6764633A426F756E6473206865696768743D2233302E30222077696474683D2233302E302220783D2233302E302220793D223234352E30222F3E0D0A2020202020203C2F62706D6E64693A42504D4E53686170653E0D0A2020202020203C62706D6E64693A42504D4E53686170652062706D6E456C656D656E743D22656E64222069643D2242504D4E53686170655F656E64223E0D0A20202020202020203C6F6D6764633A426F756E6473206865696768743D2232382E30222077696474683D2232382E302220783D223937352E302220793D223335362E30222F3E0D0A2020202020203C2F62706D6E64693A42504D4E53686170653E0D0A2020202020203C62706D6E64693A42504D4E53686170652062706D6E456C656D656E743D226D6F64696679222069643D2242504D4E53686170655F6D6F64696679223E0D0A20202020202020203C6F6D6764633A426F756E6473206865696768743D2235382E30222077696474683D223130322E302220783D223230392E302220793D223133352E30222F3E0D0A2020202020203C2F62706D6E64693A42504D4E53686170653E0D0A2020202020203C62706D6E64693A42504D4E53686170652062706D6E456C656D656E743D226175646974222069643D2242504D4E53686170655F6175646974223E0D0A20202020202020203C6F6D6764633A426F756E6473206865696768743D2235372E30222077696474683D2239362E302220783D223130352E302220793D223233312E35222F3E0D0A2020202020203C2F62706D6E64693A42504D4E53686170653E0D0A2020202020203C62706D6E64693A42504D4E53686170652062706D6E456C656D656E743D227369642D43323842423546362D303133442D343537302D423433322D363142333830433146343646222069643D2242504D4E53686170655F7369642D43323842423546362D303133442D343537302D423433322D363142333830433146343646223E0D0A20202020202020203C6F6D6764633A426F756E6473206865696768743D2234302E30222077696474683D2234302E302220783D223234302E302220793D223234302E30222F3E0D0A2020202020203C2F62706D6E64693A42504D4E53686170653E0D0A2020202020203C62706D6E64693A42504D4E53686170652062706D6E456C656D656E743D22617564697432222069643D2242504D4E53686170655F617564697432223E0D0A20202020202020203C6F6D6764633A426F756E6473206865696768743D2238302E30222077696474683D223130302E302220783D223231302E302220793D223333302E30222F3E0D0A2020202020203C2F62706D6E64693A42504D4E53686170653E0D0A2020202020203C62706D6E64693A42504D4E53686170652062706D6E456C656D656E743D227369642D45443436464534312D413046442D343936442D383644432D324339374146353733354630222069643D2242504D4E53686170655F7369642D45443436464534312D413046442D343936442D383644432D324339374146353733354630223E0D0A20202020202020203C6F6D6764633A426F756E6473206865696768743D2234302E30222077696474683D2234302E302220783D223334352E302220793D223335302E30222F3E0D0A2020202020203C2F62706D6E64693A42504D4E53686170653E0D0A2020202020203C62706D6E64693A42504D4E53686170652062706D6E456C656D656E743D22617564697433222069643D2242504D4E53686170655F617564697433223E0D0A20202020202020203C6F6D6764633A426F756E6473206865696768743D2238302E30222077696474683D223130302E302220783D223432302E302220793D223333302E30222F3E0D0A2020202020203C2F62706D6E64693A42504D4E53686170653E0D0A2020202020203C62706D6E64693A42504D4E53686170652062706D6E456C656D656E743D227369642D46453438354232442D394132332D343233362D424430442D443738384341364533304534222069643D2242504D4E53686170655F7369642D46453438354232442D394132332D343233362D424430442D443738384341364533304534223E0D0A20202020202020203C6F6D6764633A426F756E6473206865696768743D2234302E30222077696474683D2234302E302220783D223535352E302220793D223335302E30222F3E0D0A2020202020203C2F62706D6E64693A42504D4E53686170653E0D0A2020202020203C62706D6E64693A42504D4E53686170652062706D6E456C656D656E743D22617564697434222069643D2242504D4E53686170655F617564697434223E0D0A20202020202020203C6F6D6764633A426F756E6473206865696768743D2238302E30222077696474683D223130302E302220783D223633302E302220793D223333302E30222F3E0D0A2020202020203C2F62706D6E64693A42504D4E53686170653E0D0A2020202020203C62706D6E64693A42504D4E53686170652062706D6E456C656D656E743D227369642D33463533423642442D463846332D343936422D414330382D353036333042443131343737222069643D2242504D4E53686170655F7369642D33463533423642442D463846332D343936422D414330382D353036333042443131343737223E0D0A20202020202020203C6F6D6764633A426F756E6473206865696768743D2234302E30222077696474683D2234302E302220783D223736352E302220793D223335302E30222F3E0D0A2020202020203C2F62706D6E64693A42504D4E53686170653E0D0A2020202020203C62706D6E64693A42504D4E53686170652062706D6E456C656D656E743D226170706C795F656E64222069643D2242504D4E53686170655F6170706C795F656E64223E0D0A20202020202020203C6F6D6764633A426F756E6473206865696768743D2238302E30222077696474683D223130302E302220783D223834302E302220793D223333302E30222F3E0D0A2020202020203C2F62706D6E64693A42504D4E53686170653E0D0A2020202020203C62706D6E64693A42504D4E53686170652062706D6E456C656D656E743D227369642D35464544303244362D433338382D343843362D383730452D303937444232313331454130222069643D2242504D4E53686170655F7369642D35464544303244362D433338382D343843362D383730452D303937444232313331454130223E0D0A20202020202020203C6F6D6764633A426F756E6473206865696768743D2234302E30222077696474683D2234302E302220783D223234302E302220793D2234352E30222F3E0D0A2020202020203C2F62706D6E64693A42504D4E53686170653E0D0A2020202020203C62706D6E64693A42504D4E456467652062706D6E456C656D656E743D227369642D33444243443636312D353732302D343438302D383135362D373438424530323735464546222069643D2242504D4E456467655F7369642D33444243443636312D353732302D343438302D383135362D373438424530323735464546223E0D0A20202020202020203C6F6D6764693A776179706F696E7420783D223532302E302220793D223337302E30222F3E0D0A20202020202020203C6F6D6764693A776179706F696E7420783D223535352E302220793D223337302E30222F3E0D0A2020202020203C2F62706D6E64693A42504D4E456467653E0D0A2020202020203C62706D6E64693A42504D4E456467652062706D6E456C656D656E743D227369642D34344146423943312D343035372D344334382D423146322D314543383937413532434237222069643D2242504D4E456467655F7369642D34344146423943312D343035372D344334382D423146322D314543383937413532434237223E0D0A20202020202020203C6F6D6764693A776179706F696E7420783D223238302E302220793D2236352E30222F3E0D0A20202020202020203C6F6D6764693A776179706F696E7420783D223938392E302220793D2236352E30222F3E0D0A20202020202020203C6F6D6764693A776179706F696E7420783D223938392E302220793D223335362E30222F3E0D0A2020202020203C2F62706D6E64693A42504D4E456467653E0D0A2020202020203C62706D6E64693A42504D4E456467652062706D6E456C656D656E743D227369642D38343438454634412D423632452D343839392D414243322D304532444232414536383338222069643D2242504D4E456467655F7369642D38343438454634412D423632452D343839392D414243322D304532444232414536383338223E0D0A20202020202020203C6F6D6764693A776179706F696E7420783D223234302E302220793D2236352E30222F3E0D0A20202020202020203C6F6D6764693A776179706F696E7420783D223135332E302220793D2236352E30222F3E0D0A20202020202020203C6F6D6764693A776179706F696E7420783D223135332E302220793D223233312E35222F3E0D0A2020202020203C2F62706D6E64693A42504D4E456467653E0D0A2020202020203C62706D6E64693A42504D4E456467652062706D6E456C656D656E743D227369642D41373538393038342D343632332D344645412D413737342D303041373044444331443230222069643D2242504D4E456467655F7369642D41373538393038342D343632332D344645412D413737342D303041373044444331443230223E0D0A20202020202020203C6F6D6764693A776179706F696E7420783D223338352E302220793D223337302E30222F3E0D0A20202020202020203C6F6D6764693A776179706F696E7420783D223432302E302220793D223337302E30222F3E0D0A2020202020203C2F62706D6E64693A42504D4E456467653E0D0A2020202020203C62706D6E64693A42504D4E456467652062706D6E456C656D656E743D227369642D33354343384336432D313036372D343339382D393931432D434346393535313135393635222069643D2242504D4E456467655F7369642D33354343384336432D313036372D343339382D393931432D434346393535313135393635223E0D0A20202020202020203C6F6D6764693A776179706F696E7420783D223738352E302220793D223335302E30222F3E0D0A20202020202020203C6F6D6764693A776179706F696E7420783D223738352E302220793D223136342E30222F3E0D0A20202020202020203C6F6D6764693A776179706F696E7420783D223331312E302220793D223136342E30222F3E0D0A2020202020203C2F62706D6E64693A42504D4E456467653E0D0A2020202020203C62706D6E64693A42504D4E456467652062706D6E456C656D656E743D227369642D45463246353142422D314439392D344630422D414346322D423643313330304137443242222069643D2242504D4E456467655F7369642D45463246353142422D314439392D344630422D414346322D423643313330304137443242223E0D0A20202020202020203C6F6D6764693A776179706F696E7420783D223331302E302220793D223337302E30222F3E0D0A20202020202020203C6F6D6764693A776179706F696E7420783D223334352E302220793D223337302E30222F3E0D0A2020202020203C2F62706D6E64693A42504D4E456467653E0D0A2020202020203C62706D6E64693A42504D4E456467652062706D6E456C656D656E743D227369642D37443732333139302D313433322D343131442D413441342D373734323235453534434439222069643D2242504D4E456467655F7369642D37443732333139302D313433322D343131442D413441342D373734323235453534434439223E0D0A20202020202020203C6F6D6764693A776179706F696E7420783D223830352E302220793D223337302E30222F3E0D0A20202020202020203C6F6D6764693A776179706F696E7420783D223834302E302220793D223337302E30222F3E0D0A2020202020203C2F62706D6E64693A42504D4E456467653E0D0A2020202020203C62706D6E64693A42504D4E456467652062706D6E456C656D656E743D227369642D32414237433031412D353045452D344141432D384338462D463645313933354233444137222069643D2242504D4E456467655F7369642D32414237433031412D353045452D344141432D384338462D463645313933354233444137223E0D0A20202020202020203C6F6D6764693A776179706F696E7420783D223230312E302220793D223236302E30222F3E0D0A20202020202020203C6F6D6764693A776179706F696E7420783D223234302E302220793D223236302E30222F3E0D0A2020202020203C2F62706D6E64693A42504D4E456467653E0D0A2020202020203C62706D6E64693A42504D4E456467652062706D6E456C656D656E743D227369642D44343443414434332D303237312D343932302D413532342D394238353333453532353530222069643D2242504D4E456467655F7369642D44343443414434332D303237312D343932302D413532342D394238353333453532353530223E0D0A20202020202020203C6F6D6764693A776179706F696E7420783D223539352E302220793D223337302E30222F3E0D0A20202020202020203C6F6D6764693A776179706F696E7420783D223633302E302220793D223337302E30222F3E0D0A2020202020203C2F62706D6E64693A42504D4E456467653E0D0A2020202020203C62706D6E64693A42504D4E456467652062706D6E456C656D656E743D227369642D46413631383633362D333730382D344430432D383531342D323941344242384243393236222069643D2242504D4E456467655F7369642D46413631383633362D333730382D344430432D383531342D323941344242384243393236223E0D0A20202020202020203C6F6D6764693A776179706F696E7420783D223336352E302220793D223335302E30222F3E0D0A20202020202020203C6F6D6764693A776179706F696E7420783D223336352E302220793D223136342E30222F3E0D0A20202020202020203C6F6D6764693A776179706F696E7420783D223331312E302220793D223136342E30222F3E0D0A2020202020203C2F62706D6E64693A42504D4E456467653E0D0A2020202020203C62706D6E64693A42504D4E456467652062706D6E456C656D656E743D227369642D30324442324144392D313333322D343139382D414338442D323241333531363944313543222069643D2242504D4E456467655F7369642D30324442324144392D313333322D343139382D414338442D323241333531363944313543223E0D0A20202020202020203C6F6D6764693A776179706F696E7420783D223733302E302220793D223337302E30222F3E0D0A20202020202020203C6F6D6764693A776179706F696E7420783D223736352E302220793D223337302E30222F3E0D0A2020202020203C2F62706D6E64693A42504D4E456467653E0D0A2020202020203C62706D6E64693A42504D4E456467652062706D6E456C656D656E743D227369642D33364535304338422D364337432D343936382D423032442D454241413432354246344245222069643D2242504D4E456467655F7369642D33364535304338422D364337432D343936382D423032442D454241413432354246344245223E0D0A20202020202020203C6F6D6764693A776179706F696E7420783D2236302E302220793D223236302E30222F3E0D0A20202020202020203C6F6D6764693A776179706F696E7420783D223130352E302220793D223236302E30222F3E0D0A2020202020203C2F62706D6E64693A42504D4E456467653E0D0A2020202020203C62706D6E64693A42504D4E456467652062706D6E456C656D656E743D227369642D35333235383530322D343345452D344445382D423141342D444244313139323242384146222069643D2242504D4E456467655F7369642D35333235383530322D343345452D344445382D423141342D444244313139323242384146223E0D0A20202020202020203C6F6D6764693A776179706F696E7420783D223236302E302220793D223234302E30222F3E0D0A20202020202020203C6F6D6764693A776179706F696E7420783D223236302E302220793D223139332E30222F3E0D0A2020202020203C2F62706D6E64693A42504D4E456467653E0D0A2020202020203C62706D6E64693A42504D4E456467652062706D6E456C656D656E743D227369642D31363344424336302D444243392D343338422D393731412D363737333846423737313541222069643D2242504D4E456467655F7369642D31363344424336302D444243392D343338422D393731412D363737333846423737313541223E0D0A20202020202020203C6F6D6764693A776179706F696E7420783D223236302E302220793D223133352E30222F3E0D0A20202020202020203C6F6D6764693A776179706F696E7420783D223236302E302220793D2238352E30222F3E0D0A2020202020203C2F62706D6E64693A42504D4E456467653E0D0A2020202020203C62706D6E64693A42504D4E456467652062706D6E456C656D656E743D227369642D42444230414142322D374535302D344433352D383045452D434530424543444439463537222069643D2242504D4E456467655F7369642D42444230414142322D374535302D344433352D383045452D434530424543444439463537223E0D0A20202020202020203C6F6D6764693A776179706F696E7420783D223934302E302220793D223337302E30222F3E0D0A20202020202020203C6F6D6764693A776179706F696E7420783D223937352E302220793D223337302E30222F3E0D0A2020202020203C2F62706D6E64693A42504D4E456467653E0D0A2020202020203C62706D6E64693A42504D4E456467652062706D6E456C656D656E743D227369642D31353235424646342D334539442D344438412D424638302D314636334146453136323839222069643D2242504D4E456467655F7369642D31353235424646342D334539442D344438412D424638302D314636334146453136323839223E0D0A20202020202020203C6F6D6764693A776179706F696E7420783D223537352E302220793D223335302E30222F3E0D0A20202020202020203C6F6D6764693A776179706F696E7420783D223537352E302220793D223136342E30222F3E0D0A20202020202020203C6F6D6764693A776179706F696E7420783D223331312E302220793D223136342E30222F3E0D0A2020202020203C2F62706D6E64693A42504D4E456467653E0D0A2020202020203C62706D6E64693A42504D4E456467652062706D6E456C656D656E743D227369642D37323235384134312D323033452D343238432D423731442D434133353036323532443733222069643D2242504D4E456467655F7369642D37323235384134312D323033452D343238432D423731442D434133353036323532443733223E0D0A20202020202020203C6F6D6764693A776179706F696E7420783D223236302E302220793D223238302E30222F3E0D0A20202020202020203C6F6D6764693A776179706F696E7420783D223236302E302220793D223333302E30222F3E0D0A2020202020203C2F62706D6E64693A42504D4E456467653E0D0A202020203C2F62706D6E64693A42504D4E506C616E653E0D0A20203C2F62706D6E64693A42504D4E4469616772616D3E0D0A3C2F646566696E6974696F6E733E, '0');

-- ----------------------------
-- Table structure for `act_ge_property`
-- ----------------------------
DROP TABLE IF EXISTS `act_ge_property`;
CREATE TABLE `act_ge_property` (
  `NAME_` varchar(64) COLLATE utf8_bin NOT NULL,
  `VALUE_` varchar(300) COLLATE utf8_bin DEFAULT NULL,
  `REV_` int(11) DEFAULT NULL,
  PRIMARY KEY (`NAME_`)
) ENGINE=InnoDB DEFAULT CHARSET=utf8 COLLATE=utf8_bin;

-- ----------------------------
-- Records of act_ge_property
-- ----------------------------
INSERT INTO `act_ge_property` VALUES ('next.dbid', '1', '1');
INSERT INTO `act_ge_property` VALUES ('schema.history', 'create(5.15.1)', '1');
INSERT INTO `act_ge_property` VALUES ('schema.version', '5.15.1', '1');

-- ----------------------------
-- Table structure for `act_hi_actinst`
-- ----------------------------
DROP TABLE IF EXISTS `act_hi_actinst`;
CREATE TABLE `act_hi_actinst` (
  `ID_` varchar(64) COLLATE utf8_bin NOT NULL,
  `PROC_DEF_ID_` varchar(64) COLLATE utf8_bin NOT NULL,
  `PROC_INST_ID_` varchar(64) COLLATE utf8_bin NOT NULL,
  `EXECUTION_ID_` varchar(64) COLLATE utf8_bin NOT NULL,
  `ACT_ID_` varchar(255) COLLATE utf8_bin NOT NULL,
  `TASK_ID_` varchar(64) COLLATE utf8_bin DEFAULT NULL,
  `CALL_PROC_INST_ID_` varchar(64) COLLATE utf8_bin DEFAULT NULL,
  `ACT_NAME_` varchar(255) COLLATE utf8_bin DEFAULT NULL,
  `ACT_TYPE_` varchar(255) COLLATE utf8_bin NOT NULL,
  `ASSIGNEE_` varchar(255) COLLATE utf8_bin DEFAULT NULL,
  `START_TIME_` datetime NOT NULL,
  `END_TIME_` datetime DEFAULT NULL,
  `DURATION_` bigint(20) DEFAULT NULL,
  `TENANT_ID_` varchar(255) COLLATE utf8_bin DEFAULT '',
  PRIMARY KEY (`ID_`),
  KEY `ACT_IDX_HI_ACT_INST_START` (`START_TIME_`),
  KEY `ACT_IDX_HI_ACT_INST_END` (`END_TIME_`),
  KEY `ACT_IDX_HI_ACT_INST_PROCINST` (`PROC_INST_ID_`,`ACT_ID_`),
  KEY `ACT_IDX_HI_ACT_INST_EXEC` (`EXECUTION_ID_`,`ACT_ID_`)
) ENGINE=InnoDB DEFAULT CHARSET=utf8 COLLATE=utf8_bin;

-- ----------------------------
-- Records of act_hi_actinst
-- ----------------------------

-- ----------------------------
-- Table structure for `act_hi_attachment`
-- ----------------------------
DROP TABLE IF EXISTS `act_hi_attachment`;
CREATE TABLE `act_hi_attachment` (
  `ID_` varchar(64) COLLATE utf8_bin NOT NULL,
  `REV_` int(11) DEFAULT NULL,
  `USER_ID_` varchar(255) COLLATE utf8_bin DEFAULT NULL,
  `NAME_` varchar(255) COLLATE utf8_bin DEFAULT NULL,
  `DESCRIPTION_` varchar(4000) COLLATE utf8_bin DEFAULT NULL,
  `TYPE_` varchar(255) COLLATE utf8_bin DEFAULT NULL,
  `TASK_ID_` varchar(64) COLLATE utf8_bin DEFAULT NULL,
  `PROC_INST_ID_` varchar(64) COLLATE utf8_bin DEFAULT NULL,
  `URL_` varchar(4000) COLLATE utf8_bin DEFAULT NULL,
  `CONTENT_ID_` varchar(64) COLLATE utf8_bin DEFAULT NULL,
  PRIMARY KEY (`ID_`)
) ENGINE=InnoDB DEFAULT CHARSET=utf8 COLLATE=utf8_bin;

-- ----------------------------
-- Records of act_hi_attachment
-- ----------------------------

-- ----------------------------
-- Table structure for `act_hi_comment`
-- ----------------------------
DROP TABLE IF EXISTS `act_hi_comment`;
CREATE TABLE `act_hi_comment` (
  `ID_` varchar(64) COLLATE utf8_bin NOT NULL,
  `TYPE_` varchar(255) COLLATE utf8_bin DEFAULT NULL,
  `TIME_` datetime NOT NULL,
  `USER_ID_` varchar(255) COLLATE utf8_bin DEFAULT NULL,
  `TASK_ID_` varchar(64) COLLATE utf8_bin DEFAULT NULL,
  `PROC_INST_ID_` varchar(64) COLLATE utf8_bin DEFAULT NULL,
  `ACTION_` varchar(255) COLLATE utf8_bin DEFAULT NULL,
  `MESSAGE_` varchar(4000) COLLATE utf8_bin DEFAULT NULL,
  `FULL_MSG_` longblob,
  PRIMARY KEY (`ID_`)
) ENGINE=InnoDB DEFAULT CHARSET=utf8 COLLATE=utf8_bin;

-- ----------------------------
-- Records of act_hi_comment
-- ----------------------------

-- ----------------------------
-- Table structure for `act_hi_detail`
-- ----------------------------
DROP TABLE IF EXISTS `act_hi_detail`;
CREATE TABLE `act_hi_detail` (
  `ID_` varchar(64) COLLATE utf8_bin NOT NULL,
  `TYPE_` varchar(255) COLLATE utf8_bin NOT NULL,
  `PROC_INST_ID_` varchar(64) COLLATE utf8_bin DEFAULT NULL,
  `EXECUTION_ID_` varchar(64) COLLATE utf8_bin DEFAULT NULL,
  `TASK_ID_` varchar(64) COLLATE utf8_bin DEFAULT NULL,
  `ACT_INST_ID_` varchar(64) COLLATE utf8_bin DEFAULT NULL,
  `NAME_` varchar(255) COLLATE utf8_bin NOT NULL,
  `VAR_TYPE_` varchar(255) COLLATE utf8_bin DEFAULT NULL,
  `REV_` int(11) DEFAULT NULL,
  `TIME_` datetime NOT NULL,
  `BYTEARRAY_ID_` varchar(64) COLLATE utf8_bin DEFAULT NULL,
  `DOUBLE_` double DEFAULT NULL,
  `LONG_` bigint(20) DEFAULT NULL,
  `TEXT_` varchar(4000) COLLATE utf8_bin DEFAULT NULL,
  `TEXT2_` varchar(4000) COLLATE utf8_bin DEFAULT NULL,
  PRIMARY KEY (`ID_`),
  KEY `ACT_IDX_HI_DETAIL_PROC_INST` (`PROC_INST_ID_`),
  KEY `ACT_IDX_HI_DETAIL_ACT_INST` (`ACT_INST_ID_`),
  KEY `ACT_IDX_HI_DETAIL_TIME` (`TIME_`),
  KEY `ACT_IDX_HI_DETAIL_NAME` (`NAME_`),
  KEY `ACT_IDX_HI_DETAIL_TASK_ID` (`TASK_ID_`)
) ENGINE=InnoDB DEFAULT CHARSET=utf8 COLLATE=utf8_bin;

-- ----------------------------
-- Records of act_hi_detail
-- ----------------------------

-- ----------------------------
-- Table structure for `act_hi_identitylink`
-- ----------------------------
DROP TABLE IF EXISTS `act_hi_identitylink`;
CREATE TABLE `act_hi_identitylink` (
  `ID_` varchar(64) COLLATE utf8_bin NOT NULL,
  `GROUP_ID_` varchar(255) COLLATE utf8_bin DEFAULT NULL,
  `TYPE_` varchar(255) COLLATE utf8_bin DEFAULT NULL,
  `USER_ID_` varchar(255) COLLATE utf8_bin DEFAULT NULL,
  `TASK_ID_` varchar(64) COLLATE utf8_bin DEFAULT NULL,
  `PROC_INST_ID_` varchar(64) COLLATE utf8_bin DEFAULT NULL,
  PRIMARY KEY (`ID_`),
  KEY `ACT_IDX_HI_IDENT_LNK_USER` (`USER_ID_`),
  KEY `ACT_IDX_HI_IDENT_LNK_TASK` (`TASK_ID_`),
  KEY `ACT_IDX_HI_IDENT_LNK_PROCINST` (`PROC_INST_ID_`)
) ENGINE=InnoDB DEFAULT CHARSET=utf8 COLLATE=utf8_bin;

-- ----------------------------
-- Records of act_hi_identitylink
-- ----------------------------

-- ----------------------------
-- Table structure for `act_hi_procinst`
-- ----------------------------
DROP TABLE IF EXISTS `act_hi_procinst`;
CREATE TABLE `act_hi_procinst` (
  `ID_` varchar(64) COLLATE utf8_bin NOT NULL,
  `PROC_INST_ID_` varchar(64) COLLATE utf8_bin NOT NULL,
  `BUSINESS_KEY_` varchar(255) COLLATE utf8_bin DEFAULT NULL,
  `PROC_DEF_ID_` varchar(64) COLLATE utf8_bin NOT NULL,
  `START_TIME_` datetime NOT NULL,
  `END_TIME_` datetime DEFAULT NULL,
  `DURATION_` bigint(20) DEFAULT NULL,
  `START_USER_ID_` varchar(255) COLLATE utf8_bin DEFAULT NULL,
  `START_ACT_ID_` varchar(255) COLLATE utf8_bin DEFAULT NULL,
  `END_ACT_ID_` varchar(255) COLLATE utf8_bin DEFAULT NULL,
  `SUPER_PROCESS_INSTANCE_ID_` varchar(64) COLLATE utf8_bin DEFAULT NULL,
  `DELETE_REASON_` varchar(4000) COLLATE utf8_bin DEFAULT NULL,
  `TENANT_ID_` varchar(255) COLLATE utf8_bin DEFAULT '',
  PRIMARY KEY (`ID_`),
  UNIQUE KEY `PROC_INST_ID_` (`PROC_INST_ID_`),
  KEY `ACT_IDX_HI_PRO_INST_END` (`END_TIME_`),
  KEY `ACT_IDX_HI_PRO_I_BUSKEY` (`BUSINESS_KEY_`)
) ENGINE=InnoDB DEFAULT CHARSET=utf8 COLLATE=utf8_bin;

-- ----------------------------
-- Records of act_hi_procinst
-- ----------------------------

-- ----------------------------
-- Table structure for `act_hi_taskinst`
-- ----------------------------
DROP TABLE IF EXISTS `act_hi_taskinst`;
CREATE TABLE `act_hi_taskinst` (
  `ID_` varchar(64) COLLATE utf8_bin NOT NULL,
  `PROC_DEF_ID_` varchar(64) COLLATE utf8_bin DEFAULT NULL,
  `TASK_DEF_KEY_` varchar(255) COLLATE utf8_bin DEFAULT NULL,
  `PROC_INST_ID_` varchar(64) COLLATE utf8_bin DEFAULT NULL,
  `EXECUTION_ID_` varchar(64) COLLATE utf8_bin DEFAULT NULL,
  `NAME_` varchar(255) COLLATE utf8_bin DEFAULT NULL,
  `PARENT_TASK_ID_` varchar(64) COLLATE utf8_bin DEFAULT NULL,
  `DESCRIPTION_` varchar(4000) COLLATE utf8_bin DEFAULT NULL,
  `OWNER_` varchar(255) COLLATE utf8_bin DEFAULT NULL,
  `ASSIGNEE_` varchar(255) COLLATE utf8_bin DEFAULT NULL,
  `START_TIME_` datetime NOT NULL,
  `CLAIM_TIME_` datetime DEFAULT NULL,
  `END_TIME_` datetime DEFAULT NULL,
  `DURATION_` bigint(20) DEFAULT NULL,
  `DELETE_REASON_` varchar(4000) COLLATE utf8_bin DEFAULT NULL,
  `PRIORITY_` int(11) DEFAULT NULL,
  `DUE_DATE_` datetime DEFAULT NULL,
  `FORM_KEY_` varchar(255) COLLATE utf8_bin DEFAULT NULL,
  `CATEGORY_` varchar(255) COLLATE utf8_bin DEFAULT NULL,
  `TENANT_ID_` varchar(255) COLLATE utf8_bin DEFAULT '',
  PRIMARY KEY (`ID_`)
) ENGINE=InnoDB DEFAULT CHARSET=utf8 COLLATE=utf8_bin;

-- ----------------------------
-- Records of act_hi_taskinst
-- ----------------------------

-- ----------------------------
-- Table structure for `act_hi_varinst`
-- ----------------------------
DROP TABLE IF EXISTS `act_hi_varinst`;
CREATE TABLE `act_hi_varinst` (
  `ID_` varchar(64) COLLATE utf8_bin NOT NULL,
  `PROC_INST_ID_` varchar(64) COLLATE utf8_bin DEFAULT NULL,
  `EXECUTION_ID_` varchar(64) COLLATE utf8_bin DEFAULT NULL,
  `TASK_ID_` varchar(64) COLLATE utf8_bin DEFAULT NULL,
  `NAME_` varchar(255) COLLATE utf8_bin NOT NULL,
  `VAR_TYPE_` varchar(100) COLLATE utf8_bin DEFAULT NULL,
  `REV_` int(11) DEFAULT NULL,
  `BYTEARRAY_ID_` varchar(64) COLLATE utf8_bin DEFAULT NULL,
  `DOUBLE_` double DEFAULT NULL,
  `LONG_` bigint(20) DEFAULT NULL,
  `TEXT_` varchar(4000) COLLATE utf8_bin DEFAULT NULL,
  `TEXT2_` varchar(4000) COLLATE utf8_bin DEFAULT NULL,
  `CREATE_TIME_` datetime DEFAULT NULL,
  `LAST_UPDATED_TIME_` datetime DEFAULT NULL,
  PRIMARY KEY (`ID_`),
  KEY `ACT_IDX_HI_PROCVAR_PROC_INST` (`PROC_INST_ID_`),
  KEY `ACT_IDX_HI_PROCVAR_NAME_TYPE` (`NAME_`,`VAR_TYPE_`)
) ENGINE=InnoDB DEFAULT CHARSET=utf8 COLLATE=utf8_bin;

-- ----------------------------
-- Records of act_hi_varinst
-- ----------------------------

-- ----------------------------
-- Table structure for `act_id_group`
-- ----------------------------
DROP TABLE IF EXISTS `act_id_group`;
CREATE TABLE `act_id_group` (
  `ID_` varchar(64) COLLATE utf8_bin NOT NULL,
  `REV_` int(11) DEFAULT NULL,
  `NAME_` varchar(255) COLLATE utf8_bin DEFAULT NULL,
  `TYPE_` varchar(255) COLLATE utf8_bin DEFAULT NULL,
  PRIMARY KEY (`ID_`)
) ENGINE=InnoDB DEFAULT CHARSET=utf8 COLLATE=utf8_bin;

-- ----------------------------
-- Records of act_id_group
-- ----------------------------

-- ----------------------------
-- Table structure for `act_id_info`
-- ----------------------------
DROP TABLE IF EXISTS `act_id_info`;
CREATE TABLE `act_id_info` (
  `ID_` varchar(64) COLLATE utf8_bin NOT NULL,
  `REV_` int(11) DEFAULT NULL,
  `USER_ID_` varchar(64) COLLATE utf8_bin DEFAULT NULL,
  `TYPE_` varchar(64) COLLATE utf8_bin DEFAULT NULL,
  `KEY_` varchar(255) COLLATE utf8_bin DEFAULT NULL,
  `VALUE_` varchar(255) COLLATE utf8_bin DEFAULT NULL,
  `PASSWORD_` longblob,
  `PARENT_ID_` varchar(255) COLLATE utf8_bin DEFAULT NULL,
  PRIMARY KEY (`ID_`)
) ENGINE=InnoDB DEFAULT CHARSET=utf8 COLLATE=utf8_bin;

-- ----------------------------
-- Records of act_id_info
-- ----------------------------

-- ----------------------------
-- Table structure for `act_id_membership`
-- ----------------------------
DROP TABLE IF EXISTS `act_id_membership`;
CREATE TABLE `act_id_membership` (
  `USER_ID_` varchar(64) COLLATE utf8_bin NOT NULL,
  `GROUP_ID_` varchar(64) COLLATE utf8_bin NOT NULL,
  PRIMARY KEY (`USER_ID_`,`GROUP_ID_`),
  KEY `ACT_FK_MEMB_GROUP` (`GROUP_ID_`),
  CONSTRAINT `ACT_FK_MEMB_USER` FOREIGN KEY (`USER_ID_`) REFERENCES `act_id_user` (`ID_`),
  CONSTRAINT `ACT_FK_MEMB_GROUP` FOREIGN KEY (`GROUP_ID_`) REFERENCES `act_id_group` (`ID_`)
) ENGINE=InnoDB DEFAULT CHARSET=utf8 COLLATE=utf8_bin;

-- ----------------------------
-- Records of act_id_membership
-- ----------------------------

-- ----------------------------
-- Table structure for `act_id_user`
-- ----------------------------
DROP TABLE IF EXISTS `act_id_user`;
CREATE TABLE `act_id_user` (
  `ID_` varchar(64) COLLATE utf8_bin NOT NULL,
  `REV_` int(11) DEFAULT NULL,
  `FIRST_` varchar(255) COLLATE utf8_bin DEFAULT NULL,
  `LAST_` varchar(255) COLLATE utf8_bin DEFAULT NULL,
  `EMAIL_` varchar(255) COLLATE utf8_bin DEFAULT NULL,
  `PWD_` varchar(255) COLLATE utf8_bin DEFAULT NULL,
  `PICTURE_ID_` varchar(64) COLLATE utf8_bin DEFAULT NULL,
  PRIMARY KEY (`ID_`)
) ENGINE=InnoDB DEFAULT CHARSET=utf8 COLLATE=utf8_bin;

-- ----------------------------
-- Records of act_id_user
-- ----------------------------

-- ----------------------------
-- Table structure for `act_re_deployment`
-- ----------------------------
DROP TABLE IF EXISTS `act_re_deployment`;
CREATE TABLE `act_re_deployment` (
  `ID_` varchar(64) COLLATE utf8_bin NOT NULL,
  `NAME_` varchar(255) COLLATE utf8_bin DEFAULT NULL,
  `CATEGORY_` varchar(255) COLLATE utf8_bin DEFAULT NULL,
  `TENANT_ID_` varchar(255) COLLATE utf8_bin DEFAULT '',
  `DEPLOY_TIME_` timestamp NOT NULL DEFAULT CURRENT_TIMESTAMP ON UPDATE CURRENT_TIMESTAMP,
  PRIMARY KEY (`ID_`)
) ENGINE=InnoDB DEFAULT CHARSET=utf8 COLLATE=utf8_bin;

-- ----------------------------
-- Records of act_re_deployment
-- ----------------------------
INSERT INTO `act_re_deployment` VALUES ('14b716b4f2714eab8a2c64c62d7642e0', 'SpringAutoDeployment', null, '', '2015-12-03 21:41:56');
INSERT INTO `act_re_deployment` VALUES ('5eeab710687b47a6b894c9eedc7f7521', 'test_audit.bpmn20.xml', null, '', '2015-12-03 21:49:05');

-- ----------------------------
-- Table structure for `act_re_model`
-- ----------------------------
DROP TABLE IF EXISTS `act_re_model`;
CREATE TABLE `act_re_model` (
  `ID_` varchar(64) COLLATE utf8_bin NOT NULL,
  `REV_` int(11) DEFAULT NULL,
  `NAME_` varchar(255) COLLATE utf8_bin DEFAULT NULL,
  `KEY_` varchar(255) COLLATE utf8_bin DEFAULT NULL,
  `CATEGORY_` varchar(255) COLLATE utf8_bin DEFAULT NULL,
  `CREATE_TIME_` timestamp NULL DEFAULT NULL,
  `LAST_UPDATE_TIME_` timestamp NULL DEFAULT NULL,
  `VERSION_` int(11) DEFAULT NULL,
  `META_INFO_` varchar(4000) COLLATE utf8_bin DEFAULT NULL,
  `DEPLOYMENT_ID_` varchar(64) COLLATE utf8_bin DEFAULT NULL,
  `EDITOR_SOURCE_VALUE_ID_` varchar(64) COLLATE utf8_bin DEFAULT NULL,
  `EDITOR_SOURCE_EXTRA_VALUE_ID_` varchar(64) COLLATE utf8_bin DEFAULT NULL,
  `TENANT_ID_` varchar(255) COLLATE utf8_bin DEFAULT '',
  PRIMARY KEY (`ID_`),
  KEY `ACT_FK_MODEL_SOURCE` (`EDITOR_SOURCE_VALUE_ID_`),
  KEY `ACT_FK_MODEL_SOURCE_EXTRA` (`EDITOR_SOURCE_EXTRA_VALUE_ID_`),
  KEY `ACT_FK_MODEL_DEPLOYMENT` (`DEPLOYMENT_ID_`),
  CONSTRAINT `ACT_FK_MODEL_DEPLOYMENT` FOREIGN KEY (`DEPLOYMENT_ID_`) REFERENCES `act_re_deployment` (`ID_`),
  CONSTRAINT `ACT_FK_MODEL_SOURCE` FOREIGN KEY (`EDITOR_SOURCE_VALUE_ID_`) REFERENCES `act_ge_bytearray` (`ID_`),
  CONSTRAINT `ACT_FK_MODEL_SOURCE_EXTRA` FOREIGN KEY (`EDITOR_SOURCE_EXTRA_VALUE_ID_`) REFERENCES `act_ge_bytearray` (`ID_`)
) ENGINE=InnoDB DEFAULT CHARSET=utf8 COLLATE=utf8_bin;

-- ----------------------------
-- Records of act_re_model
-- ----------------------------
INSERT INTO `act_re_model` VALUES ('a950b0f34fed4decb121ac38bd9be62f', '2', 'test_audit.bpmn20.xml', 'test_audit', 'http://www.activiti.org/test', '2015-12-03 21:48:30', '2015-12-03 21:48:30', '1', '{\"name\":\"\",\"revision\":1,\"description\":null}', '14b716b4f2714eab8a2c64c62d7642e0', '8a6ee12492994b99ba8ac0b78bb004b9', null, '');

-- ----------------------------
-- Table structure for `act_re_procdef`
-- ----------------------------
DROP TABLE IF EXISTS `act_re_procdef`;
CREATE TABLE `act_re_procdef` (
  `ID_` varchar(64) COLLATE utf8_bin NOT NULL,
  `REV_` int(11) DEFAULT NULL,
  `CATEGORY_` varchar(255) COLLATE utf8_bin DEFAULT NULL,
  `NAME_` varchar(255) COLLATE utf8_bin DEFAULT NULL,
  `KEY_` varchar(255) COLLATE utf8_bin NOT NULL,
  `VERSION_` int(11) NOT NULL,
  `DEPLOYMENT_ID_` varchar(64) COLLATE utf8_bin DEFAULT NULL,
  `RESOURCE_NAME_` varchar(4000) COLLATE utf8_bin DEFAULT NULL,
  `DGRM_RESOURCE_NAME_` varchar(4000) COLLATE utf8_bin DEFAULT NULL,
  `DESCRIPTION_` varchar(4000) COLLATE utf8_bin DEFAULT NULL,
  `HAS_START_FORM_KEY_` tinyint(4) DEFAULT NULL,
  `SUSPENSION_STATE_` int(11) DEFAULT NULL,
  `TENANT_ID_` varchar(255) COLLATE utf8_bin DEFAULT '',
  PRIMARY KEY (`ID_`),
  UNIQUE KEY `ACT_UNIQ_PROCDEF` (`KEY_`,`VERSION_`,`TENANT_ID_`)
) ENGINE=InnoDB DEFAULT CHARSET=utf8 COLLATE=utf8_bin;

-- ----------------------------
-- Records of act_re_procdef
-- ----------------------------
INSERT INTO `act_re_procdef` VALUES ('test_audit:1:cce409f6f80d4fcb90e0dfdb3f403ce3', '1', 'http://www.activiti.org/test', '', 'test_audit', '1', '14b716b4f2714eab8a2c64c62d7642e0', 'test_audit.bpmn20.xml', 'test_audit.png', null, '1', '1', '');
INSERT INTO `act_re_procdef` VALUES ('test_audit:2:9263a692246f4956a35b468bb5300386', '1', 'http://www.activiti.org/test', '', 'test_audit', '2', '5eeab710687b47a6b894c9eedc7f7521', 'test_audit.bpmn20.xml', 'test_audit.test_audit.png', null, '1', '1', '');

-- ----------------------------
-- Table structure for `act_ru_event_subscr`
-- ----------------------------
DROP TABLE IF EXISTS `act_ru_event_subscr`;
CREATE TABLE `act_ru_event_subscr` (
  `ID_` varchar(64) COLLATE utf8_bin NOT NULL,
  `REV_` int(11) DEFAULT NULL,
  `EVENT_TYPE_` varchar(255) COLLATE utf8_bin NOT NULL,
  `EVENT_NAME_` varchar(255) COLLATE utf8_bin DEFAULT NULL,
  `EXECUTION_ID_` varchar(64) COLLATE utf8_bin DEFAULT NULL,
  `PROC_INST_ID_` varchar(64) COLLATE utf8_bin DEFAULT NULL,
  `ACTIVITY_ID_` varchar(64) COLLATE utf8_bin DEFAULT NULL,
  `CONFIGURATION_` varchar(255) COLLATE utf8_bin DEFAULT NULL,
  `CREATED_` timestamp NOT NULL DEFAULT CURRENT_TIMESTAMP,
  `PROC_DEF_ID_` varchar(64) COLLATE utf8_bin DEFAULT NULL,
  `TENANT_ID_` varchar(255) COLLATE utf8_bin DEFAULT '',
  PRIMARY KEY (`ID_`),
  KEY `ACT_IDX_EVENT_SUBSCR_CONFIG_` (`CONFIGURATION_`),
  KEY `ACT_FK_EVENT_EXEC` (`EXECUTION_ID_`),
  CONSTRAINT `ACT_FK_EVENT_EXEC` FOREIGN KEY (`EXECUTION_ID_`) REFERENCES `act_ru_execution` (`ID_`)
) ENGINE=InnoDB DEFAULT CHARSET=utf8 COLLATE=utf8_bin;

-- ----------------------------
-- Records of act_ru_event_subscr
-- ----------------------------

-- ----------------------------
-- Table structure for `act_ru_execution`
-- ----------------------------
DROP TABLE IF EXISTS `act_ru_execution`;
CREATE TABLE `act_ru_execution` (
  `ID_` varchar(64) COLLATE utf8_bin NOT NULL,
  `REV_` int(11) DEFAULT NULL,
  `PROC_INST_ID_` varchar(64) COLLATE utf8_bin DEFAULT NULL,
  `BUSINESS_KEY_` varchar(255) COLLATE utf8_bin DEFAULT NULL,
  `PARENT_ID_` varchar(64) COLLATE utf8_bin DEFAULT NULL,
  `PROC_DEF_ID_` varchar(64) COLLATE utf8_bin DEFAULT NULL,
  `SUPER_EXEC_` varchar(64) COLLATE utf8_bin DEFAULT NULL,
  `ACT_ID_` varchar(255) COLLATE utf8_bin DEFAULT NULL,
  `IS_ACTIVE_` tinyint(4) DEFAULT NULL,
  `IS_CONCURRENT_` tinyint(4) DEFAULT NULL,
  `IS_SCOPE_` tinyint(4) DEFAULT NULL,
  `IS_EVENT_SCOPE_` tinyint(4) DEFAULT NULL,
  `SUSPENSION_STATE_` int(11) DEFAULT NULL,
  `CACHED_ENT_STATE_` int(11) DEFAULT NULL,
  `TENANT_ID_` varchar(255) COLLATE utf8_bin DEFAULT '',
  PRIMARY KEY (`ID_`),
  KEY `ACT_IDX_EXEC_BUSKEY` (`BUSINESS_KEY_`),
  KEY `ACT_FK_EXE_PROCINST` (`PROC_INST_ID_`),
  KEY `ACT_FK_EXE_PARENT` (`PARENT_ID_`),
  KEY `ACT_FK_EXE_SUPER` (`SUPER_EXEC_`),
  KEY `ACT_FK_EXE_PROCDEF` (`PROC_DEF_ID_`),
  CONSTRAINT `ACT_FK_EXE_PROCDEF` FOREIGN KEY (`PROC_DEF_ID_`) REFERENCES `act_re_procdef` (`ID_`),
  CONSTRAINT `ACT_FK_EXE_PARENT` FOREIGN KEY (`PARENT_ID_`) REFERENCES `act_ru_execution` (`ID_`),
  CONSTRAINT `ACT_FK_EXE_PROCINST` FOREIGN KEY (`PROC_INST_ID_`) REFERENCES `act_ru_execution` (`ID_`) ON DELETE CASCADE ON UPDATE CASCADE,
  CONSTRAINT `ACT_FK_EXE_SUPER` FOREIGN KEY (`SUPER_EXEC_`) REFERENCES `act_ru_execution` (`ID_`)
) ENGINE=InnoDB DEFAULT CHARSET=utf8 COLLATE=utf8_bin;

-- ----------------------------
-- Records of act_ru_execution
-- ----------------------------

-- ----------------------------
-- Table structure for `act_ru_identitylink`
-- ----------------------------
DROP TABLE IF EXISTS `act_ru_identitylink`;
CREATE TABLE `act_ru_identitylink` (
  `ID_` varchar(64) COLLATE utf8_bin NOT NULL,
  `REV_` int(11) DEFAULT NULL,
  `GROUP_ID_` varchar(255) COLLATE utf8_bin DEFAULT NULL,
  `TYPE_` varchar(255) COLLATE utf8_bin DEFAULT NULL,
  `USER_ID_` varchar(255) COLLATE utf8_bin DEFAULT NULL,
  `TASK_ID_` varchar(64) COLLATE utf8_bin DEFAULT NULL,
  `PROC_INST_ID_` varchar(64) COLLATE utf8_bin DEFAULT NULL,
  `PROC_DEF_ID_` varchar(64) COLLATE utf8_bin DEFAULT NULL,
  PRIMARY KEY (`ID_`),
  KEY `ACT_IDX_IDENT_LNK_USER` (`USER_ID_`),
  KEY `ACT_IDX_IDENT_LNK_GROUP` (`GROUP_ID_`),
  KEY `ACT_IDX_ATHRZ_PROCEDEF` (`PROC_DEF_ID_`),
  KEY `ACT_FK_TSKASS_TASK` (`TASK_ID_`),
  KEY `ACT_FK_IDL_PROCINST` (`PROC_INST_ID_`),
  CONSTRAINT `ACT_FK_IDL_PROCINST` FOREIGN KEY (`PROC_INST_ID_`) REFERENCES `act_ru_execution` (`ID_`),
  CONSTRAINT `ACT_FK_ATHRZ_PROCEDEF` FOREIGN KEY (`PROC_DEF_ID_`) REFERENCES `act_re_procdef` (`ID_`),
  CONSTRAINT `ACT_FK_TSKASS_TASK` FOREIGN KEY (`TASK_ID_`) REFERENCES `act_ru_task` (`ID_`)
) ENGINE=InnoDB DEFAULT CHARSET=utf8 COLLATE=utf8_bin;

-- ----------------------------
-- Records of act_ru_identitylink
-- ----------------------------

-- ----------------------------
-- Table structure for `act_ru_job`
-- ----------------------------
DROP TABLE IF EXISTS `act_ru_job`;
CREATE TABLE `act_ru_job` (
  `ID_` varchar(64) COLLATE utf8_bin NOT NULL,
  `REV_` int(11) DEFAULT NULL,
  `TYPE_` varchar(255) COLLATE utf8_bin NOT NULL,
  `LOCK_EXP_TIME_` timestamp NULL DEFAULT NULL,
  `LOCK_OWNER_` varchar(255) COLLATE utf8_bin DEFAULT NULL,
  `EXCLUSIVE_` tinyint(1) DEFAULT NULL,
  `EXECUTION_ID_` varchar(64) COLLATE utf8_bin DEFAULT NULL,
  `PROCESS_INSTANCE_ID_` varchar(64) COLLATE utf8_bin DEFAULT NULL,
  `PROC_DEF_ID_` varchar(64) COLLATE utf8_bin DEFAULT NULL,
  `RETRIES_` int(11) DEFAULT NULL,
  `EXCEPTION_STACK_ID_` varchar(64) COLLATE utf8_bin DEFAULT NULL,
  `EXCEPTION_MSG_` varchar(4000) COLLATE utf8_bin DEFAULT NULL,
  `DUEDATE_` timestamp NULL DEFAULT NULL,
  `REPEAT_` varchar(255) COLLATE utf8_bin DEFAULT NULL,
  `HANDLER_TYPE_` varchar(255) COLLATE utf8_bin DEFAULT NULL,
  `HANDLER_CFG_` varchar(4000) COLLATE utf8_bin DEFAULT NULL,
  `TENANT_ID_` varchar(255) COLLATE utf8_bin DEFAULT '',
  PRIMARY KEY (`ID_`),
  KEY `ACT_FK_JOB_EXCEPTION` (`EXCEPTION_STACK_ID_`),
  CONSTRAINT `ACT_FK_JOB_EXCEPTION` FOREIGN KEY (`EXCEPTION_STACK_ID_`) REFERENCES `act_ge_bytearray` (`ID_`)
) ENGINE=InnoDB DEFAULT CHARSET=utf8 COLLATE=utf8_bin;

-- ----------------------------
-- Records of act_ru_job
-- ----------------------------

-- ----------------------------
-- Table structure for `act_ru_task`
-- ----------------------------
DROP TABLE IF EXISTS `act_ru_task`;
CREATE TABLE `act_ru_task` (
  `ID_` varchar(64) COLLATE utf8_bin NOT NULL,
  `REV_` int(11) DEFAULT NULL,
  `EXECUTION_ID_` varchar(64) COLLATE utf8_bin DEFAULT NULL,
  `PROC_INST_ID_` varchar(64) COLLATE utf8_bin DEFAULT NULL,
  `PROC_DEF_ID_` varchar(64) COLLATE utf8_bin DEFAULT NULL,
  `NAME_` varchar(255) COLLATE utf8_bin DEFAULT NULL,
  `PARENT_TASK_ID_` varchar(64) COLLATE utf8_bin DEFAULT NULL,
  `DESCRIPTION_` varchar(4000) COLLATE utf8_bin DEFAULT NULL,
  `TASK_DEF_KEY_` varchar(255) COLLATE utf8_bin DEFAULT NULL,
  `OWNER_` varchar(255) COLLATE utf8_bin DEFAULT NULL,
  `ASSIGNEE_` varchar(255) COLLATE utf8_bin DEFAULT NULL,
  `DELEGATION_` varchar(64) COLLATE utf8_bin DEFAULT NULL,
  `PRIORITY_` int(11) DEFAULT NULL,
  `CREATE_TIME_` timestamp NOT NULL DEFAULT CURRENT_TIMESTAMP ON UPDATE CURRENT_TIMESTAMP,
  `DUE_DATE_` datetime DEFAULT NULL,
  `CATEGORY_` varchar(255) COLLATE utf8_bin DEFAULT NULL,
  `SUSPENSION_STATE_` int(11) DEFAULT NULL,
  `TENANT_ID_` varchar(255) COLLATE utf8_bin DEFAULT '',
  PRIMARY KEY (`ID_`),
  KEY `ACT_IDX_TASK_CREATE` (`CREATE_TIME_`),
  KEY `ACT_FK_TASK_EXE` (`EXECUTION_ID_`),
  KEY `ACT_FK_TASK_PROCINST` (`PROC_INST_ID_`),
  KEY `ACT_FK_TASK_PROCDEF` (`PROC_DEF_ID_`),
  CONSTRAINT `ACT_FK_TASK_PROCDEF` FOREIGN KEY (`PROC_DEF_ID_`) REFERENCES `act_re_procdef` (`ID_`),
  CONSTRAINT `ACT_FK_TASK_EXE` FOREIGN KEY (`EXECUTION_ID_`) REFERENCES `act_ru_execution` (`ID_`),
  CONSTRAINT `ACT_FK_TASK_PROCINST` FOREIGN KEY (`PROC_INST_ID_`) REFERENCES `act_ru_execution` (`ID_`)
) ENGINE=InnoDB DEFAULT CHARSET=utf8 COLLATE=utf8_bin;

-- ----------------------------
-- Records of act_ru_task
-- ----------------------------

-- ----------------------------
-- Table structure for `act_ru_variable`
-- ----------------------------
DROP TABLE IF EXISTS `act_ru_variable`;
CREATE TABLE `act_ru_variable` (
  `ID_` varchar(64) COLLATE utf8_bin NOT NULL,
  `REV_` int(11) DEFAULT NULL,
  `TYPE_` varchar(255) COLLATE utf8_bin NOT NULL,
  `NAME_` varchar(255) COLLATE utf8_bin NOT NULL,
  `EXECUTION_ID_` varchar(64) COLLATE utf8_bin DEFAULT NULL,
  `PROC_INST_ID_` varchar(64) COLLATE utf8_bin DEFAULT NULL,
  `TASK_ID_` varchar(64) COLLATE utf8_bin DEFAULT NULL,
  `BYTEARRAY_ID_` varchar(64) COLLATE utf8_bin DEFAULT NULL,
  `DOUBLE_` double DEFAULT NULL,
  `LONG_` bigint(20) DEFAULT NULL,
  `TEXT_` varchar(4000) COLLATE utf8_bin DEFAULT NULL,
  `TEXT2_` varchar(4000) COLLATE utf8_bin DEFAULT NULL,
  PRIMARY KEY (`ID_`),
  KEY `ACT_IDX_VARIABLE_TASK_ID` (`TASK_ID_`),
  KEY `ACT_FK_VAR_EXE` (`EXECUTION_ID_`),
  KEY `ACT_FK_VAR_PROCINST` (`PROC_INST_ID_`),
  KEY `ACT_FK_VAR_BYTEARRAY` (`BYTEARRAY_ID_`),
  CONSTRAINT `ACT_FK_VAR_BYTEARRAY` FOREIGN KEY (`BYTEARRAY_ID_`) REFERENCES `act_ge_bytearray` (`ID_`),
  CONSTRAINT `ACT_FK_VAR_EXE` FOREIGN KEY (`EXECUTION_ID_`) REFERENCES `act_ru_execution` (`ID_`),
  CONSTRAINT `ACT_FK_VAR_PROCINST` FOREIGN KEY (`PROC_INST_ID_`) REFERENCES `act_ru_execution` (`ID_`)
) ENGINE=InnoDB DEFAULT CHARSET=utf8 COLLATE=utf8_bin;

-- ----------------------------
-- Records of act_ru_variable
-- ----------------------------

-- ----------------------------
-- Table structure for `cms_article`
-- ----------------------------
DROP TABLE IF EXISTS `cms_article`;
CREATE TABLE `cms_article` (
  `id` varchar(64) COLLATE utf8_bin NOT NULL COMMENT '',
  `category_id` varchar(64) COLLATE utf8_bin NOT NULL COMMENT '',
  `title` varchar(255) COLLATE utf8_bin NOT NULL COMMENT '',
  `link` varchar(255) COLLATE utf8_bin DEFAULT NULL COMMENT '',
  `color` varchar(50) COLLATE utf8_bin DEFAULT NULL COMMENT '',
  `image` varchar(255) COLLATE utf8_bin DEFAULT NULL COMMENT '',
  `keywords` varchar(255) COLLATE utf8_bin DEFAULT NULL COMMENT '',
  `description` varchar(255) COLLATE utf8_bin DEFAULT NULL COMMENT '',
  `weight` int(11) DEFAULT '0' COMMENT '',
  `weight_date` datetime DEFAULT NULL COMMENT '',
  `hits` int(11) DEFAULT '0' COMMENT '',
  `posid` varchar(10) COLLATE utf8_bin DEFAULT NULL COMMENT '',
  `custom_content_view` varchar(255) COLLATE utf8_bin DEFAULT NULL COMMENT '',
  `view_config` text COLLATE utf8_bin COMMENT '',
  `create_by` varchar(64) COLLATE utf8_bin DEFAULT NULL COMMENT '',
  `create_date` datetime DEFAULT NULL COMMENT '',
  `update_by` varchar(64) COLLATE utf8_bin DEFAULT NULL COMMENT '',
  `update_date` datetime DEFAULT NULL COMMENT '',
  `remarks` varchar(255) COLLATE utf8_bin DEFAULT NULL COMMENT '',
  `del_flag` char(1) COLLATE utf8_bin NOT NULL DEFAULT '0' COMMENT '',
  PRIMARY KEY (`id`),
  KEY `cms_article_create_by` (`create_by`),
  KEY `cms_article_title` (`title`),
  KEY `cms_article_keywords` (`keywords`),
  KEY `cms_article_del_flag` (`del_flag`),
  KEY `cms_article_weight` (`weight`),
  KEY `cms_article_update_date` (`update_date`),
  KEY `cms_article_category_id` (`category_id`)
) ENGINE=InnoDB DEFAULT CHARSET=utf8 COLLATE=utf8_bin COMMENT='';

-- ----------------------------
-- Records of cms_article
-- ----------------------------
INSERT INTO `cms_article` VALUES ('10', '4', '', null, '', '', '1,2', '', '0', null, '0', '', null, null, '1', '2015-12-03 21:11:06', '1', '2015-12-03 21:11:06', '', '0');
INSERT INTO `cms_article` VALUES ('11', '5', '', null, '', '', '1,2', '', '0', null, '0', '', null, null, '1', '2015-12-03 21:11:06', '1', '2015-12-03 21:11:06', '', '0');
INSERT INTO `cms_article` VALUES ('12', '5', '', null, '', '', '1,2', '', '0', null, '0', '', null, null, '1', '2015-12-03 21:11:06', '1', '2015-12-03 21:11:06', '', '0');
INSERT INTO `cms_article` VALUES ('13', '5', '', null, '', '', '1,2', '', '0', null, '0', '', null, null, '1', '2015-12-03 21:11:06', '1', '2015-12-03 21:11:06', '', '0');
INSERT INTO `cms_article` VALUES ('14', '7', '', null, '', '', '1,2', '', '0', null, '0', '', null, null, '1', '2015-12-03 21:11:06', '1', '2015-12-03 21:11:06', '', '0');
INSERT INTO `cms_article` VALUES ('15', '7', '', null, '', '', '1,2', '', '0', null, '0', '', null, null, '1', '2015-12-03 21:11:06', '1', '2015-12-03 21:11:06', '', '0');
INSERT INTO `cms_article` VALUES ('16', '7', '', null, '', '', '1,2', '', '0', null, '0', '', null, null, '1', '2015-12-03 21:11:06', '1', '2015-12-03 21:11:06', '', '0');
INSERT INTO `cms_article` VALUES ('17', '7', '', null, '', '', '1,2', '', '0', null, '0', '', null, null, '1', '2015-12-03 21:11:06', '1', '2015-12-03 21:11:06', '', '0');
INSERT INTO `cms_article` VALUES ('18', '8', '', null, '', '', '1,2', '', '0', null, '0', '', null, null, '1', '2015-12-03 21:11:06', '1', '2015-12-03 21:11:06', '', '0');
INSERT INTO `cms_article` VALUES ('19', '8', '', null, '', '', '1,2', '', '0', null, '0', '', null, null, '1', '2015-12-03 21:11:06', '1', '2015-12-03 21:11:06', '', '0');
INSERT INTO `cms_article` VALUES ('20', '8', '', null, '', '', '1,2', '', '0', null, '0', '', null, null, '1', '2015-12-03 21:11:06', '1', '2015-12-03 21:11:06', '', '0');
INSERT INTO `cms_article` VALUES ('21', '8', '', null, '', '', '1,2', '', '0', null, '0', '', null, null, '1', '2015-12-03 21:11:06', '1', '2015-12-03 21:11:06', '', '0');
INSERT INTO `cms_article` VALUES ('22', '9', '', null, '', '', '1,2', '', '0', null, '0', '', null, null, '1', '2015-12-03 21:11:06', '1', '2015-12-03 21:11:06', '', '0');
INSERT INTO `cms_article` VALUES ('23', '9', '', null, '', '', '1,2', '', '0', null, '0', '', null, null, '1', '2015-12-03 21:11:06', '1', '2015-12-03 21:11:06', '', '0');
INSERT INTO `cms_article` VALUES ('24', '9', '', null, '', '', '1,2', '', '0', null, '0', '', null, null, '1', '2015-12-03 21:11:06', '1', '2015-12-03 21:11:06', '', '0');
INSERT INTO `cms_article` VALUES ('25', '9', '', null, '', '', '1,2', '', '0', null, '0', '', null, null, '1', '2015-12-03 21:11:06', '1', '2015-12-03 21:11:06', '', '0');
INSERT INTO `cms_article` VALUES ('26', '9', '', null, '', '', '1,2', '', '0', null, '0', '', null, null, '1', '2015-12-03 21:11:06', '1', '2015-12-03 21:11:06', '', '0');
INSERT INTO `cms_article` VALUES ('27', '11', '', null, '', '', '1,2', '', '0', null, '0', '', null, null, '1', '2015-12-03 21:11:06', '1', '2015-12-03 21:11:06', '', '0');
INSERT INTO `cms_article` VALUES ('28', '11', '', null, '', '', '1,2', '', '0', null, '0', '', null, null, '1', '2015-12-03 21:11:06', '1', '2015-12-03 21:11:06', '', '0');
INSERT INTO `cms_article` VALUES ('29', '11', '', null, '', '', '1,2', '', '0', null, '0', '', null, null, '1', '2015-12-03 21:11:06', '1', '2015-12-03 21:11:06', '', '0');
INSERT INTO `cms_article` VALUES ('3', '3', '', null, '', '', '1,2', '', '0', null, '0', '', null, null, '1', '2015-12-03 21:11:06', '1', '2015-12-03 21:11:06', '', '0');
INSERT INTO `cms_article` VALUES ('30', '11', '', null, '', '', '1,2', '', '0', null, '0', '', null, null, '1', '2015-12-03 21:11:06', '1', '2015-12-03 21:11:06', '', '0');
INSERT INTO `cms_article` VALUES ('31', '11', '', null, '', '', '1,2', '', '0', null, '0', '', null, null, '1', '2015-12-03 21:11:06', '1', '2015-12-03 21:11:06', '', '0');
INSERT INTO `cms_article` VALUES ('32', '12', '', null, '', '', '1,2', '', '0', null, '0', '', null, null, '1', '2015-12-03 21:11:06', '1', '2015-12-03 21:11:06', '', '0');
INSERT INTO `cms_article` VALUES ('33', '12', '', null, '', '', '1,2', '', '0', null, '0', '', null, null, '1', '2015-12-03 21:11:06', '1', '2015-12-03 21:11:06', '', '0');
INSERT INTO `cms_article` VALUES ('34', '12', '', null, '', '', '1,2', '', '0', null, '0', '', null, null, '1', '2015-12-03 21:11:06', '1', '2015-12-03 21:11:06', '', '0');
INSERT INTO `cms_article` VALUES ('35', '12', '', null, '', '', '1,2', '', '0', null, '0', '', null, null, '1', '2015-12-03 21:11:06', '1', '2015-12-03 21:11:06', '', '0');
INSERT INTO `cms_article` VALUES ('36', '12', '', null, '', '', '1,2', '', '0', null, '0', '', null, null, '1', '2015-12-03 21:11:06', '1', '2015-12-03 21:11:06', '', '0');
INSERT INTO `cms_article` VALUES ('37', '13', '', null, '', '', '1,2', '', '0', null, '0', '', null, null, '1', '2015-12-03 21:11:06', '1', '2015-12-03 21:11:06', '', '0');
INSERT INTO `cms_article` VALUES ('38', '13', '', null, '', '', '1,2', '', '0', null, '0', '', null, null, '1', '2015-12-03 21:11:06', '1', '2015-12-03 21:11:06', '', '0');
INSERT INTO `cms_article` VALUES ('39', '13', '', null, '', '', '1,2', '', '0', null, '0', '', null, null, '1', '2015-12-03 21:11:06', '1', '2015-12-03 21:11:06', '', '0');
INSERT INTO `cms_article` VALUES ('4', '3', '', null, 'green', '', '1,2', '', '0', null, '0', '', null, null, '1', '2015-12-03 21:11:06', '1', '2015-12-03 21:11:06', '', '0');
INSERT INTO `cms_article` VALUES ('40', '13', '', null, '', '', '1,2', '', '0', null, '0', '', null, null, '1', '2015-12-03 21:11:06', '1', '2015-12-03 21:11:06', '', '0');
INSERT INTO `cms_article` VALUES ('41', '14', '', null, '', '', '1,2', '', '0', null, '0', '', null, null, '1', '2015-12-03 21:11:06', '1', '2015-12-03 21:11:06', '', '0');
INSERT INTO `cms_article` VALUES ('42', '14', '', null, '', '', '1,2', '', '0', null, '0', '', null, null, '1', '2015-12-03 21:11:06', '1', '2015-12-03 21:11:06', '', '0');
INSERT INTO `cms_article` VALUES ('43', '14', '', null, '', '', '1,2', '', '0', null, '0', '', null, null, '1', '2015-12-03 21:11:06', '1', '2015-12-03 21:11:06', '', '0');
INSERT INTO `cms_article` VALUES ('44', '14', '', null, '', '', '1,2', '', '0', null, '0', '', null, null, '1', '2015-12-03 21:11:06', '1', '2015-12-03 21:11:06', '', '0');
INSERT INTO `cms_article` VALUES ('45', '14', '', null, '', '', '1,2', '', '0', null, '0', '', null, null, '1', '2015-12-03 21:11:06', '1', '2015-12-03 21:11:06', '', '0');
INSERT INTO `cms_article` VALUES ('46', '15', '', null, '', '', '1,2', '', '0', null, '0', '', null, null, '1', '2015-12-03 21:11:06', '1', '2015-12-03 21:11:06', '', '0');
INSERT INTO `cms_article` VALUES ('47', '15', '', null, '', '', '1,2', '', '0', null, '0', '', null, null, '1', '2015-12-03 21:11:06', '1', '2015-12-03 21:11:06', '', '0');
INSERT INTO `cms_article` VALUES ('48', '15', '', null, '', '', '1,2', '', '0', null, '0', '', null, null, '1', '2015-12-03 21:11:06', '1', '2015-12-03 21:11:06', '', '0');
INSERT INTO `cms_article` VALUES ('49', '16', '', null, '', '', '1,2', '', '0', null, '0', '', null, null, '1', '2015-12-03 21:11:06', '1', '2015-12-03 21:11:06', '', '0');
INSERT INTO `cms_article` VALUES ('5', '3', '', null, '', '', '1,2', '', '0', null, '0', '', null, null, '1', '2015-12-03 21:11:06', '1', '2015-12-03 21:11:06', '', '0');
INSERT INTO `cms_article` VALUES ('50', '17', '', null, '', '', '1,2', '', '0', null, '0', '', null, null, '1', '2015-12-03 21:11:06', '1', '2015-12-03 21:11:06', '', '0');
INSERT INTO `cms_article` VALUES ('51', '17', '', null, '', '', '1,2', '', '0', null, '0', '', null, null, '1', '2015-12-03 21:11:06', '1', '2015-12-03 21:11:06', '', '0');
INSERT INTO `cms_article` VALUES ('52', '26', '', null, '', '', '1,2', '', '0', null, '0', '', null, null, '1', '2015-12-03 21:11:06', '1', '2015-12-03 21:11:06', '', '0');
INSERT INTO `cms_article` VALUES ('53', '26', '', null, '', '', '1,2', '', '0', null, '0', '', null, null, '1', '2015-12-03 21:11:06', '1', '2015-12-03 21:11:06', '', '0');
INSERT INTO `cms_article` VALUES ('6', '3', '', null, '', '', '1,2', '', '0', null, '0', '', null, null, '1', '2015-12-03 21:11:06', '1', '2015-12-03 21:11:06', '', '0');
INSERT INTO `cms_article` VALUES ('7', '4', '', null, '', '', '1,2', '', '0', null, '0', '', null, null, '1', '2015-12-03 21:11:06', '1', '2015-12-03 21:11:06', '', '0');
INSERT INTO `cms_article` VALUES ('8', '4', '', null, 'blue', '', '1,2', '', '0', null, '0', '', null, null, '1', '2015-12-03 21:11:06', '1', '2015-12-03 21:11:06', '', '0');
INSERT INTO `cms_article` VALUES ('9', '4', '', null, '', '', '1,2', '', '0', null, '0', '', null, null, '1', '2015-12-03 21:11:06', '1', '2015-12-03 21:11:06', '', '0');

-- ----------------------------
-- Table structure for `cms_article_data`
-- ----------------------------
DROP TABLE IF EXISTS `cms_article_data`;
CREATE TABLE `cms_article_data` (
  `id` varchar(64) COLLATE utf8_bin NOT NULL COMMENT '',
  `content` text COLLATE utf8_bin COMMENT '',
  `copyfrom` varchar(255) COLLATE utf8_bin DEFAULT NULL COMMENT '',
  `relation` varchar(255) COLLATE utf8_bin DEFAULT NULL COMMENT '',
  `allow_comment` char(1) COLLATE utf8_bin DEFAULT NULL COMMENT '',
  PRIMARY KEY (`id`)
) ENGINE=InnoDB DEFAULT CHARSET=utf8 COLLATE=utf8_bin COMMENT='';

-- ----------------------------
-- Records of cms_article_data
-- ----------------------------
INSERT INTO `cms_article_data` VALUES ('10', 0xE69687E7ABA0E58685E5AEB9E58685E5AEB9E58685E5AEB9E58685E5AEB9, '', '1,2,3', '1');
INSERT INTO `cms_article_data` VALUES ('11', 0xE69687E7ABA0E58685E5AEB9E58685E5AEB9E58685E5AEB9E58685E5AEB9, '', '1,2,3', '1');
INSERT INTO `cms_article_data` VALUES ('12', 0xE69687E7ABA0E58685E5AEB9E58685E5AEB9E58685E5AEB9E58685E5AEB9, '', '1,2,3', '1');
INSERT INTO `cms_article_data` VALUES ('13', 0xE69687E7ABA0E58685E5AEB9E58685E5AEB9E58685E5AEB9E58685E5AEB9, '', '1,2,3', '1');
INSERT INTO `cms_article_data` VALUES ('14', 0xE69687E7ABA0E58685E5AEB9E58685E5AEB9E58685E5AEB9E58685E5AEB9, '', '1,2,3', '1');
INSERT INTO `cms_article_data` VALUES ('15', 0xE69687E7ABA0E58685E5AEB9E58685E5AEB9E58685E5AEB9E58685E5AEB9, '', '1,2,3', '1');
INSERT INTO `cms_article_data` VALUES ('16', 0xE69687E7ABA0E58685E5AEB9E58685E5AEB9E58685E5AEB9E58685E5AEB9, '', '1,2,3', '1');
INSERT INTO `cms_article_data` VALUES ('17', 0xE69687E7ABA0E58685E5AEB9E58685E5AEB9E58685E5AEB9E58685E5AEB9, '', '1,2,3', '1');
INSERT INTO `cms_article_data` VALUES ('18', 0xE69687E7ABA0E58685E5AEB9E58685E5AEB9E58685E5AEB9E58685E5AEB9, '', '1,2,3', '1');
INSERT INTO `cms_article_data` VALUES ('19', 0xE69687E7ABA0E58685E5AEB9E58685E5AEB9E58685E5AEB9E58685E5AEB9, '', '1,2,3', '1');
INSERT INTO `cms_article_data` VALUES ('20', 0xE69687E7ABA0E58685E5AEB9E58685E5AEB9E58685E5AEB9E58685E5AEB9, '', '1,2,3', '1');
INSERT INTO `cms_article_data` VALUES ('21', 0xE69687E7ABA0E58685E5AEB9E58685E5AEB9E58685E5AEB9E58685E5AEB9, '', '1,2,3', '1');
INSERT INTO `cms_article_data` VALUES ('22', 0xE69687E7ABA0E58685E5AEB9E58685E5AEB9E58685E5AEB9E58685E5AEB9, '', '1,2,3', '1');
INSERT INTO `cms_article_data` VALUES ('23', 0xE69687E7ABA0E58685E5AEB9E58685E5AEB9E58685E5AEB9E58685E5AEB9, '', '1,2,3', '1');
INSERT INTO `cms_article_data` VALUES ('24', 0xE69687E7ABA0E58685E5AEB9E58685E5AEB9E58685E5AEB9E58685E5AEB9, '', '1,2,3', '1');
INSERT INTO `cms_article_data` VALUES ('25', 0xE69687E7ABA0E58685E5AEB9E58685E5AEB9E58685E5AEB9E58685E5AEB9, '', '1,2,3', '1');
INSERT INTO `cms_article_data` VALUES ('26', 0xE69687E7ABA0E58685E5AEB9E58685E5AEB9E58685E5AEB9E58685E5AEB9, '', '1,2,3', '1');
INSERT INTO `cms_article_data` VALUES ('27', 0xE69687E7ABA0E58685E5AEB9E58685E5AEB9E58685E5AEB9E58685E5AEB9, '', '1,2,3', '1');
INSERT INTO `cms_article_data` VALUES ('28', 0xE69687E7ABA0E58685E5AEB9E58685E5AEB9E58685E5AEB9E58685E5AEB9, '', '1,2,3', '1');
INSERT INTO `cms_article_data` VALUES ('29', 0xE69687E7ABA0E58685E5AEB9E58685E5AEB9E58685E5AEB9E58685E5AEB9, '', '1,2,3', '1');
INSERT INTO `cms_article_data` VALUES ('30', 0xE69687E7ABA0E58685E5AEB9E58685E5AEB9E58685E5AEB9E58685E5AEB9, '', '1,2,3', '1');
INSERT INTO `cms_article_data` VALUES ('31', 0xE69687E7ABA0E58685E5AEB9E58685E5AEB9E58685E5AEB9E58685E5AEB9, '', '1,2,3', '1');
INSERT INTO `cms_article_data` VALUES ('32', 0xE69687E7ABA0E58685E5AEB9E58685E5AEB9E58685E5AEB9E58685E5AEB9, '', '1,2,3', '1');
INSERT INTO `cms_article_data` VALUES ('33', 0xE69687E7ABA0E58685E5AEB9E58685E5AEB9E58685E5AEB9E58685E5AEB9, '', '1,2,3', '1');
INSERT INTO `cms_article_data` VALUES ('34', 0xE69687E7ABA0E58685E5AEB9E58685E5AEB9E58685E5AEB9E58685E5AEB9, '', '1,2,3', '1');
INSERT INTO `cms_article_data` VALUES ('35', 0xE69687E7ABA0E58685E5AEB9E58685E5AEB9E58685E5AEB9E58685E5AEB9, '', '1,2,3', '1');
INSERT INTO `cms_article_data` VALUES ('36', 0xE69687E7ABA0E58685E5AEB9E58685E5AEB9E58685E5AEB9E58685E5AEB9, '', '1,2,3', '1');
INSERT INTO `cms_article_data` VALUES ('37', 0xE69687E7ABA0E58685E5AEB9E58685E5AEB9E58685E5AEB9E58685E5AEB9, '', '1,2,3', '1');
INSERT INTO `cms_article_data` VALUES ('38', 0xE69687E7ABA0E58685E5AEB9E58685E5AEB9E58685E5AEB9E58685E5AEB9, '', '1,2,3', '1');
INSERT INTO `cms_article_data` VALUES ('39', 0xE69687E7ABA0E58685E5AEB9E58685E5AEB9E58685E5AEB9E58685E5AEB9, '', '1,2,3', '1');
INSERT INTO `cms_article_data` VALUES ('40', 0xE69687E7ABA0E58685E5AEB9E58685E5AEB9E58685E5AEB9E58685E5AEB9, '', '1,2,3', '1');
INSERT INTO `cms_article_data` VALUES ('41', 0xE69687E7ABA0E58685E5AEB9E58685E5AEB9E58685E5AEB9E58685E5AEB9, '', '1,2,3', '1');
INSERT INTO `cms_article_data` VALUES ('42', 0xE69687E7ABA0E58685E5AEB9E58685E5AEB9E58685E5AEB9E58685E5AEB9, '', '1,2,3', '1');
INSERT INTO `cms_article_data` VALUES ('43', 0xE69687E7ABA0E58685E5AEB9E58685E5AEB9E58685E5AEB9E58685E5AEB9, '', '1,2,3', '1');
INSERT INTO `cms_article_data` VALUES ('44', 0xE69687E7ABA0E58685E5AEB9E58685E5AEB9E58685E5AEB9E58685E5AEB9, '', '1,2,3', '1');
INSERT INTO `cms_article_data` VALUES ('45', 0xE69687E7ABA0E58685E5AEB9E58685E5AEB9E58685E5AEB9E58685E5AEB9, '', '1,2,3', '1');
INSERT INTO `cms_article_data` VALUES ('46', 0xE69687E7ABA0E58685E5AEB9E58685E5AEB9E58685E5AEB9E58685E5AEB9, '', '1,2,3', '1');
INSERT INTO `cms_article_data` VALUES ('47', 0xE69687E7ABA0E58685E5AEB9E58685E5AEB9E58685E5AEB9E58685E5AEB9, '', '1,2,3', '1');
INSERT INTO `cms_article_data` VALUES ('48', 0xE69687E7ABA0E58685E5AEB9E58685E5AEB9E58685E5AEB9E58685E5AEB9, '', '1,2,3', '1');
INSERT INTO `cms_article_data` VALUES ('49', 0xE69687E7ABA0E58685E5AEB9E58685E5AEB9E58685E5AEB9E58685E5AEB9, '', '1,2,3', '1');
INSERT INTO `cms_article_data` VALUES ('50', 0xE69687E7ABA0E58685E5AEB9E58685E5AEB9E58685E5AEB9E58685E5AEB9, '', '1,2,3', '1');
INSERT INTO `cms_article_data` VALUES ('51', 0xE69687E7ABA0E58685E5AEB9E58685E5AEB9E58685E5AEB9E58685E5AEB9, '', '1,2,3', '1');
INSERT INTO `cms_article_data` VALUES ('52', 0xE69687E7ABA0E58685E5AEB9E58685E5AEB9E58685E5AEB9E58685E5AEB9, '', '1,2,3', '1');
INSERT INTO `cms_article_data` VALUES ('53', 0xE69687E7ABA0E58685E5AEB9E58685E5AEB9E58685E5AEB9E58685E5AEB9, '', '1,2,3', '1');
INSERT INTO `cms_article_data` VALUES ('6', 0xE69687E7ABA0E58685E5AEB9E58685E5AEB9E58685E5AEB9E58685E5AEB9, '', '1,2,3', '1');
INSERT INTO `cms_article_data` VALUES ('7', 0xE69687E7ABA0E58685E5AEB9E58685E5AEB9E58685E5AEB9E58685E5AEB9, '', '1,2,3', '1');
INSERT INTO `cms_article_data` VALUES ('8', 0xE69687E7ABA0E58685E5AEB9E58685E5AEB9E58685E5AEB9E58685E5AEB9, '', '1,2,3', '1');
INSERT INTO `cms_article_data` VALUES ('9', 0xE69687E7ABA0E58685E5AEB9E58685E5AEB9E58685E5AEB9E58685E5AEB9, '', '1,2,3', '1');

-- ----------------------------
-- Table structure for `cms_category`
-- ----------------------------
DROP TABLE IF EXISTS `cms_category`;
CREATE TABLE `cms_category` (
  `id` varchar(64) COLLATE utf8_bin NOT NULL COMMENT '',
  `parent_id` varchar(64) COLLATE utf8_bin NOT NULL COMMENT '',
  `parent_ids` varchar(2000) COLLATE utf8_bin NOT NULL COMMENT '',
  `site_id` varchar(64) COLLATE utf8_bin DEFAULT '1' COMMENT '',
  `office_id` varchar(64) COLLATE utf8_bin DEFAULT NULL COMMENT '',
  `module` varchar(20) COLLATE utf8_bin DEFAULT NULL COMMENT '',
  `name` varchar(100) COLLATE utf8_bin NOT NULL COMMENT '',
  `image` varchar(255) COLLATE utf8_bin DEFAULT NULL COMMENT '',
  `href` varchar(255) COLLATE utf8_bin DEFAULT NULL COMMENT '',
  `target` varchar(20) COLLATE utf8_bin DEFAULT NULL COMMENT '',
  `description` varchar(255) COLLATE utf8_bin DEFAULT NULL COMMENT '',
  `keywords` varchar(255) COLLATE utf8_bin DEFAULT NULL COMMENT '',
  `sort` int(11) DEFAULT '30' COMMENT '',
  `in_menu` char(1) COLLATE utf8_bin DEFAULT '1' COMMENT '',
  `in_list` char(1) COLLATE utf8_bin DEFAULT '1' COMMENT '',
  `show_modes` char(1) COLLATE utf8_bin DEFAULT '0' COMMENT '',
  `allow_comment` char(1) COLLATE utf8_bin DEFAULT NULL COMMENT '',
  `is_audit` char(1) COLLATE utf8_bin DEFAULT NULL COMMENT '',
  `custom_list_view` varchar(255) COLLATE utf8_bin DEFAULT NULL COMMENT '',
  `custom_content_view` varchar(255) COLLATE utf8_bin DEFAULT NULL COMMENT '',
  `view_config` text COLLATE utf8_bin COMMENT '',
  `create_by` varchar(64) COLLATE utf8_bin DEFAULT NULL COMMENT '',
  `create_date` datetime DEFAULT NULL COMMENT '',
  `update_by` varchar(64) COLLATE utf8_bin DEFAULT NULL COMMENT '',
  `update_date` datetime DEFAULT NULL COMMENT '',
  `remarks` varchar(255) COLLATE utf8_bin DEFAULT NULL COMMENT '',
  `del_flag` char(1) COLLATE utf8_bin NOT NULL DEFAULT '0' COMMENT '',
  PRIMARY KEY (`id`),
  KEY `cms_category_parent_id` (`parent_id`),
  KEY `cms_category_module` (`module`),
  KEY `cms_category_name` (`name`),
  KEY `cms_category_sort` (`sort`),
  KEY `cms_category_del_flag` (`del_flag`),
  KEY `cms_category_office_id` (`office_id`),
  KEY `cms_category_site_id` (`site_id`)
) ENGINE=InnoDB DEFAULT CHARSET=utf8 COLLATE=utf8_bin COMMENT='';

-- ----------------------------
-- Records of cms_category
-- ----------------------------
INSERT INTO `cms_category` VALUES ('10', '1', '0,1,', '1', '4', 'article', '', '', '', '', '', '', '20', '1', '1', '0', '1', '0', null, null, null, '1', '2015-12-03 21:12:31', '1', '2015-12-03 21:12:31', '', '0');
INSERT INTO `cms_category` VALUES ('11', '10', '0,1,10,', '1', '4', 'article', '', '', '', '', '', '', '30', '1', '1', '0', '1', '0', null, null, null, '1', '2015-12-03 21:12:31', '1', '2015-12-03 21:12:31', '', '0');
INSERT INTO `cms_category` VALUES ('12', '10', '0,1,10,', '1', '4', 'article', '', '', '', '', '', '', '40', '1', '1', '0', '1', '0', null, null, null, '1', '2015-12-03 21:12:31', '1', '2015-12-03 21:12:31', '', '0');
INSERT INTO `cms_category` VALUES ('13', '10', '0,1,10,', '1', '4', 'article', '', '', '', '', '', '', '50', '1', '1', '0', '1', '0', null, null, null, '1', '2015-12-03 21:12:31', '1', '2015-12-03 21:12:31', '', '0');
INSERT INTO `cms_category` VALUES ('14', '10', '0,1,10,', '1', '4', 'article', '', '', '', '', '', '', '50', '1', '1', '0', '1', '0', null, null, null, '1', '2015-12-03 21:12:31', '1', '2015-12-03 21:12:31', '', '0');
INSERT INTO `cms_category` VALUES ('15', '10', '0,1,10,', '1', '4', 'article', '', '', '', '', '', '', '50', '1', '1', '0', '1', '0', null, null, null, '1', '2015-12-03 21:12:31', '1', '2015-12-03 21:12:31', '', '0');
INSERT INTO `cms_category` VALUES ('16', '10', '0,1,10,', '1', '4', 'article', '', '', '', '', '', '', '50', '1', '1', '0', '1', '0', null, null, null, '1', '2015-12-03 21:12:31', '1', '2015-12-03 21:12:31', '', '0');
INSERT INTO `cms_category` VALUES ('17', '10', '0,1,10,', '1', '4', 'article', '', '', '', '', '', '', '50', '1', '1', '2', '1', '0', null, null, null, '1', '2015-12-03 21:12:31', '1', '2015-12-03 21:12:31', '', '0');
INSERT INTO `cms_category` VALUES ('18', '1', '0,1,', '1', '5', 'link', '', '', '', '', '', '', '90', '1', '1', '0', '1', '0', null, null, null, '1', '2015-12-03 21:12:31', '1', '2015-12-03 21:12:31', '', '0');
INSERT INTO `cms_category` VALUES ('19', '18', '0,1,18,', '1', '5', 'link', '', '', '', '', '', '', '50', '1', '1', '0', '1', '0', null, null, null, '1', '2015-12-03 21:12:31', '1', '2015-12-03 21:12:31', '', '0');
INSERT INTO `cms_category` VALUES ('2', '1', '0,1,', '1', '3', 'article', '', '', '', '', '', '', '10', '1', '1', '0', '0', '1', null, null, null, '1', '2015-12-03 21:12:31', '1', '2015-12-03 21:12:31', '', '0');
INSERT INTO `cms_category` VALUES ('20', '18', '0,1,18,', '1', '5', 'link', '', '', '', '', '', '', '50', '1', '1', '0', '1', '0', null, null, null, '1', '2015-12-03 21:12:31', '1', '2015-12-03 21:12:31', '', '0');
INSERT INTO `cms_category` VALUES ('21', '18', '0,1,18,', '1', '5', 'link', '', '', '', '', '', '', '50', '1', '1', '0', '1', '0', null, null, null, '1', '2015-12-03 21:12:31', '1', '2015-12-03 21:12:31', '', '0');
INSERT INTO `cms_category` VALUES ('22', '18', '0,1,18,', '1', '5', 'link', '', '', '', '', '', '', '50', '1', '1', '0', '1', '0', null, null, null, '1', '2015-12-03 21:12:31', '1', '2015-12-03 21:12:31', '', '0');
INSERT INTO `cms_category` VALUES ('23', '18', '0,1,18,', '1', '5', 'link', '', '', '', '', '', '', '50', '1', '1', '0', '1', '0', null, null, null, '1', '2015-12-03 21:12:31', '1', '2015-12-03 21:12:31', '', '0');
INSERT INTO `cms_category` VALUES ('24', '1', '0,1,', '1', '6', '', '', '', 'http://www.baidu.com', '_blank', '', '', '90', '1', '1', '0', '1', '0', null, null, null, '1', '2015-12-03 21:12:31', '1', '2015-12-03 21:12:31', '', '0');
INSERT INTO `cms_category` VALUES ('25', '1', '0,1,', '1', '6', '', '', '', '/search', '', '', '', '90', '0', '1', '0', '1', '0', null, null, null, '1', '2015-12-03 21:12:31', '1', '2015-12-03 21:12:31', '', '0');
INSERT INTO `cms_category` VALUES ('26', '1', '0,1,', '2', '6', 'article', '', '', '', '', '', '', '90', '1', '1', '0', '1', '0', null, null, null, '1', '2015-12-03 21:12:31', '1', '2015-12-03 21:12:31', '', '0');
INSERT INTO `cms_category` VALUES ('27', '1', '0,1,', '1', '6', '', '', '', '/guestbook', '', '', '', '90', '1', '1', '0', '1', '0', null, null, null, '1', '2015-12-03 21:12:31', '1', '2015-12-03 21:12:31', '', '0');
INSERT INTO `cms_category` VALUES ('3', '2', '0,1,2,', '1', '3', 'article', '', '', '', '', '', '', '30', '1', '1', '0', '0', '1', null, null, null, '1', '2015-12-03 21:12:31', '1', '2015-12-03 21:12:31', '', '0');
INSERT INTO `cms_category` VALUES ('4', '2', '0,1,2,', '1', '3', 'article', '', '', '', '', '', '', '40', '1', '1', '0', '0', '1', null, null, null, '1', '2015-12-03 21:12:31', '1', '2015-12-03 21:12:31', '', '0');
INSERT INTO `cms_category` VALUES ('5', '2', '0,1,2,', '1', '3', 'article', '', '', '', '', '', '', '50', '1', '1', '0', '0', '1', null, null, null, '1', '2015-12-03 21:12:31', '1', '2015-12-03 21:12:31', '', '0');
INSERT INTO `cms_category` VALUES ('6', '1', '0,1,', '1', '3', 'article', '', '', '', '', '', '', '20', '1', '1', '1', '1', '0', null, null, null, '1', '2015-12-03 21:12:31', '1', '2015-12-03 21:12:31', '', '0');
INSERT INTO `cms_category` VALUES ('7', '6', '0,1,6,', '1', '3', 'article', '', '', '', '', '', '', '30', '1', '1', '0', '1', '0', null, null, null, '1', '2015-12-03 21:12:31', '1', '2015-12-03 21:12:31', '', '0');
INSERT INTO `cms_category` VALUES ('8', '6', '0,1,6,', '1', '3', 'article', '', '', '', '', '', '', '40', '1', '1', '0', '1', '0', null, null, null, '1', '2015-12-03 21:12:31', '1', '2015-12-03 21:12:31', '', '0');
INSERT INTO `cms_category` VALUES ('9', '6', '0,1,6,', '1', '3', 'article', '', '', '', '', '', '', '50', '1', '1', '0', '1', '0', null, null, null, '1', '2015-12-03 21:12:31', '1', '2015-12-03 21:12:31', '', '0');

-- ----------------------------
-- Table structure for `cms_comment`
-- ----------------------------
DROP TABLE IF EXISTS `cms_comment`;
CREATE TABLE `cms_comment` (
  `id` varchar(64) COLLATE utf8_bin NOT NULL COMMENT '',
  `category_id` varchar(64) COLLATE utf8_bin NOT NULL COMMENT '',
  `content_id` varchar(64) COLLATE utf8_bin NOT NULL COMMENT '',
  `title` varchar(255) COLLATE utf8_bin DEFAULT NULL COMMENT '',
  `content` varchar(255) COLLATE utf8_bin DEFAULT NULL COMMENT '',
  `name` varchar(100) COLLATE utf8_bin DEFAULT NULL COMMENT '',
  `ip` varchar(100) COLLATE utf8_bin DEFAULT NULL COMMENT 'IP',
  `create_date` datetime NOT NULL COMMENT '',
  `audit_user_id` varchar(64) COLLATE utf8_bin DEFAULT NULL COMMENT '',
  `audit_date` datetime DEFAULT NULL COMMENT '',
  `del_flag` char(1) COLLATE utf8_bin NOT NULL DEFAULT '0' COMMENT '',
  PRIMARY KEY (`id`),
  KEY `cms_comment_category_id` (`category_id`),
  KEY `cms_comment_content_id` (`content_id`),
  KEY `cms_comment_status` (`del_flag`)
) ENGINE=InnoDB DEFAULT CHARSET=utf8 COLLATE=utf8_bin COMMENT='';

-- ----------------------------
-- Records of cms_comment
-- ----------------------------

-- ----------------------------
-- Table structure for `cms_guestbook`
-- ----------------------------
DROP TABLE IF EXISTS `cms_guestbook`;
CREATE TABLE `cms_guestbook` (
  `id` varchar(64) COLLATE utf8_bin NOT NULL COMMENT '',
  `type` char(1) COLLATE utf8_bin NOT NULL COMMENT '',
  `content` varchar(255) COLLATE utf8_bin NOT NULL COMMENT '',
  `name` varchar(100) COLLATE utf8_bin NOT NULL COMMENT '',
  `email` varchar(100) COLLATE utf8_bin NOT NULL COMMENT '',
  `phone` varchar(100) COLLATE utf8_bin NOT NULL COMMENT '',
  `workunit` varchar(100) COLLATE utf8_bin NOT NULL COMMENT '',
  `ip` varchar(100) COLLATE utf8_bin NOT NULL COMMENT 'IP',
  `create_date` datetime NOT NULL COMMENT '',
  `re_user_id` varchar(64) COLLATE utf8_bin DEFAULT NULL COMMENT '',
  `re_date` datetime DEFAULT NULL COMMENT '',
  `re_content` varchar(100) COLLATE utf8_bin DEFAULT NULL COMMENT '',
  `del_flag` char(1) COLLATE utf8_bin NOT NULL DEFAULT '0' COMMENT '',
  PRIMARY KEY (`id`),
  KEY `cms_guestbook_del_flag` (`del_flag`)
) ENGINE=InnoDB DEFAULT CHARSET=utf8 COLLATE=utf8_bin COMMENT='';

-- ----------------------------
-- Records of cms_guestbook
-- ----------------------------

-- ----------------------------
-- Table structure for `cms_link`
-- ----------------------------
DROP TABLE IF EXISTS `cms_link`;
CREATE TABLE `cms_link` (
  `id` varchar(64) COLLATE utf8_bin NOT NULL COMMENT '',
  `category_id` varchar(64) COLLATE utf8_bin NOT NULL COMMENT '',
  `title` varchar(255) COLLATE utf8_bin NOT NULL COMMENT '',
  `color` varchar(50) COLLATE utf8_bin DEFAULT NULL COMMENT '',
  `image` varchar(255) COLLATE utf8_bin DEFAULT NULL COMMENT '',
  `href` varchar(255) COLLATE utf8_bin DEFAULT NULL COMMENT '',
  `weight` int(11) DEFAULT '0' COMMENT '',
  `weight_date` datetime DEFAULT NULL COMMENT '',
  `create_by` varchar(64) COLLATE utf8_bin DEFAULT NULL COMMENT '',
  `create_date` datetime DEFAULT NULL COMMENT '',
  `update_by` varchar(64) COLLATE utf8_bin DEFAULT NULL COMMENT '',
  `update_date` datetime DEFAULT NULL COMMENT '',
  `remarks` varchar(255) COLLATE utf8_bin DEFAULT NULL COMMENT '',
  `del_flag` char(1) COLLATE utf8_bin NOT NULL DEFAULT '0' COMMENT '',
  PRIMARY KEY (`id`),
  KEY `cms_link_category_id` (`category_id`),
  KEY `cms_link_title` (`title`),
  KEY `cms_link_del_flag` (`del_flag`),
  KEY `cms_link_weight` (`weight`),
  KEY `cms_link_create_by` (`create_by`),
  KEY `cms_link_update_date` (`update_date`)
) ENGINE=InnoDB DEFAULT CHARSET=utf8 COLLATE=utf8_bin COMMENT='';

-- ----------------------------
-- Records of cms_link
-- ----------------------------
INSERT INTO `cms_link` VALUES ('10', '22', '58', '', '', 'http://www.58.com/', '0', null, '1', '2015-12-03 21:13:14', '1', '2015-12-03 21:13:14', '', '0');
INSERT INTO `cms_link` VALUES ('11', '23', '', '', '', 'http://v.360.cn/', '0', null, '1', '2015-12-03 21:13:14', '1', '2015-12-03 21:13:14', '', '0');
INSERT INTO `cms_link` VALUES ('12', '23', '', '', '', 'http://www.ifeng.com/', '0', null, '1', '2015-12-03 21:13:14', '1', '2015-12-03 21:13:14', '', '0');
INSERT INTO `cms_link` VALUES ('2', '19', 'ThinkGem', '', '', 'http://thinkgem.iteye.com/', '0', null, '1', '2015-12-03 21:13:14', '1', '2015-12-03 21:13:14', '', '0');
INSERT INTO `cms_link` VALUES ('3', '19', '', '', '', 'http://www.baidu.com', '0', null, '1', '2015-12-03 21:13:14', '1', '2015-12-03 21:13:14', '', '0');
INSERT INTO `cms_link` VALUES ('4', '19', '', '', '', 'http://www.google.com', '0', null, '1', '2015-12-03 21:13:14', '1', '2015-12-03 21:13:14', '', '0');
INSERT INTO `cms_link` VALUES ('5', '20', '', '', '', 'http://www.sina.com.cn', '0', null, '1', '2015-12-03 21:13:14', '1', '2015-12-03 21:13:14', '', '0');
INSERT INTO `cms_link` VALUES ('6', '20', '', '', '', 'http://www.qq.com/', '0', null, '1', '2015-12-03 21:13:14', '1', '2015-12-03 21:13:14', '', '0');
INSERT INTO `cms_link` VALUES ('7', '21', '', '', '', 'http://www.taobao.com/', '0', null, '1', '2015-12-03 21:13:14', '1', '2015-12-03 21:13:14', '', '0');
INSERT INTO `cms_link` VALUES ('8', '21', '', '', '', 'http://www.xinhuanet.com/', '0', null, '1', '2015-12-03 21:13:14', '1', '2015-12-03 21:13:14', '', '0');
INSERT INTO `cms_link` VALUES ('9', '22', '', '', '', 'http://www.ganji.com/', '0', null, '1', '2015-12-03 21:13:14', '1', '2015-12-03 21:13:14', '', '0');

-- ----------------------------
-- Table structure for `cms_site`
-- ----------------------------
DROP TABLE IF EXISTS `cms_site`;
CREATE TABLE `cms_site` (
  `id` varchar(64) COLLATE utf8_bin NOT NULL COMMENT '',
  `name` varchar(100) COLLATE utf8_bin NOT NULL COMMENT '',
  `title` varchar(100) COLLATE utf8_bin NOT NULL COMMENT '',
  `logo` varchar(255) COLLATE utf8_bin DEFAULT NULL COMMENT 'Logo',
  `domain` varchar(255) COLLATE utf8_bin DEFAULT NULL COMMENT '',
  `description` varchar(255) COLLATE utf8_bin DEFAULT NULL COMMENT '',
  `keywords` varchar(255) COLLATE utf8_bin DEFAULT NULL COMMENT '',
  `theme` varchar(255) COLLATE utf8_bin DEFAULT 'default' COMMENT '',
  `copyright` text COLLATE utf8_bin COMMENT '',
  `custom_index_view` varchar(255) COLLATE utf8_bin DEFAULT NULL COMMENT '',
  `create_by` varchar(64) COLLATE utf8_bin DEFAULT NULL COMMENT '',
  `create_date` datetime DEFAULT NULL COMMENT '',
  `update_by` varchar(64) COLLATE utf8_bin DEFAULT NULL COMMENT '',
  `update_date` datetime DEFAULT NULL COMMENT '',
  `remarks` varchar(255) COLLATE utf8_bin DEFAULT NULL COMMENT '',
  `del_flag` char(1) COLLATE utf8_bin NOT NULL DEFAULT '0' COMMENT '',
  PRIMARY KEY (`id`),
  KEY `cms_site_del_flag` (`del_flag`)
) ENGINE=InnoDB DEFAULT CHARSET=utf8 COLLATE=utf8_bin COMMENT='';

-- ----------------------------
-- Records of cms_site
-- ----------------------------

-- ----------------------------
-- Table structure for `gen_scheme`
-- ----------------------------
DROP TABLE IF EXISTS `gen_scheme`;
CREATE TABLE `gen_scheme` (
  `id` varchar(64) COLLATE utf8_bin NOT NULL COMMENT '',
  `name` varchar(200) COLLATE utf8_bin DEFAULT NULL COMMENT '',
  `category` varchar(2000) COLLATE utf8_bin DEFAULT NULL COMMENT '',
  `package_name` varchar(500) COLLATE utf8_bin DEFAULT NULL COMMENT '',
  `module_name` varchar(30) COLLATE utf8_bin DEFAULT NULL COMMENT '',
  `sub_module_name` varchar(30) COLLATE utf8_bin DEFAULT NULL COMMENT '',
  `function_name` varchar(500) COLLATE utf8_bin DEFAULT NULL COMMENT '',
  `function_name_simple` varchar(100) COLLATE utf8_bin DEFAULT NULL COMMENT '',
  `function_author` varchar(100) COLLATE utf8_bin DEFAULT NULL COMMENT '',
  `gen_table_id` varchar(200) COLLATE utf8_bin DEFAULT NULL COMMENT '',
  `create_by` varchar(64) COLLATE utf8_bin DEFAULT NULL COMMENT '',
  `create_date` datetime DEFAULT NULL COMMENT '',
  `update_by` varchar(64) COLLATE utf8_bin DEFAULT NULL COMMENT '',
  `update_date` datetime DEFAULT NULL COMMENT '',
  `remarks` varchar(255) COLLATE utf8_bin DEFAULT NULL COMMENT '',
  `del_flag` char(1) COLLATE utf8_bin NOT NULL DEFAULT '0' COMMENT '01',
  PRIMARY KEY (`id`),
  KEY `gen_scheme_del_flag` (`del_flag`)
) ENGINE=InnoDB DEFAULT CHARSET=utf8 COLLATE=utf8_bin COMMENT='';

-- ----------------------------
-- Records of gen_scheme
-- ----------------------------
INSERT INTO `gen_scheme` VALUES ('35a13dc260284a728a270db3f382664b', '', 'treeTable', 'com.thinkgem.jeesite.modules', 'test', null, '', '', 'ThinkGem', 'f6e4dafaa72f4c509636484715f33a96', '1', '2013-08-12 13:10:05', '1', '2013-08-12 13:10:05', null, '0');
INSERT INTO `gen_scheme` VALUES ('9c9de9db6da743bb899036c6546061ac', '', 'curd', 'com.thinkgem.jeesite.modules', 'test', null, '', '', 'ThinkGem', 'aef6f1fc948f4c9ab1c1b780bc471cc2', '1', '2013-08-12 13:10:05', '1', '2013-08-12 13:10:05', null, '0');
INSERT INTO `gen_scheme` VALUES ('e6d905fd236b46d1af581dd32bdfb3b0', '', 'curd_many', 'com.thinkgem.jeesite.modules', 'test', null, '', '', 'ThinkGem', '43d6d5acffa14c258340ce6765e46c6f', '1', '2013-08-12 13:10:05', '1', '2013-08-12 13:10:05', null, '0');

-- ----------------------------
-- Table structure for `gen_table`
-- ----------------------------
DROP TABLE IF EXISTS `gen_table`;
CREATE TABLE `gen_table` (
  `id` varchar(64) COLLATE utf8_bin NOT NULL COMMENT '',
  `name` varchar(200) COLLATE utf8_bin DEFAULT NULL COMMENT '',
  `comments` varchar(500) COLLATE utf8_bin DEFAULT NULL COMMENT '',
  `class_name` varchar(100) COLLATE utf8_bin DEFAULT NULL COMMENT '',
  `parent_table` varchar(200) COLLATE utf8_bin DEFAULT NULL COMMENT '',
  `parent_table_fk` varchar(100) COLLATE utf8_bin DEFAULT NULL COMMENT '',
  `create_by` varchar(64) COLLATE utf8_bin DEFAULT NULL COMMENT '',
  `create_date` datetime DEFAULT NULL COMMENT '',
  `update_by` varchar(64) COLLATE utf8_bin DEFAULT NULL COMMENT '',
  `update_date` datetime DEFAULT NULL COMMENT '',
  `remarks` varchar(255) COLLATE utf8_bin DEFAULT NULL COMMENT '',
  `del_flag` char(1) COLLATE utf8_bin NOT NULL DEFAULT '0' COMMENT '01',
  PRIMARY KEY (`id`),
  KEY `gen_table_name` (`name`),
  KEY `gen_table_del_flag` (`del_flag`)
) ENGINE=InnoDB DEFAULT CHARSET=utf8 COLLATE=utf8_bin COMMENT='';

-- ----------------------------
-- Records of gen_table
-- ----------------------------
INSERT INTO `gen_table` VALUES ('43d6d5acffa14c258340ce6765e46c6f', 'test_data_main', '', 'TestDataMain', null, null, '1', '2013-08-12 13:10:05', '1', '2013-08-12 13:10:05', null, '0');
INSERT INTO `gen_table` VALUES ('6e05c389f3c6415ea34e55e9dfb28934', 'test_data_child', '', 'TestDataChild', 'test_data_main', 'test_data_main_id', '1', '2013-08-12 13:10:05', '1', '2013-08-12 13:10:05', null, '0');
INSERT INTO `gen_table` VALUES ('aef6f1fc948f4c9ab1c1b780bc471cc2', 'test_data', '', 'TestData', null, null, '1', '2013-08-12 13:10:05', '1', '2013-08-12 13:10:05', null, '0');
INSERT INTO `gen_table` VALUES ('f6e4dafaa72f4c509636484715f33a96', 'test_tree', '', 'TestTree', null, null, '1', '2013-08-12 13:10:05', '1', '2013-08-12 13:10:05', null, '0');

-- ----------------------------
-- Table structure for `gen_table_column`
-- ----------------------------
DROP TABLE IF EXISTS `gen_table_column`;
CREATE TABLE `gen_table_column` (
  `id` varchar(64) COLLATE utf8_bin NOT NULL COMMENT '',
  `gen_table_id` varchar(64) COLLATE utf8_bin DEFAULT NULL COMMENT '',
  `name` varchar(200) COLLATE utf8_bin DEFAULT NULL COMMENT '',
  `comments` varchar(500) COLLATE utf8_bin DEFAULT NULL COMMENT '',
  `jdbc_type` varchar(100) COLLATE utf8_bin DEFAULT NULL COMMENT '',
  `java_type` varchar(500) COLLATE utf8_bin DEFAULT NULL COMMENT 'JAVA',
  `java_field` varchar(200) COLLATE utf8_bin DEFAULT NULL COMMENT 'JAVA',
  `is_pk` char(1) COLLATE utf8_bin DEFAULT NULL COMMENT '',
  `is_null` char(1) COLLATE utf8_bin DEFAULT NULL COMMENT '',
  `is_insert` char(1) COLLATE utf8_bin DEFAULT NULL COMMENT '',
  `is_edit` char(1) COLLATE utf8_bin DEFAULT NULL COMMENT '',
  `is_list` char(1) COLLATE utf8_bin DEFAULT NULL COMMENT '',
  `is_query` char(1) COLLATE utf8_bin DEFAULT NULL COMMENT '',
  `query_type` varchar(200) COLLATE utf8_bin DEFAULT NULL COMMENT 'LIKELIKELIKE',
  `show_type` varchar(200) COLLATE utf8_bin DEFAULT NULL COMMENT '',
  `dict_type` varchar(200) COLLATE utf8_bin DEFAULT NULL COMMENT '',
  `settings` varchar(2000) COLLATE utf8_bin DEFAULT NULL COMMENT 'JSON',
  `sort` decimal(10,0) DEFAULT NULL COMMENT '',
  `create_by` varchar(64) COLLATE utf8_bin DEFAULT NULL COMMENT '',
  `create_date` datetime DEFAULT NULL COMMENT '',
  `update_by` varchar(64) COLLATE utf8_bin DEFAULT NULL COMMENT '',
  `update_date` datetime DEFAULT NULL COMMENT '',
  `remarks` varchar(255) COLLATE utf8_bin DEFAULT NULL COMMENT '',
  `del_flag` char(1) COLLATE utf8_bin NOT NULL DEFAULT '0' COMMENT '01',
  PRIMARY KEY (`id`),
  KEY `gen_table_column_table_id` (`gen_table_id`),
  KEY `gen_table_column_name` (`name`),
  KEY `gen_table_column_sort` (`sort`),
  KEY `gen_table_column_del_flag` (`del_flag`)
) ENGINE=InnoDB DEFAULT CHARSET=utf8 COLLATE=utf8_bin COMMENT='';

-- ----------------------------
-- Records of gen_table_column
-- ----------------------------
INSERT INTO `gen_table_column` VALUES ('0902a0cb3e8f434280c20e9d771d0658', 'aef6f1fc948f4c9ab1c1b780bc471cc2', 'sex', '', 'char(1)', 'String', 'sex', '0', '1', '1', '1', '1', '1', '=', 'radiobox', 'sex', null, '6', '1', '2013-08-12 13:10:05', '1', '2013-08-12 13:10:05', null, '0');
INSERT INTO `gen_table_column` VALUES ('103fc05c88ff40639875c2111881996a', 'aef6f1fc948f4c9ab1c1b780bc471cc2', 'create_date', '', 'timestamp(6)', 'java.util.Date', 'createDate', '0', '0', '1', '0', '0', '0', '=', 'dateselect', null, null, '9', '1', '2013-08-12 13:10:05', '1', '2013-08-12 13:10:05', null, '0');
INSERT INTO `gen_table_column` VALUES ('12fa38dd986e41908f7fefa5839d1220', '6e05c389f3c6415ea34e55e9dfb28934', 'create_by', '', 'varchar2(64)', 'com.thinkgem.jeesite.modules.modules.sys.entity.User', 'createBy.id', '0', '0', '1', '0', '0', '0', '=', 'input', null, null, '4', '1', '2013-08-12 13:10:05', '1', '2013-08-12 13:10:05', null, '0');
INSERT INTO `gen_table_column` VALUES ('195ee9241f954d008fe01625f4adbfef', 'f6e4dafaa72f4c509636484715f33a96', 'create_by', '', 'varchar2(64)', 'com.thinkgem.jeesite.modules.modules.sys.entity.User', 'createBy.id', '0', '0', '1', '0', '0', '0', '=', 'input', null, null, '6', '1', '2013-08-12 13:10:05', '1', '2013-08-12 13:10:05', null, '0');
INSERT INTO `gen_table_column` VALUES ('19c6478b8ff54c60910c2e4fc3d27503', '43d6d5acffa14c258340ce6765e46c6f', 'id', '', 'varchar2(64)', 'String', 'id', '1', '0', '1', '0', '0', '0', '=', 'input', null, null, '1', '1', '2013-08-12 13:10:05', '1', '2013-08-12 13:10:05', null, '0');
INSERT INTO `gen_table_column` VALUES ('1ac6562f753d4e599693840651ab2bf7', '43d6d5acffa14c258340ce6765e46c6f', 'in_date', '', 'date(7)', 'java.util.Date', 'inDate', '0', '1', '1', '1', '0', '0', '=', 'dateselect', null, null, '7', '1', '2013-08-12 13:10:05', '1', '2013-08-12 13:10:05', null, '0');
INSERT INTO `gen_table_column` VALUES ('1b8eb55f65284fa6b0a5879b6d8ad3ec', 'aef6f1fc948f4c9ab1c1b780bc471cc2', 'in_date', '', 'date(7)', 'java.util.Date', 'inDate', '0', '1', '1', '1', '0', '1', 'between', 'dateselect', null, null, '7', '1', '2013-08-12 13:10:05', '1', '2013-08-12 13:10:05', null, '0');
INSERT INTO `gen_table_column` VALUES ('1d5ca4d114be41e99f8dc42a682ba609', 'aef6f1fc948f4c9ab1c1b780bc471cc2', 'user_id', '', 'varchar2(64)', 'com.thinkgem.jeesite.modules.modules.sys.entity.User', 'user.id|name', '0', '1', '1', '1', '1', '1', '=', 'userselect', null, null, '2', '1', '2013-08-12 13:10:05', '1', '2013-08-12 13:10:05', null, '0');
INSERT INTO `gen_table_column` VALUES ('21756504ffdc487eb167a823f89c0c06', '43d6d5acffa14c258340ce6765e46c6f', 'update_by', '', 'varchar2(64)', 'com.thinkgem.jeesite.modules.modules.sys.entity.User', 'updateBy.id', '0', '0', '1', '1', '0', '0', '=', 'input', null, null, '10', '1', '2013-08-12 13:10:05', '1', '2013-08-12 13:10:05', null, '0');
INSERT INTO `gen_table_column` VALUES ('24bbdc0a555e4412a106ab1c5f03008e', 'f6e4dafaa72f4c509636484715f33a96', 'parent_ids', '', 'varchar2(2000)', 'String', 'parentIds', '0', '0', '1', '1', '0', '0', 'like', 'input', null, null, '3', '1', '2013-08-12 13:10:05', '1', '2013-08-12 13:10:05', null, '0');
INSERT INTO `gen_table_column` VALUES ('33152ce420904594b3eac796a27f0560', '6e05c389f3c6415ea34e55e9dfb28934', 'id', '', 'varchar2(64)', 'String', 'id', '1', '0', '1', '0', '0', '0', '=', 'input', null, null, '1', '1', '2013-08-12 13:10:05', '1', '2013-08-12 13:10:05', null, '0');
INSERT INTO `gen_table_column` VALUES ('35af241859624a01917ab64c3f4f0813', 'aef6f1fc948f4c9ab1c1b780bc471cc2', 'del_flag', '01', 'char(1)', 'String', 'delFlag', '0', '0', '1', '0', '0', '0', '=', 'radiobox', 'del_flag', null, '13', '1', '2013-08-12 13:10:05', '1', '2013-08-12 13:10:05', null, '0');
INSERT INTO `gen_table_column` VALUES ('398b4a03f06940bfb979ca574e1911e3', 'aef6f1fc948f4c9ab1c1b780bc471cc2', 'create_by', '', 'varchar2(64)', 'com.thinkgem.jeesite.modules.modules.sys.entity.User', 'createBy.id', '0', '0', '1', '0', '0', '0', '=', 'input', null, null, '8', '1', '2013-08-12 13:10:05', '1', '2013-08-12 13:10:05', null, '0');
INSERT INTO `gen_table_column` VALUES ('3a7cf23ae48a4c849ceb03feffc7a524', '43d6d5acffa14c258340ce6765e46c6f', 'area_id', '', 'nvarchar2(64)', 'com.thinkgem.jeesite.modules.modules.sys.entity.Area', 'area.id|name', '0', '1', '1', '1', '0', '0', '=', 'areaselect', null, null, '4', '1', '2013-08-12 13:10:05', '1', '2013-08-12 13:10:05', null, '0');
INSERT INTO `gen_table_column` VALUES ('3d9c32865bb44e85af73381df0ffbf3d', '43d6d5acffa14c258340ce6765e46c6f', 'update_date', '', 'timestamp(6)', 'java.util.Date', 'updateDate', '0', '0', '1', '1', '1', '0', '=', 'dateselect', null, null, '11', '1', '2013-08-12 13:10:05', '1', '2013-08-12 13:10:05', null, '0');
INSERT INTO `gen_table_column` VALUES ('416c76d2019b4f76a96d8dc3a8faf84c', 'f6e4dafaa72f4c509636484715f33a96', 'update_date', '', 'timestamp(6)', 'java.util.Date', 'updateDate', '0', '0', '1', '1', '1', '0', '=', 'dateselect', null, null, '9', '1', '2013-08-12 13:10:05', '1', '2013-08-12 13:10:05', null, '0');
INSERT INTO `gen_table_column` VALUES ('46e6d8283270493687085d29efdecb05', 'f6e4dafaa72f4c509636484715f33a96', 'del_flag', '01', 'char(1)', 'String', 'delFlag', '0', '0', '1', '0', '0', '0', '=', 'radiobox', 'del_flag', null, '11', '1', '2013-08-12 13:10:05', '1', '2013-08-12 13:10:05', null, '0');
INSERT INTO `gen_table_column` VALUES ('4a0a1fff86ca46519477d66b82e01991', 'aef6f1fc948f4c9ab1c1b780bc471cc2', 'name', '', 'nvarchar2(100)', 'String', 'name', '0', '1', '1', '1', '1', '1', 'like', 'input', null, null, '5', '1', '2013-08-12 13:10:05', '1', '2013-08-12 13:10:05', null, '0');
INSERT INTO `gen_table_column` VALUES ('4c8ef12cb6924b9ba44048ba9913150b', '43d6d5acffa14c258340ce6765e46c6f', 'create_date', '', 'timestamp(6)', 'java.util.Date', 'createDate', '0', '0', '1', '0', '0', '0', '=', 'dateselect', null, null, '9', '1', '2013-08-12 13:10:05', '1', '2013-08-12 13:10:05', null, '0');
INSERT INTO `gen_table_column` VALUES ('53d65a3d306d4fac9e561db9d3c66912', '6e05c389f3c6415ea34e55e9dfb28934', 'del_flag', '01', 'char(1)', 'String', 'delFlag', '0', '0', '1', '0', '0', '0', '=', 'radiobox', 'del_flag', null, '9', '1', '2013-08-12 13:10:05', '1', '2013-08-12 13:10:05', null, '0');
INSERT INTO `gen_table_column` VALUES ('56fa71c0bd7e4132931874e548dc9ba5', '6e05c389f3c6415ea34e55e9dfb28934', 'update_by', '', 'varchar2(64)', 'com.thinkgem.jeesite.modules.modules.sys.entity.User', 'updateBy.id', '0', '0', '1', '1', '0', '0', '=', 'input', null, null, '6', '1', '2013-08-12 13:10:05', '1', '2013-08-12 13:10:05', null, '0');
INSERT INTO `gen_table_column` VALUES ('5a4a1933c9c844fdba99de043dc8205e', 'aef6f1fc948f4c9ab1c1b780bc471cc2', 'update_by', '', 'varchar2(64)', 'com.thinkgem.jeesite.modules.modules.sys.entity.User', 'updateBy.id', '0', '0', '1', '1', '0', '0', '=', 'input', null, null, '10', '1', '2013-08-12 13:10:05', '1', '2013-08-12 13:10:05', null, '0');
INSERT INTO `gen_table_column` VALUES ('5e5c69bd3eaa4dcc9743f361f3771c08', 'aef6f1fc948f4c9ab1c1b780bc471cc2', 'id', '', 'varchar2(64)', 'String', 'id', '1', '0', '1', '0', '0', '0', '=', 'input', null, null, '1', '1', '2013-08-12 13:10:05', '1', '2013-08-12 13:10:05', null, '0');
INSERT INTO `gen_table_column` VALUES ('633f5a49ec974c099158e7b3e6bfa930', 'f6e4dafaa72f4c509636484715f33a96', 'name', '', 'nvarchar2(100)', 'String', 'name', '0', '0', '1', '1', '1', '1', 'like', 'input', null, null, '4', '1', '2013-08-12 13:10:05', '1', '2013-08-12 13:10:05', null, '0');
INSERT INTO `gen_table_column` VALUES ('652491500f2641ffa7caf95a93e64d34', '6e05c389f3c6415ea34e55e9dfb28934', 'update_date', '', 'timestamp(6)', 'java.util.Date', 'updateDate', '0', '0', '1', '1', '1', '0', '=', 'dateselect', null, null, '7', '1', '2013-08-12 13:10:05', '1', '2013-08-12 13:10:05', null, '0');
INSERT INTO `gen_table_column` VALUES ('6763ff6dc7cd4c668e76cf9b697d3ff6', 'f6e4dafaa72f4c509636484715f33a96', 'sort', '', 'number(10)', 'Integer', 'sort', '0', '0', '1', '1', '1', '0', '=', 'input', null, null, '5', '1', '2013-08-12 13:10:05', '1', '2013-08-12 13:10:05', null, '0');
INSERT INTO `gen_table_column` VALUES ('67d0331f809a48ee825602659f0778e8', '43d6d5acffa14c258340ce6765e46c6f', 'name', '', 'nvarchar2(100)', 'String', 'name', '0', '1', '1', '1', '1', '1', 'like', 'input', null, null, '5', '1', '2013-08-12 13:10:05', '1', '2013-08-12 13:10:05', null, '0');
INSERT INTO `gen_table_column` VALUES ('68345713bef3445c906f70e68f55de38', '6e05c389f3c6415ea34e55e9dfb28934', 'test_data_main_id', '', 'varchar2(64)', 'String', 'testDataMain.id', '0', '1', '1', '1', '0', '0', '=', 'input', null, null, '2', '1', '2013-08-12 13:10:05', '1', '2013-08-12 13:10:05', null, '0');
INSERT INTO `gen_table_column` VALUES ('71ea4bc10d274911b405f3165fc1bb1a', 'aef6f1fc948f4c9ab1c1b780bc471cc2', 'area_id', '', 'nvarchar2(64)', 'com.thinkgem.jeesite.modules.modules.sys.entity.Area', 'area.id|name', '0', '1', '1', '1', '1', '1', '=', 'areaselect', null, null, '4', '1', '2013-08-12 13:10:05', '1', '2013-08-12 13:10:05', null, '0');
INSERT INTO `gen_table_column` VALUES ('7f871058d94c4d9a89084be7c9ce806d', '6e05c389f3c6415ea34e55e9dfb28934', 'remarks', '', 'nvarchar2(255)', 'String', 'remarks', '0', '1', '1', '1', '1', '0', '=', 'input', null, null, '8', '1', '2013-08-12 13:10:05', '1', '2013-08-12 13:10:05', null, '0');
INSERT INTO `gen_table_column` VALUES ('8b48774cfe184913b8b5eb17639cf12d', '43d6d5acffa14c258340ce6765e46c6f', 'create_by', '', 'varchar2(64)', 'com.thinkgem.jeesite.modules.modules.sys.entity.User', 'createBy.id', '0', '0', '1', '0', '0', '0', '=', 'input', null, null, '8', '1', '2013-08-12 13:10:05', '1', '2013-08-12 13:10:05', null, '0');
INSERT INTO `gen_table_column` VALUES ('8b7cf0525519474ebe1de9e587eb7067', '6e05c389f3c6415ea34e55e9dfb28934', 'create_date', '', 'timestamp(6)', 'java.util.Date', 'createDate', '0', '0', '1', '0', '0', '0', '=', 'dateselect', null, null, '5', '1', '2013-08-12 13:10:05', '1', '2013-08-12 13:10:05', null, '0');
INSERT INTO `gen_table_column` VALUES ('8b9de88df53e485d8ef461c4b1824bc1', '43d6d5acffa14c258340ce6765e46c6f', 'user_id', '', 'varchar2(64)', 'com.thinkgem.jeesite.modules.modules.sys.entity.User', 'user.id|name', '0', '1', '1', '1', '1', '1', '=', 'userselect', null, null, '2', '1', '2013-08-12 13:10:05', '1', '2013-08-12 13:10:05', null, '0');
INSERT INTO `gen_table_column` VALUES ('8da38dbe5fe54e9bb1f9682c27fbf403', 'aef6f1fc948f4c9ab1c1b780bc471cc2', 'remarks', '', 'nvarchar2(255)', 'String', 'remarks', '0', '1', '1', '1', '1', '0', '=', 'textarea', null, null, '12', '1', '2013-08-12 13:10:05', '1', '2013-08-12 13:10:05', null, '0');
INSERT INTO `gen_table_column` VALUES ('92481c16a0b94b0e8bba16c3c54eb1e4', 'f6e4dafaa72f4c509636484715f33a96', 'create_date', '', 'timestamp(6)', 'java.util.Date', 'createDate', '0', '0', '1', '0', '0', '0', '=', 'dateselect', null, null, '7', '1', '2013-08-12 13:10:05', '1', '2013-08-12 13:10:05', null, '0');
INSERT INTO `gen_table_column` VALUES ('9a012c1d2f934dbf996679adb7cc827a', 'f6e4dafaa72f4c509636484715f33a96', 'parent_id', '', 'varchar2(64)', 'This', 'parent.id|name', '0', '0', '1', '1', '0', '0', '=', 'treeselect', null, null, '2', '1', '2013-08-12 13:10:05', '1', '2013-08-12 13:10:05', null, '0');
INSERT INTO `gen_table_column` VALUES ('ad3bf0d4b44b4528a5211a66af88f322', 'aef6f1fc948f4c9ab1c1b780bc471cc2', 'office_id', '', 'varchar2(64)', 'com.thinkgem.jeesite.modules.modules.sys.entity.Office', 'office.id|name', '0', '1', '1', '1', '1', '1', '=', 'officeselect', null, null, '3', '1', '2013-08-12 13:10:05', '1', '2013-08-12 13:10:05', null, '0');
INSERT INTO `gen_table_column` VALUES ('bb1256a8d1b741f6936d8fed06f45eed', 'f6e4dafaa72f4c509636484715f33a96', 'update_by', '', 'varchar2(64)', 'com.thinkgem.jeesite.modules.modules.sys.entity.User', 'updateBy.id', '0', '0', '1', '1', '0', '0', '=', 'input', null, null, '8', '1', '2013-08-12 13:10:05', '1', '2013-08-12 13:10:05', null, '0');
INSERT INTO `gen_table_column` VALUES ('ca68a2d403f0449cbaa1d54198c6f350', '43d6d5acffa14c258340ce6765e46c6f', 'office_id', '', 'varchar2(64)', 'com.thinkgem.jeesite.modules.modules.sys.entity.Office', 'office.id|name', '0', '1', '1', '1', '0', '0', '=', 'officeselect', null, null, '3', '1', '2013-08-12 13:10:05', '1', '2013-08-12 13:10:05', null, '0');
INSERT INTO `gen_table_column` VALUES ('cb9c0ec3da26432d9cbac05ede0fd1d0', '43d6d5acffa14c258340ce6765e46c6f', 'remarks', '', 'nvarchar2(255)', 'String', 'remarks', '0', '1', '1', '1', '1', '0', '=', 'textarea', null, null, '12', '1', '2013-08-12 13:10:05', '1', '2013-08-12 13:10:05', null, '0');
INSERT INTO `gen_table_column` VALUES ('cfcfa06ea61749c9b4c4dbc507e0e580', 'f6e4dafaa72f4c509636484715f33a96', 'id', '', 'varchar2(64)', 'String', 'id', '1', '0', '1', '0', '0', '0', '=', 'input', null, null, '1', '1', '2013-08-12 13:10:05', '1', '2013-08-12 13:10:05', null, '0');
INSERT INTO `gen_table_column` VALUES ('d5c2d932ae904aa8a9f9ef34cd36fb0b', '43d6d5acffa14c258340ce6765e46c6f', 'sex', '', 'char(1)', 'String', 'sex', '0', '1', '1', '1', '0', '1', '=', 'select', 'sex', null, '6', '1', '2013-08-12 13:10:05', '1', '2013-08-12 13:10:05', null, '0');
INSERT INTO `gen_table_column` VALUES ('e64050a2ebf041faa16f12dda5dcf784', '6e05c389f3c6415ea34e55e9dfb28934', 'name', '', 'nvarchar2(100)', 'String', 'name', '0', '1', '1', '1', '1', '1', 'like', 'input', null, null, '3', '1', '2013-08-12 13:10:05', '1', '2013-08-12 13:10:05', null, '0');
INSERT INTO `gen_table_column` VALUES ('e8d11127952d4aa288bb3901fc83127f', '43d6d5acffa14c258340ce6765e46c6f', 'del_flag', '01', 'char(1)', 'String', 'delFlag', '0', '0', '1', '0', '0', '0', '=', 'radiobox', 'del_flag', null, '13', '1', '2013-08-12 13:10:05', '1', '2013-08-12 13:10:05', null, '0');
INSERT INTO `gen_table_column` VALUES ('eb2e5afd13f147a990d30e68e7f64e12', 'aef6f1fc948f4c9ab1c1b780bc471cc2', 'update_date', '', 'timestamp(6)', 'java.util.Date', 'updateDate', '0', '0', '1', '1', '1', '0', '=', 'dateselect', null, null, '11', '1', '2013-08-12 13:10:05', '1', '2013-08-12 13:10:05', null, '0');
INSERT INTO `gen_table_column` VALUES ('f5ed8c82bad0413fbfcccefa95931358', 'f6e4dafaa72f4c509636484715f33a96', 'remarks', '', 'nvarchar2(255)', 'String', 'remarks', '0', '1', '1', '1', '1', '0', '=', 'textarea', null, null, '10', '1', '2013-08-12 13:10:05', '1', '2013-08-12 13:10:05', null, '0');

-- ----------------------------
-- Table structure for `gen_template`
-- ----------------------------
DROP TABLE IF EXISTS `gen_template`;
CREATE TABLE `gen_template` (
  `id` varchar(64) COLLATE utf8_bin NOT NULL COMMENT '',
  `name` varchar(200) COLLATE utf8_bin DEFAULT NULL COMMENT '',
  `category` varchar(2000) COLLATE utf8_bin DEFAULT NULL COMMENT '',
  `file_path` varchar(500) COLLATE utf8_bin DEFAULT NULL COMMENT '',
  `file_name` varchar(200) COLLATE utf8_bin DEFAULT NULL COMMENT '',
  `content` text COLLATE utf8_bin COMMENT '',
  `create_by` varchar(64) COLLATE utf8_bin DEFAULT NULL COMMENT '',
  `create_date` datetime DEFAULT NULL COMMENT '',
  `update_by` varchar(64) COLLATE utf8_bin DEFAULT NULL COMMENT '',
  `update_date` datetime DEFAULT NULL COMMENT '',
  `remarks` varchar(255) COLLATE utf8_bin DEFAULT NULL COMMENT '',
  `del_flag` char(1) COLLATE utf8_bin NOT NULL DEFAULT '0' COMMENT '01',
  PRIMARY KEY (`id`),
  KEY `gen_template_del_falg` (`del_flag`)
) ENGINE=InnoDB DEFAULT CHARSET=utf8 COLLATE=utf8_bin COMMENT='';

-- ----------------------------
-- Records of gen_template
-- ----------------------------

-- ----------------------------
-- Table structure for `oa_leave`
-- ----------------------------
DROP TABLE IF EXISTS `oa_leave`;
CREATE TABLE `oa_leave` (
  `id` varchar(64) COLLATE utf8_bin NOT NULL COMMENT '',
  `process_instance_id` varchar(64) COLLATE utf8_bin DEFAULT NULL COMMENT '',
  `start_time` datetime DEFAULT NULL COMMENT '',
  `end_time` datetime DEFAULT NULL COMMENT '',
  `leave_type` varchar(20) COLLATE utf8_bin DEFAULT NULL COMMENT '',
  `reason` varchar(255) COLLATE utf8_bin DEFAULT NULL COMMENT '',
  `apply_time` datetime DEFAULT NULL COMMENT '',
  `reality_start_time` datetime DEFAULT NULL COMMENT '',
  `reality_end_time` datetime DEFAULT NULL COMMENT '',
  `create_by` varchar(64) COLLATE utf8_bin NOT NULL COMMENT '',
  `create_date` datetime NOT NULL COMMENT '',
  `update_by` varchar(64) COLLATE utf8_bin NOT NULL COMMENT '',
  `update_date` datetime NOT NULL COMMENT '',
  `remarks` varchar(255) COLLATE utf8_bin DEFAULT NULL COMMENT '',
  `del_flag` char(1) COLLATE utf8_bin NOT NULL DEFAULT '0' COMMENT '',
  PRIMARY KEY (`id`),
  KEY `oa_leave_create_by` (`create_by`),
  KEY `oa_leave_process_instance_id` (`process_instance_id`),
  KEY `oa_leave_del_flag` (`del_flag`)
) ENGINE=InnoDB DEFAULT CHARSET=utf8 COLLATE=utf8_bin COMMENT='';

-- ----------------------------
-- Records of oa_leave
-- ----------------------------

-- ----------------------------
-- Table structure for `oa_notify`
-- ----------------------------
DROP TABLE IF EXISTS `oa_notify`;
CREATE TABLE `oa_notify` (
  `id` varchar(64) COLLATE utf8_bin NOT NULL COMMENT '',
  `type` char(1) COLLATE utf8_bin DEFAULT NULL COMMENT '',
  `title` varchar(200) COLLATE utf8_bin DEFAULT NULL COMMENT '',
  `content` varchar(2000) COLLATE utf8_bin DEFAULT NULL COMMENT '',
  `files` varchar(2000) COLLATE utf8_bin DEFAULT NULL COMMENT '',
  `status` char(1) COLLATE utf8_bin DEFAULT NULL COMMENT '',
  `create_by` varchar(64) COLLATE utf8_bin NOT NULL COMMENT '',
  `create_date` datetime NOT NULL COMMENT '',
  `update_by` varchar(64) COLLATE utf8_bin NOT NULL COMMENT '',
  `update_date` datetime NOT NULL COMMENT '',
  `remarks` varchar(255) COLLATE utf8_bin DEFAULT NULL COMMENT '',
  `del_flag` char(1) COLLATE utf8_bin NOT NULL DEFAULT '0' COMMENT '',
  PRIMARY KEY (`id`),
  KEY `oa_notify_del_flag` (`del_flag`)
) ENGINE=InnoDB DEFAULT CHARSET=utf8 COLLATE=utf8_bin COMMENT='';

-- ----------------------------
-- Records of oa_notify
-- ----------------------------

-- ----------------------------
-- Table structure for `oa_notify_record`
-- ----------------------------
DROP TABLE IF EXISTS `oa_notify_record`;
CREATE TABLE `oa_notify_record` (
  `id` varchar(64) COLLATE utf8_bin NOT NULL COMMENT '',
  `oa_notify_id` varchar(64) COLLATE utf8_bin DEFAULT NULL COMMENT 'ID',
  `user_id` varchar(64) COLLATE utf8_bin DEFAULT NULL COMMENT '',
  `read_flag` char(1) COLLATE utf8_bin DEFAULT '0' COMMENT '',
  `read_date` date DEFAULT NULL COMMENT '',
  PRIMARY KEY (`id`),
  KEY `oa_notify_record_notify_id` (`oa_notify_id`),
  KEY `oa_notify_record_user_id` (`user_id`),
  KEY `oa_notify_record_read_flag` (`read_flag`)
) ENGINE=InnoDB DEFAULT CHARSET=utf8 COLLATE=utf8_bin COMMENT='';

-- ----------------------------
-- Records of oa_notify_record
-- ----------------------------

-- ----------------------------
-- Table structure for `oa_test_audit`
-- ----------------------------
DROP TABLE IF EXISTS `oa_test_audit`;
CREATE TABLE `oa_test_audit` (
  `id` varchar(64) COLLATE utf8_bin NOT NULL COMMENT '',
  `PROC_INS_ID` varchar(64) COLLATE utf8_bin DEFAULT NULL COMMENT 'ID',
  `USER_ID` varchar(64) COLLATE utf8_bin DEFAULT NULL COMMENT '',
  `OFFICE_ID` varchar(64) COLLATE utf8_bin DEFAULT NULL COMMENT '',
  `POST` varchar(255) COLLATE utf8_bin DEFAULT NULL COMMENT '',
  `AGE` char(1) COLLATE utf8_bin DEFAULT NULL COMMENT '',
  `EDU` varchar(255) COLLATE utf8_bin DEFAULT NULL COMMENT '',
  `CONTENT` varchar(255) COLLATE utf8_bin DEFAULT NULL COMMENT '',
  `OLDA` varchar(255) COLLATE utf8_bin DEFAULT NULL COMMENT ' ',
  `OLDB` varchar(255) COLLATE utf8_bin DEFAULT NULL COMMENT ' ',
  `OLDC` varchar(255) COLLATE utf8_bin DEFAULT NULL COMMENT ' ',
  `NEWA` varchar(255) COLLATE utf8_bin DEFAULT NULL COMMENT ' ',
  `NEWB` varchar(255) COLLATE utf8_bin DEFAULT NULL COMMENT ' ',
  `NEWC` varchar(255) COLLATE utf8_bin DEFAULT NULL COMMENT ' ',
  `ADD_NUM` varchar(255) COLLATE utf8_bin DEFAULT NULL COMMENT '',
  `EXE_DATE` varchar(255) COLLATE utf8_bin DEFAULT NULL COMMENT '',
  `HR_TEXT` varchar(255) COLLATE utf8_bin DEFAULT NULL COMMENT '',
  `LEAD_TEXT` varchar(255) COLLATE utf8_bin DEFAULT NULL COMMENT '',
  `MAIN_LEAD_TEXT` varchar(255) COLLATE utf8_bin DEFAULT NULL COMMENT '',
  `create_by` varchar(64) COLLATE utf8_bin NOT NULL COMMENT '',
  `create_date` datetime NOT NULL COMMENT '',
  `update_by` varchar(64) COLLATE utf8_bin NOT NULL COMMENT '',
  `update_date` datetime NOT NULL COMMENT '',
  `remarks` varchar(255) COLLATE utf8_bin DEFAULT NULL COMMENT '',
  `del_flag` char(1) COLLATE utf8_bin NOT NULL DEFAULT '0' COMMENT '',
  PRIMARY KEY (`id`),
  KEY `OA_TEST_AUDIT_del_flag` (`del_flag`)
) ENGINE=InnoDB DEFAULT CHARSET=utf8 COLLATE=utf8_bin COMMENT='';

-- ----------------------------
-- Records of oa_test_audit
-- ----------------------------

-- ----------------------------
-- Table structure for `sys_area`
-- ----------------------------
DROP TABLE IF EXISTS `sys_area`;
CREATE TABLE `sys_area` (
  `id` varchar(64) COLLATE utf8_bin NOT NULL COMMENT '',
  `parent_id` varchar(64) COLLATE utf8_bin NOT NULL COMMENT '',
  `parent_ids` varchar(2000) COLLATE utf8_bin NOT NULL COMMENT '',
  `name` varchar(100) COLLATE utf8_bin NOT NULL COMMENT '',
  `sort` decimal(10,0) NOT NULL COMMENT '',
  `code` varchar(100) COLLATE utf8_bin DEFAULT NULL COMMENT '',
  `type` char(1) COLLATE utf8_bin DEFAULT NULL COMMENT '',
  `create_by` varchar(64) COLLATE utf8_bin NOT NULL COMMENT '',
  `create_date` datetime NOT NULL COMMENT '',
  `update_by` varchar(64) COLLATE utf8_bin NOT NULL COMMENT '',
  `update_date` datetime NOT NULL COMMENT '',
  `remarks` varchar(255) COLLATE utf8_bin DEFAULT NULL COMMENT '',
  `del_flag` char(1) COLLATE utf8_bin NOT NULL DEFAULT '0' COMMENT '',
  PRIMARY KEY (`id`),
  KEY `sys_area_parent_id` (`parent_id`),
  KEY `sys_area_del_flag` (`del_flag`)
) ENGINE=InnoDB DEFAULT CHARSET=utf8 COLLATE=utf8_bin COMMENT='';

-- ----------------------------
-- Records of sys_area
-- ----------------------------
INSERT INTO `sys_area` VALUES ('1', '0', '0,', '', '10', '100000', '1', '1', '2015-12-03 21:26:25', '1', '2015-12-03 21:26:25', null, '0');
INSERT INTO `sys_area` VALUES ('2', '1', '0,1', '', '20', '110000', '2', '1', '2015-12-03 21:26:25', '1', '2015-12-03 21:26:25', null, '0');
INSERT INTO `sys_area` VALUES ('3', '2', '0,1,2,', '', '30', '110101', '3', '1', '2015-12-03 21:26:25', '1', '2015-12-03 21:26:25', null, '0');
INSERT INTO `sys_area` VALUES ('4', '3', '0,1,2,3,', '', '40', '110102', '4', '1', '2015-12-03 21:26:25', '1', '2015-12-03 21:26:25', '', '0');
INSERT INTO `sys_area` VALUES ('5', '3', '0,1,2,3,', '', '50', '110104', '4', '1', '2015-12-03 21:26:25', '1', '2015-12-03 21:26:25', '', '0');
INSERT INTO `sys_area` VALUES ('6', '3', '0,1,2,3,', '', '60', '110105', '4', '1', '2015-12-03 21:26:25', '1', '2015-12-03 21:26:25', '', '0');

-- ----------------------------
-- Table structure for `sys_dict`
-- ----------------------------
DROP TABLE IF EXISTS `sys_dict`;
CREATE TABLE `sys_dict` (
  `id` varchar(64) COLLATE utf8_bin NOT NULL COMMENT '',
  `value` varchar(100) COLLATE utf8_bin NOT NULL COMMENT '',
  `label` varchar(100) COLLATE utf8_bin NOT NULL COMMENT '',
  `type` varchar(100) COLLATE utf8_bin NOT NULL COMMENT '',
  `description` varchar(100) COLLATE utf8_bin NOT NULL COMMENT '',
  `sort` decimal(10,0) NOT NULL COMMENT '',
  `parent_id` varchar(64) COLLATE utf8_bin DEFAULT '0' COMMENT '',
  `create_by` varchar(64) COLLATE utf8_bin NOT NULL COMMENT '',
  `create_date` datetime NOT NULL COMMENT '',
  `update_by` varchar(64) COLLATE utf8_bin NOT NULL COMMENT '',
  `update_date` datetime NOT NULL COMMENT '',
  `remarks` varchar(255) COLLATE utf8_bin DEFAULT NULL COMMENT '',
  `del_flag` char(1) COLLATE utf8_bin NOT NULL DEFAULT '0' COMMENT '',
  PRIMARY KEY (`id`),
  KEY `sys_dict_value` (`value`),
  KEY `sys_dict_label` (`label`),
  KEY `sys_dict_del_flag` (`del_flag`)
) ENGINE=InnoDB DEFAULT CHARSET=utf8 COLLATE=utf8_bin COMMENT='';

-- ----------------------------
-- Records of sys_dict
-- ----------------------------
INSERT INTO `sys_dict` VALUES ('1', '0', '', 'del_flag', '', '10', '0', '1', '2013-05-27 00:00:00', '1', '2013-05-27 00:00:00', '', '0');
INSERT INTO `sys_dict` VALUES ('10', 'yellow', '', 'color', '', '40', '0', '1', '2013-05-27 00:00:00', '1', '2013-05-27 00:00:00', '', '0');
INSERT INTO `sys_dict` VALUES ('100', 'java.util.Date', 'Date', 'gen_java_type', 'Java', '50', '0', '1', '2013-10-28 00:00:00', '1', '2013-10-28 00:00:00', '', '1');
INSERT INTO `sys_dict` VALUES ('101', 'com.thinkgem.jeesite.modules.sys.entity.User', 'User', 'gen_java_type', 'Java', '60', '0', '1', '2013-10-28 00:00:00', '1', '2013-10-28 00:00:00', '', '1');
INSERT INTO `sys_dict` VALUES ('102', 'com.thinkgem.jeesite.modules.sys.entity.Office', 'Office', 'gen_java_type', 'Java', '70', '0', '1', '2013-10-28 00:00:00', '1', '2013-10-28 00:00:00', '', '1');
INSERT INTO `sys_dict` VALUES ('103', 'com.thinkgem.jeesite.modules.sys.entity.Area', 'Area', 'gen_java_type', 'Java', '80', '0', '1', '2013-10-28 00:00:00', '1', '2013-10-28 00:00:00', '', '1');
INSERT INTO `sys_dict` VALUES ('104', 'Custom', 'Custom', 'gen_java_type', 'Java', '90', '0', '1', '2013-10-28 00:00:00', '1', '2013-10-28 00:00:00', '', '1');
INSERT INTO `sys_dict` VALUES ('105', '1', '\0', 'oa_notify_type', '', '10', '0', '1', '2013-11-08 00:00:00', '1', '2013-11-08 00:00:00', '', '0');
INSERT INTO `sys_dict` VALUES ('106', '2', '\0', 'oa_notify_type', '', '20', '0', '1', '2013-11-08 00:00:00', '1', '2013-11-08 00:00:00', '', '0');
INSERT INTO `sys_dict` VALUES ('107', '3', '\0', 'oa_notify_type', '', '30', '0', '1', '2013-11-08 00:00:00', '1', '2013-11-08 00:00:00', '', '0');
INSERT INTO `sys_dict` VALUES ('108', '0', '', 'oa_notify_status', '', '10', '0', '1', '2013-11-08 00:00:00', '1', '2013-11-08 00:00:00', '', '0');
INSERT INTO `sys_dict` VALUES ('109', '1', '', 'oa_notify_status', '', '20', '0', '1', '2013-11-08 00:00:00', '1', '2013-11-08 00:00:00', '', '0');
INSERT INTO `sys_dict` VALUES ('11', 'orange', '', 'color', '', '50', '0', '1', '2013-05-27 00:00:00', '1', '2013-05-27 00:00:00', '', '0');
INSERT INTO `sys_dict` VALUES ('110', '0', '', 'oa_notify_read', '', '10', '0', '1', '2013-11-08 00:00:00', '1', '2013-11-08 00:00:00', '', '0');
INSERT INTO `sys_dict` VALUES ('111', '1', '', 'oa_notify_read', '', '20', '0', '1', '2013-11-08 00:00:00', '1', '2013-11-08 00:00:00', '', '0');
INSERT INTO `sys_dict` VALUES ('12', 'default', '', 'theme', '', '10', '0', '1', '2013-05-27 00:00:00', '1', '2013-05-27 00:00:00', '', '0');
INSERT INTO `sys_dict` VALUES ('13', 'cerulean', '', 'theme', '', '20', '0', '1', '2013-05-27 00:00:00', '1', '2013-05-27 00:00:00', '', '0');
INSERT INTO `sys_dict` VALUES ('14', 'readable', '', 'theme', '', '30', '0', '1', '2013-05-27 00:00:00', '1', '2013-05-27 00:00:00', '', '0');
INSERT INTO `sys_dict` VALUES ('15', 'united', '', 'theme', '', '40', '0', '1', '2013-05-27 00:00:00', '1', '2013-05-27 00:00:00', '', '0');
INSERT INTO `sys_dict` VALUES ('16', 'flat', 'Flat', 'theme', '', '60', '0', '1', '2013-05-27 00:00:00', '1', '2013-05-27 00:00:00', '', '0');
INSERT INTO `sys_dict` VALUES ('17', '1', '', 'sys_area_type', '', '10', '0', '1', '2013-05-27 00:00:00', '1', '2013-05-27 00:00:00', '', '0');
INSERT INTO `sys_dict` VALUES ('18', '2', '', 'sys_area_type', '', '20', '0', '1', '2013-05-27 00:00:00', '1', '2013-05-27 00:00:00', '', '0');
INSERT INTO `sys_dict` VALUES ('19', '3', '', 'sys_area_type', '', '30', '0', '1', '2013-05-27 00:00:00', '1', '2013-05-27 00:00:00', '', '0');
INSERT INTO `sys_dict` VALUES ('2', '1', '', 'del_flag', '', '20', '0', '1', '2013-05-27 00:00:00', '1', '2013-05-27 00:00:00', '', '0');
INSERT INTO `sys_dict` VALUES ('20', '4', '', 'sys_area_type', '', '40', '0', '1', '2013-05-27 00:00:00', '1', '2013-05-27 00:00:00', '', '0');
INSERT INTO `sys_dict` VALUES ('21', '1', '', 'sys_office_type', '', '60', '0', '1', '2013-05-27 00:00:00', '1', '2013-05-27 00:00:00', '', '0');
INSERT INTO `sys_dict` VALUES ('22', '2', '', 'sys_office_type', '', '70', '0', '1', '2013-05-27 00:00:00', '1', '2013-05-27 00:00:00', '', '0');
INSERT INTO `sys_dict` VALUES ('23', '3', '', 'sys_office_type', '', '80', '0', '1', '2013-05-27 00:00:00', '1', '2013-05-27 00:00:00', '', '0');
INSERT INTO `sys_dict` VALUES ('24', '4', '', 'sys_office_type', '', '90', '0', '1', '2013-05-27 00:00:00', '1', '2013-05-27 00:00:00', '', '0');
INSERT INTO `sys_dict` VALUES ('25', '1', '', 'sys_office_common', '', '30', '0', '1', '2013-05-27 00:00:00', '1', '2013-05-27 00:00:00', '', '0');
INSERT INTO `sys_dict` VALUES ('26', '2', '', 'sys_office_common', '', '40', '0', '1', '2013-05-27 00:00:00', '1', '2013-05-27 00:00:00', '', '0');
INSERT INTO `sys_dict` VALUES ('27', '3', '', 'sys_office_common', '', '50', '0', '1', '2013-05-27 00:00:00', '1', '2013-05-27 00:00:00', '', '0');
INSERT INTO `sys_dict` VALUES ('28', '1', '', 'sys_office_grade', '', '10', '0', '1', '2013-05-27 00:00:00', '1', '2013-05-27 00:00:00', '', '0');
INSERT INTO `sys_dict` VALUES ('29', '2', '', 'sys_office_grade', '', '20', '0', '1', '2013-05-27 00:00:00', '1', '2013-05-27 00:00:00', '', '0');
INSERT INTO `sys_dict` VALUES ('3', '1', '', 'show_hide', '/', '10', '0', '1', '2013-05-27 00:00:00', '1', '2013-05-27 00:00:00', '', '0');
INSERT INTO `sys_dict` VALUES ('30', '3', '', 'sys_office_grade', '', '30', '0', '1', '2013-05-27 00:00:00', '1', '2013-05-27 00:00:00', '', '0');
INSERT INTO `sys_dict` VALUES ('31', '4', '', 'sys_office_grade', '', '40', '0', '1', '2013-05-27 00:00:00', '1', '2013-05-27 00:00:00', '', '0');
INSERT INTO `sys_dict` VALUES ('32', '1', '', 'sys_data_scope', '', '10', '0', '1', '2013-05-27 00:00:00', '1', '2013-05-27 00:00:00', '', '0');
INSERT INTO `sys_dict` VALUES ('33', '2', '', 'sys_data_scope', '', '20', '0', '1', '2013-05-27 00:00:00', '1', '2013-05-27 00:00:00', '', '0');
INSERT INTO `sys_dict` VALUES ('34', '3', '', 'sys_data_scope', '', '30', '0', '1', '2013-05-27 00:00:00', '1', '2013-05-27 00:00:00', '', '0');
INSERT INTO `sys_dict` VALUES ('35', '4', '', 'sys_data_scope', '', '40', '0', '1', '2013-05-27 00:00:00', '1', '2013-05-27 00:00:00', '', '0');
INSERT INTO `sys_dict` VALUES ('36', '5', '', 'sys_data_scope', '', '50', '0', '1', '2013-05-27 00:00:00', '1', '2013-05-27 00:00:00', '', '0');
INSERT INTO `sys_dict` VALUES ('37', '8', '', 'sys_data_scope', '', '90', '0', '1', '2013-05-27 00:00:00', '1', '2013-05-27 00:00:00', '', '0');
INSERT INTO `sys_dict` VALUES ('38', '9', '', 'sys_data_scope', '', '100', '0', '1', '2013-05-27 00:00:00', '1', '2013-05-27 00:00:00', '', '0');
INSERT INTO `sys_dict` VALUES ('39', '1', '', 'sys_user_type', '', '10', '0', '1', '2013-05-27 00:00:00', '1', '2013-05-27 00:00:00', '', '0');
INSERT INTO `sys_dict` VALUES ('4', '0', '', 'show_hide', '/', '20', '0', '1', '2013-05-27 00:00:00', '1', '2013-05-27 00:00:00', '', '0');
INSERT INTO `sys_dict` VALUES ('40', '2', '', 'sys_user_type', '', '20', '0', '1', '2013-05-27 00:00:00', '1', '2013-05-27 00:00:00', '', '0');
INSERT INTO `sys_dict` VALUES ('41', '3', '', 'sys_user_type', '', '30', '0', '1', '2013-05-27 00:00:00', '1', '2013-05-27 00:00:00', '', '0');
INSERT INTO `sys_dict` VALUES ('42', 'basic', '', 'cms_theme', '', '10', '0', '1', '2013-05-27 00:00:00', '1', '2013-05-27 00:00:00', '', '0');
INSERT INTO `sys_dict` VALUES ('43', 'blue', '', 'cms_theme', '', '20', '0', '1', '2013-05-27 00:00:00', '1', '2013-05-27 00:00:00', '', '1');
INSERT INTO `sys_dict` VALUES ('44', 'red', '', 'cms_theme', '', '30', '0', '1', '2013-05-27 00:00:00', '1', '2013-05-27 00:00:00', '', '1');
INSERT INTO `sys_dict` VALUES ('45', 'article', '', 'cms_module', '', '10', '0', '1', '2013-05-27 00:00:00', '1', '2013-05-27 00:00:00', '', '0');
INSERT INTO `sys_dict` VALUES ('46', 'picture', '', 'cms_module', '', '20', '0', '1', '2013-05-27 00:00:00', '1', '2013-05-27 00:00:00', '', '1');
INSERT INTO `sys_dict` VALUES ('47', 'download', '', 'cms_module', '', '30', '0', '1', '2013-05-27 00:00:00', '1', '2013-05-27 00:00:00', '', '1');
INSERT INTO `sys_dict` VALUES ('48', 'link', '', 'cms_module', '', '40', '0', '1', '2013-05-27 00:00:00', '1', '2013-05-27 00:00:00', '', '0');
INSERT INTO `sys_dict` VALUES ('49', 'special', '', 'cms_module', '', '50', '0', '1', '2013-05-27 00:00:00', '1', '2013-05-27 00:00:00', '', '1');
INSERT INTO `sys_dict` VALUES ('5', '1', '', 'yes_no', '/', '10', '0', '1', '2013-05-27 00:00:00', '1', '2013-05-27 00:00:00', '', '0');
INSERT INTO `sys_dict` VALUES ('50', '0', '', 'cms_show_modes', '', '10', '0', '1', '2013-05-27 00:00:00', '1', '2013-05-27 00:00:00', '', '0');
INSERT INTO `sys_dict` VALUES ('51', '1', '', 'cms_show_modes', '', '20', '0', '1', '2013-05-27 00:00:00', '1', '2013-05-27 00:00:00', '', '0');
INSERT INTO `sys_dict` VALUES ('52', '2', '', 'cms_show_modes', '', '30', '0', '1', '2013-05-27 00:00:00', '1', '2013-05-27 00:00:00', '', '0');
INSERT INTO `sys_dict` VALUES ('53', '0', '', 'cms_del_flag', '', '10', '0', '1', '2013-05-27 00:00:00', '1', '2013-05-27 00:00:00', '', '0');
INSERT INTO `sys_dict` VALUES ('54', '1', '', 'cms_del_flag', '', '20', '0', '1', '2013-05-27 00:00:00', '1', '2013-05-27 00:00:00', '', '0');
INSERT INTO `sys_dict` VALUES ('55', '2', '', 'cms_del_flag', '', '15', '0', '1', '2013-05-27 00:00:00', '1', '2013-05-27 00:00:00', '', '0');
INSERT INTO `sys_dict` VALUES ('56', '1', '', 'cms_posid', '', '10', '0', '1', '2013-05-27 00:00:00', '1', '2013-05-27 00:00:00', '', '0');
INSERT INTO `sys_dict` VALUES ('57', '2', '', 'cms_posid', '', '20', '0', '1', '2013-05-27 00:00:00', '1', '2013-05-27 00:00:00', '', '0');
INSERT INTO `sys_dict` VALUES ('58', '1', '', 'cms_guestbook', '', '10', '0', '1', '2013-05-27 00:00:00', '1', '2013-05-27 00:00:00', '', '0');
INSERT INTO `sys_dict` VALUES ('59', '2', '', 'cms_guestbook', '', '20', '0', '1', '2013-05-27 00:00:00', '1', '2013-05-27 00:00:00', '', '0');
INSERT INTO `sys_dict` VALUES ('6', '0', '', 'yes_no', '/', '20', '0', '1', '2013-05-27 00:00:00', '1', '2013-05-27 00:00:00', '', '0');
INSERT INTO `sys_dict` VALUES ('60', '3', '', 'cms_guestbook', '', '30', '0', '1', '2013-05-27 00:00:00', '1', '2013-05-27 00:00:00', '', '0');
INSERT INTO `sys_dict` VALUES ('61', '4', '', 'cms_guestbook', '', '40', '0', '1', '2013-05-27 00:00:00', '1', '2013-05-27 00:00:00', '', '0');
INSERT INTO `sys_dict` VALUES ('62', '1', '', 'oa_leave_type', '', '10', '0', '1', '2013-05-27 00:00:00', '1', '2013-05-27 00:00:00', '', '0');
INSERT INTO `sys_dict` VALUES ('63', '2', '', 'oa_leave_type', '', '20', '0', '1', '2013-05-27 00:00:00', '1', '2013-05-27 00:00:00', '', '0');
INSERT INTO `sys_dict` VALUES ('64', '3', '', 'oa_leave_type', '', '30', '0', '1', '2013-05-27 00:00:00', '1', '2013-05-27 00:00:00', '', '0');
INSERT INTO `sys_dict` VALUES ('65', '4', '', 'oa_leave_type', '', '40', '0', '1', '2013-05-27 00:00:00', '1', '2013-05-27 00:00:00', '', '0');
INSERT INTO `sys_dict` VALUES ('66', '5', '', 'oa_leave_type', '', '60', '0', '1', '2013-05-27 00:00:00', '1', '2013-05-27 00:00:00', '', '0');
INSERT INTO `sys_dict` VALUES ('67', '1', '', 'sys_log_type', '', '30', '0', '1', '2013-06-03 00:00:00', '1', '2013-06-03 00:00:00', '', '0');
INSERT INTO `sys_dict` VALUES ('68', '2', '', 'sys_log_type', '', '40', '0', '1', '2013-06-03 00:00:00', '1', '2013-06-03 00:00:00', '', '0');
INSERT INTO `sys_dict` VALUES ('69', 'leave', '', 'act_type', '', '10', '0', '1', '2013-06-03 00:00:00', '1', '2013-06-03 00:00:00', '', '0');
INSERT INTO `sys_dict` VALUES ('7', 'red', '', 'color', '', '10', '0', '1', '2013-05-27 00:00:00', '1', '2013-05-27 00:00:00', '', '0');
INSERT INTO `sys_dict` VALUES ('70', 'test_audit', '', 'act_type', '', '20', '0', '1', '2013-06-03 00:00:00', '1', '2013-06-03 00:00:00', '', '0');
INSERT INTO `sys_dict` VALUES ('71', '1', '1', 'act_category', '', '10', '0', '1', '2013-06-03 00:00:00', '1', '2013-06-03 00:00:00', '', '0');
INSERT INTO `sys_dict` VALUES ('72', '2', '2', 'act_category', '', '20', '0', '1', '2013-06-03 00:00:00', '1', '2013-06-03 00:00:00', '', '0');
INSERT INTO `sys_dict` VALUES ('73', 'crud', '', 'gen_category', '', '10', '0', '1', '2013-10-28 00:00:00', '1', '2013-10-28 00:00:00', '', '1');
INSERT INTO `sys_dict` VALUES ('74', 'crud_many', '', 'gen_category', '', '20', '0', '1', '2013-10-28 00:00:00', '1', '2013-10-28 00:00:00', '', '1');
INSERT INTO `sys_dict` VALUES ('75', 'tree', '', 'gen_category', '', '30', '0', '1', '2013-10-28 00:00:00', '1', '2013-10-28 00:00:00', '', '1');
INSERT INTO `sys_dict` VALUES ('76', '=', '=', 'gen_query_type', '', '10', '0', '1', '2013-10-28 00:00:00', '1', '2013-10-28 00:00:00', '', '1');
INSERT INTO `sys_dict` VALUES ('77', '!=', '!=', 'gen_query_type', '', '20', '0', '1', '2013-10-28 00:00:00', '1', '2013-10-28 00:00:00', '', '1');
INSERT INTO `sys_dict` VALUES ('78', '&gt;', '&gt;', 'gen_query_type', '', '30', '0', '1', '2013-10-28 00:00:00', '1', '2013-10-28 00:00:00', '', '1');
INSERT INTO `sys_dict` VALUES ('79', '&lt;', '&lt;', 'gen_query_type', '', '40', '0', '1', '2013-10-28 00:00:00', '1', '2013-10-28 00:00:00', '', '1');
INSERT INTO `sys_dict` VALUES ('8', 'green', '', 'color', '', '20', '0', '1', '2013-05-27 00:00:00', '1', '2013-05-27 00:00:00', '', '0');
INSERT INTO `sys_dict` VALUES ('80', 'between', 'Between', 'gen_query_type', '', '50', '0', '1', '2013-10-28 00:00:00', '1', '2013-10-28 00:00:00', '', '1');
INSERT INTO `sys_dict` VALUES ('81', 'like', 'Like', 'gen_query_type', '', '60', '0', '1', '2013-10-28 00:00:00', '1', '2013-10-28 00:00:00', '', '1');
INSERT INTO `sys_dict` VALUES ('82', 'left_like', 'Left Like', 'gen_query_type', '', '70', '0', '1', '2013-10-28 00:00:00', '1', '2013-10-28 00:00:00', '', '1');
INSERT INTO `sys_dict` VALUES ('83', 'right_like', 'Right Like', 'gen_query_type', '', '80', '0', '1', '2013-10-28 00:00:00', '1', '2013-10-28 00:00:00', '', '1');
INSERT INTO `sys_dict` VALUES ('84', 'input', '', 'gen_show_type', '', '10', '0', '1', '2013-10-28 00:00:00', '1', '2013-10-28 00:00:00', '', '1');
INSERT INTO `sys_dict` VALUES ('85', 'textarea', '', 'gen_show_type', '', '20', '0', '1', '2013-10-28 00:00:00', '1', '2013-10-28 00:00:00', '', '1');
INSERT INTO `sys_dict` VALUES ('86', 'select', '', 'gen_show_type', '', '30', '0', '1', '2013-10-28 00:00:00', '1', '2013-10-28 00:00:00', '', '1');
INSERT INTO `sys_dict` VALUES ('87', 'checkbox', '', 'gen_show_type', '', '40', '0', '1', '2013-10-28 00:00:00', '1', '2013-10-28 00:00:00', '', '1');
INSERT INTO `sys_dict` VALUES ('88', 'radiobox', '', 'gen_show_type', '', '50', '0', '1', '2013-10-28 00:00:00', '1', '2013-10-28 00:00:00', '', '1');
INSERT INTO `sys_dict` VALUES ('89', 'dateselect', '', 'gen_show_type', '', '60', '0', '1', '2013-10-28 00:00:00', '1', '2013-10-28 00:00:00', '', '1');
INSERT INTO `sys_dict` VALUES ('9', 'blue', '', 'color', '', '30', '0', '1', '2013-05-27 00:00:00', '1', '2013-05-27 00:00:00', '', '0');
INSERT INTO `sys_dict` VALUES ('90', 'userselect', '', 'gen_show_type', '', '70', '0', '1', '2013-10-28 00:00:00', '1', '2013-10-28 00:00:00', '', '1');
INSERT INTO `sys_dict` VALUES ('91', 'officeselect', '', 'gen_show_type', '', '80', '0', '1', '2013-10-28 00:00:00', '1', '2013-10-28 00:00:00', '', '1');
INSERT INTO `sys_dict` VALUES ('92', 'areaselect', '', 'gen_show_type', '', '90', '0', '1', '2013-10-28 00:00:00', '1', '2013-10-28 00:00:00', '', '1');
INSERT INTO `sys_dict` VALUES ('93', 'String', 'String', 'gen_java_type', 'Java', '10', '0', '1', '2013-10-28 00:00:00', '1', '2013-10-28 00:00:00', '', '1');
INSERT INTO `sys_dict` VALUES ('94', 'Long', 'Long', 'gen_java_type', 'Java', '20', '0', '1', '2013-10-28 00:00:00', '1', '2013-10-28 00:00:00', '', '1');
INSERT INTO `sys_dict` VALUES ('95', 'dao', '', 'gen_category', '\0\0\0', '40', '0', '1', '2013-10-28 00:00:00', '1', '2013-10-28 00:00:00', '', '1');
INSERT INTO `sys_dict` VALUES ('96', '1', '', 'sex', '', '10', '0', '1', '2013-10-28 00:00:00', '1', '2013-10-28 00:00:00', '', '0');
INSERT INTO `sys_dict` VALUES ('97', '2', '', 'sex', '', '20', '0', '1', '2013-10-28 00:00:00', '1', '2013-10-28 00:00:00', '', '0');
INSERT INTO `sys_dict` VALUES ('98', 'Integer', 'Integer', 'gen_java_type', 'Java', '30', '0', '1', '2013-10-28 00:00:00', '1', '2013-10-28 00:00:00', '', '1');
INSERT INTO `sys_dict` VALUES ('99', 'Double', 'Double', 'gen_java_type', 'Java', '40', '0', '1', '2013-10-28 00:00:00', '1', '2013-10-28 00:00:00', '', '1');

-- ----------------------------
-- Table structure for `sys_log`
-- ----------------------------
DROP TABLE IF EXISTS `sys_log`;
CREATE TABLE `sys_log` (
  `id` varchar(64) COLLATE utf8_bin NOT NULL COMMENT '',
  `type` char(1) COLLATE utf8_bin DEFAULT '1' COMMENT '',
  `title` varchar(255) COLLATE utf8_bin DEFAULT '' COMMENT '',
  `create_by` varchar(64) COLLATE utf8_bin DEFAULT NULL COMMENT '',
  `create_date` datetime DEFAULT NULL COMMENT '',
  `remote_addr` varchar(255) COLLATE utf8_bin DEFAULT NULL COMMENT 'IP',
  `user_agent` varchar(255) COLLATE utf8_bin DEFAULT NULL COMMENT '',
  `request_uri` varchar(255) COLLATE utf8_bin DEFAULT NULL COMMENT 'URI',
  `method` varchar(5) COLLATE utf8_bin DEFAULT NULL COMMENT '',
  `params` text COLLATE utf8_bin COMMENT '',
  `exception` text COLLATE utf8_bin COMMENT '',
  PRIMARY KEY (`id`),
  KEY `sys_log_create_by` (`create_by`),
  KEY `sys_log_request_uri` (`request_uri`),
  KEY `sys_log_type` (`type`),
  KEY `sys_log_create_date` (`create_date`)
) ENGINE=InnoDB DEFAULT CHARSET=utf8 COLLATE=utf8_bin COMMENT='';

-- ----------------------------
-- Records of sys_log
-- ----------------------------
INSERT INTO `sys_log` VALUES ('53a0c8ffc18b4997a18f4e86986bffd8', '1', '--', '1', '2015-12-03 21:48:12', '0:0:0:0:0:0:0:1', 'Mozilla/4.0 (compatible; MSIE 8.0; Windows NT 6.1; Win64; x64; Trident/4.0; .NET CLR 2.0.50727; SLCC2; .NET CLR 3.5.30729; .NET CLR 3.0.30729; Media Center PC 6.0; .NET4.0C; .NET4.0E)', '/a/act/task/todo/', 'GET', 0x7461625061676549643D6A65726963686F746162696672616D655F37, '');
INSERT INTO `sys_log` VALUES ('624f65697b704033895626a5f6099760', '1', '--', '1', '2015-12-03 21:48:47', '0:0:0:0:0:0:0:1', 'Mozilla/4.0 (compatible; MSIE 8.0; Windows NT 6.1; Win64; x64; Trident/4.0; .NET CLR 2.0.50727; SLCC2; .NET CLR 3.5.30729; .NET CLR 3.0.30729; Media Center PC 6.0; .NET4.0C; .NET4.0E)', '/a/act/model', 'GET', 0x7461625061676549643D6A65726963686F746162696672616D655F3130, '');
INSERT INTO `sys_log` VALUES ('62ecfd827ba444259a58e1aa71fe9e36', '1', '--', '1', '2015-12-03 21:48:08', '0:0:0:0:0:0:0:1', 'Mozilla/4.0 (compatible; MSIE 8.0; Windows NT 6.1; Win64; x64; Trident/4.0; .NET CLR 2.0.50727; SLCC2; .NET CLR 3.5.30729; .NET CLR 3.0.30729; Media Center PC 6.0; .NET4.0C; .NET4.0E)', '/a/oa/oaNotify/self', 'GET', 0x7461625061676549643D6A65726963686F746162696672616D655F35, '');
INSERT INTO `sys_log` VALUES ('8b796f31b40e4404913197ce8a1dd806', '1', '--', '1', '2015-12-03 21:48:10', '0:0:0:0:0:0:0:1', 'Mozilla/4.0 (compatible; MSIE 8.0; Windows NT 6.1; Win64; x64; Trident/4.0; .NET CLR 2.0.50727; SLCC2; .NET CLR 3.5.30729; .NET CLR 3.0.30729; Media Center PC 6.0; .NET4.0C; .NET4.0E)', '/a/oa/oaNotify', 'GET', 0x7461625061676549643D6A65726963686F746162696672616D655F36, '');
INSERT INTO `sys_log` VALUES ('a409751d49b541dab22c5515e4a75ebd', '1', '--', '1', '2015-12-03 21:49:05', '0:0:0:0:0:0:0:1', 'Mozilla/4.0 (compatible; MSIE 8.0; Windows NT 6.1; Win64; x64; Trident/4.0; .NET CLR 2.0.50727; SLCC2; .NET CLR 3.5.30729; .NET CLR 3.0.30729; Media Center PC 6.0; .NET4.0C; .NET4.0E)', '/a/act/process', 'GET', '', '');
INSERT INTO `sys_log` VALUES ('a4eb29268f6547d8b89be45a899bb18e', '1', '--', '1', '2015-12-03 21:42:39', '0:0:0:0:0:0:0:1', 'Mozilla/4.0 (compatible; MSIE 8.0; Windows NT 6.1; Win64; x64; Trident/4.0; .NET CLR 2.0.50727; SLCC2; .NET CLR 3.5.30729; .NET CLR 3.0.30729; Media Center PC 6.0; .NET4.0C; .NET4.0E)', '/a/sys/user/info', 'GET', 0x7461625061676549643D6A65726963686F746162696672616D655F30, '');
INSERT INTO `sys_log` VALUES ('aafb7fcbec2d4a11bc4b37c31673a594', '1', '', '1', '2015-12-03 21:42:38', '0:0:0:0:0:0:0:1', 'Mozilla/4.0 (compatible; MSIE 8.0; Windows NT 6.1; Win64; x64; Trident/4.0; .NET CLR 2.0.50727; SLCC2; .NET CLR 3.5.30729; .NET CLR 3.0.30729; Media Center PC 6.0; .NET4.0C; .NET4.0E)', '/a', 'GET', 0x6C6F67696E3D, '');
INSERT INTO `sys_log` VALUES ('afaa8e0149cb44dd9efb34887d499913', '1', '--', '1', '2015-12-03 21:48:06', '0:0:0:0:0:0:0:1', 'Mozilla/4.0 (compatible; MSIE 8.0; Windows NT 6.1; Win64; x64; Trident/4.0; .NET CLR 2.0.50727; SLCC2; .NET CLR 3.5.30729; .NET CLR 3.0.30729; Media Center PC 6.0; .NET4.0C; .NET4.0E)', '/a/gen/genScheme', 'GET', 0x7461625061676549643D6A65726963686F746162696672616D655F34, '');
INSERT INTO `sys_log` VALUES ('b554b99ae31d49098bb9a5f9e303fdcb', '1', '---', '1', '2015-12-03 21:49:22', '0:0:0:0:0:0:0:1', 'Mozilla/4.0 (compatible; MSIE 8.0; Windows NT 6.1; Win64; x64; Trident/4.0; .NET CLR 2.0.50727; SLCC2; .NET CLR 3.5.30729; .NET CLR 3.0.30729; Media Center PC 6.0; .NET4.0C; .NET4.0E)', '/a/sys/user/list', 'GET', '', '');
INSERT INTO `sys_log` VALUES ('d028efbeea0b470f8d30b4f30c8cd04e', '1', '--', '1', '2015-12-03 21:42:56', '0:0:0:0:0:0:0:1', 'Mozilla/4.0 (compatible; MSIE 8.0; Windows NT 6.1; Win64; x64; Trident/4.0; .NET CLR 2.0.50727; SLCC2; .NET CLR 3.5.30729; .NET CLR 3.0.30729; Media Center PC 6.0; .NET4.0C; .NET4.0E)', '/a/sys/user/modifyPwd', 'GET', 0x7461625061676549643D6A65726963686F746162696672616D655F31, '');
INSERT INTO `sys_log` VALUES ('de3c719c98d9419a983ad056d69bbc0f', '1', '--', '1', '2015-12-03 21:48:31', '0:0:0:0:0:0:0:1', 'Mozilla/4.0 (compatible; MSIE 8.0; Windows NT 6.1; Win64; x64; Trident/4.0; .NET CLR 2.0.50727; SLCC2; .NET CLR 3.5.30729; .NET CLR 3.0.30729; Media Center PC 6.0; .NET4.0C; .NET4.0E)', '/a/act/model', 'GET', '', '');
INSERT INTO `sys_log` VALUES ('e3e23f5bd13a41f9815c05c1f9a6ab12', '1', '--', '1', '2015-12-03 21:48:16', '0:0:0:0:0:0:0:1', 'Mozilla/4.0 (compatible; MSIE 8.0; Windows NT 6.1; Win64; x64; Trident/4.0; .NET CLR 2.0.50727; SLCC2; .NET CLR 3.5.30729; .NET CLR 3.0.30729; Media Center PC 6.0; .NET4.0C; .NET4.0E)', '/a/act/process', 'GET', 0x7461625061676549643D6A65726963686F746162696672616D655F39, '');
INSERT INTO `sys_log` VALUES ('e4127a0151c0413d94bca8a6b8acf1b7', '1', '--', '1', '2015-12-03 21:47:55', '0:0:0:0:0:0:0:1', 'Mozilla/4.0 (compatible; MSIE 8.0; Windows NT 6.1; Win64; x64; Trident/4.0; .NET CLR 2.0.50727; SLCC2; .NET CLR 3.5.30729; .NET CLR 3.0.30729; Media Center PC 6.0; .NET4.0C; .NET4.0E)', '/a/gen/genTable', 'GET', 0x7461625061676549643D6A65726963686F746162696672616D655F33, '');
INSERT INTO `sys_log` VALUES ('e6925963b5d048a9ab4b52432f2318b7', '1', '--', '1', '2015-12-03 21:49:21', '0:0:0:0:0:0:0:1', 'Mozilla/4.0 (compatible; MSIE 8.0; Windows NT 6.1; Win64; x64; Trident/4.0; .NET CLR 2.0.50727; SLCC2; .NET CLR 3.5.30729; .NET CLR 3.0.30729; Media Center PC 6.0; .NET4.0C; .NET4.0E)', '/a/sys/user/index', 'GET', 0x7461625061676549643D6A65726963686F746162696672616D655F3131, '');
INSERT INTO `sys_log` VALUES ('f653828d9f214cb0a9d20329a1208efd', '1', '--', '1', '2015-12-03 21:48:14', '0:0:0:0:0:0:0:1', 'Mozilla/4.0 (compatible; MSIE 8.0; Windows NT 6.1; Win64; x64; Trident/4.0; .NET CLR 2.0.50727; SLCC2; .NET CLR 3.5.30729; .NET CLR 3.0.30729; Media Center PC 6.0; .NET4.0C; .NET4.0E)', '/a/oa/testAudit', 'GET', 0x7461625061676549643D6A65726963686F746162696672616D655F38, '');

-- ----------------------------
-- Table structure for `sys_mdict`
-- ----------------------------
DROP TABLE IF EXISTS `sys_mdict`;
CREATE TABLE `sys_mdict` (
  `id` varchar(64) COLLATE utf8_bin NOT NULL COMMENT '',
  `parent_id` varchar(64) COLLATE utf8_bin NOT NULL COMMENT '',
  `parent_ids` varchar(2000) COLLATE utf8_bin NOT NULL COMMENT '',
  `name` varchar(100) COLLATE utf8_bin NOT NULL COMMENT '',
  `sort` decimal(10,0) NOT NULL COMMENT '',
  `description` varchar(100) COLLATE utf8_bin DEFAULT NULL COMMENT '',
  `create_by` varchar(64) COLLATE utf8_bin NOT NULL COMMENT '',
  `create_date` datetime NOT NULL COMMENT '',
  `update_by` varchar(64) COLLATE utf8_bin NOT NULL COMMENT '',
  `update_date` datetime NOT NULL COMMENT '',
  `remarks` varchar(255) COLLATE utf8_bin DEFAULT NULL COMMENT '',
  `del_flag` char(1) COLLATE utf8_bin NOT NULL DEFAULT '0' COMMENT '',
  PRIMARY KEY (`id`),
  KEY `sys_mdict_parent_id` (`parent_id`),
  KEY `sys_mdict_del_flag` (`del_flag`)
) ENGINE=InnoDB DEFAULT CHARSET=utf8 COLLATE=utf8_bin COMMENT='';

-- ----------------------------
-- Records of sys_mdict
-- ----------------------------

-- ----------------------------
-- Table structure for `sys_menu`
-- ----------------------------
DROP TABLE IF EXISTS `sys_menu`;
CREATE TABLE `sys_menu` (
  `id` varchar(64) COLLATE utf8_bin NOT NULL COMMENT '',
  `parent_id` varchar(64) COLLATE utf8_bin NOT NULL COMMENT '',
  `parent_ids` varchar(2000) COLLATE utf8_bin NOT NULL COMMENT '',
  `name` varchar(100) COLLATE utf8_bin NOT NULL COMMENT '',
  `sort` decimal(10,0) NOT NULL COMMENT '',
  `href` varchar(2000) COLLATE utf8_bin DEFAULT NULL COMMENT '',
  `target` varchar(20) COLLATE utf8_bin DEFAULT NULL COMMENT '',
  `icon` varchar(100) COLLATE utf8_bin DEFAULT NULL COMMENT '',
  `is_show` char(1) COLLATE utf8_bin NOT NULL COMMENT '',
  `permission` varchar(200) COLLATE utf8_bin DEFAULT NULL COMMENT '',
  `create_by` varchar(64) COLLATE utf8_bin NOT NULL COMMENT '',
  `create_date` datetime NOT NULL COMMENT '',
  `update_by` varchar(64) COLLATE utf8_bin NOT NULL COMMENT '',
  `update_date` datetime NOT NULL COMMENT '',
  `remarks` varchar(255) COLLATE utf8_bin DEFAULT NULL COMMENT '',
  `del_flag` char(1) COLLATE utf8_bin NOT NULL DEFAULT '0' COMMENT '',
  PRIMARY KEY (`id`),
  KEY `sys_menu_parent_id` (`parent_id`),
  KEY `sys_menu_del_flag` (`del_flag`)
) ENGINE=InnoDB DEFAULT CHARSET=utf8 COLLATE=utf8_bin COMMENT='';

-- ----------------------------
-- Records of sys_menu
-- ----------------------------
INSERT INTO `sys_menu` VALUES ('1', '0', '0,', '', '0', '', '', '', '1', '', '1', '2015-12-03 21:33:47', '1', '2015-12-03 21:33:47', '', '0');
INSERT INTO `sys_menu` VALUES ('10', '3', '0,1,2,3,', '', '60', '/sys/dict/', '', 'th-list', '1', '', '1', '2015-12-03 21:33:47', '1', '2015-12-03 21:33:47', '', '0');
INSERT INTO `sys_menu` VALUES ('11', '10', '0,1,2,3,10,', '', '30', '', '', '', '0', 'sys:dict:view', '1', '2015-12-03 21:33:47', '1', '2015-12-03 21:33:47', '', '0');
INSERT INTO `sys_menu` VALUES ('12', '10', '0,1,2,3,10,', '', '40', '', '', '', '0', 'sys:dict:edit', '1', '2015-12-03 21:33:47', '1', '2015-12-03 21:33:47', '', '0');
INSERT INTO `sys_menu` VALUES ('13', '2', '0,1,2,', '', '970', '', '', '', '1', '', '1', '2015-12-03 21:33:47', '1', '2015-12-03 21:33:47', '', '0');
INSERT INTO `sys_menu` VALUES ('14', '13', '0,1,2,13,', '', '50', '/sys/area/', '', 'th', '1', '', '1', '2015-12-03 21:33:47', '1', '2015-12-03 21:33:47', '', '0');
INSERT INTO `sys_menu` VALUES ('15', '14', '0,1,2,13,14,', '', '30', '', '', '', '0', 'sys:area:view', '1', '2015-12-03 21:33:47', '1', '2015-12-03 21:33:47', '', '0');
INSERT INTO `sys_menu` VALUES ('16', '14', '0,1,2,13,14,', '', '40', '', '', '', '0', 'sys:area:edit', '1', '2015-12-03 21:33:47', '1', '2015-12-03 21:33:47', '', '0');
INSERT INTO `sys_menu` VALUES ('17', '13', '0,1,2,13,', '', '40', '/sys/office/', '', 'th-large', '1', '', '1', '2015-12-03 21:33:47', '1', '2015-12-03 21:33:47', '', '0');
INSERT INTO `sys_menu` VALUES ('18', '17', '0,1,2,13,17,', '', '30', '', '', '', '0', 'sys:office:view', '1', '2015-12-03 21:33:47', '1', '2015-12-03 21:33:47', '', '0');
INSERT INTO `sys_menu` VALUES ('19', '17', '0,1,2,13,17,', '', '40', '', '', '', '0', 'sys:office:edit', '1', '2015-12-03 21:33:47', '1', '2015-12-03 21:33:47', '', '0');
INSERT INTO `sys_menu` VALUES ('2', '1', '0,1,', '', '900', '', '', '', '1', '', '1', '2015-12-03 21:33:47', '1', '2015-12-03 21:33:47', '', '0');
INSERT INTO `sys_menu` VALUES ('20', '13', '0,1,2,13,', '', '30', '/sys/user/index', '', 'user', '1', '', '1', '2015-12-03 21:33:47', '1', '2015-12-03 21:33:47', '', '0');
INSERT INTO `sys_menu` VALUES ('21', '20', '0,1,2,13,20,', '', '30', '', '', '', '0', 'sys:user:view', '1', '2015-12-03 21:33:47', '1', '2015-12-03 21:33:47', '', '0');
INSERT INTO `sys_menu` VALUES ('22', '20', '0,1,2,13,20,', '', '40', '', '', '', '0', 'sys:user:edit', '1', '2015-12-03 21:33:47', '1', '2015-12-03 21:33:47', '', '0');
INSERT INTO `sys_menu` VALUES ('23', '2', '0,1,2,', '', '990', '', '', '', '0', '', '1', '2015-12-03 21:33:47', '1', '2015-12-03 21:33:47', '', '0');
INSERT INTO `sys_menu` VALUES ('24', '23', '0,1,2,23', '', '30', 'http://jeesite.com', '_blank', '', '0', '', '1', '2015-12-03 21:33:47', '1', '2015-12-03 21:33:47', '', '0');
INSERT INTO `sys_menu` VALUES ('25', '23', '0,1,2,23', '', '50', 'http://jeesite.com/donation.html', '_blank', '', '0', '', '1', '2015-12-03 21:33:47', '1', '2015-12-03 21:33:47', '', '1');
INSERT INTO `sys_menu` VALUES ('26', '23', '0,1,2,23', '', '80', 'http://bbs.jeesite.com', '_blank', '', '0', '', '1', '2015-12-03 21:33:47', '1', '2015-12-03 21:33:47', '', '1');
INSERT INTO `sys_menu` VALUES ('27', '1', '0,1,', '', '100', '', '', '', '1', '', '1', '2015-12-03 21:33:47', '1', '2015-12-03 21:33:47', '', '0');
INSERT INTO `sys_menu` VALUES ('28', '27', '0,1,27,', '', '30', '', '', '', '1', '', '1', '2015-12-03 21:33:47', '1', '2015-12-03 21:33:47', '', '0');
INSERT INTO `sys_menu` VALUES ('29', '28', '0,1,27,28,', '', '30', '/sys/user/info', '', 'user', '1', '', '1', '2015-12-03 21:33:47', '1', '2015-12-03 21:33:47', '', '0');
INSERT INTO `sys_menu` VALUES ('3', '2', '0,1,2,', '', '980', '', '', '', '1', '', '1', '2015-12-03 21:33:47', '1', '2015-12-03 21:33:47', '', '0');
INSERT INTO `sys_menu` VALUES ('30', '28', '0,1,27,28,', '', '40', '/sys/user/modifyPwd', '', 'lock', '1', '', '1', '2015-12-03 21:33:47', '1', '2015-12-03 21:33:47', '', '0');
INSERT INTO `sys_menu` VALUES ('31', '1', '0,1,', '', '500', '', '', '', '1', '', '1', '2015-12-03 21:33:47', '1', '2015-12-03 21:33:47', '', '0');
INSERT INTO `sys_menu` VALUES ('32', '31', '0,1,31,', '', '990', '', '', '', '1', '', '1', '2015-12-03 21:33:47', '1', '2015-12-03 21:33:47', '', '0');
INSERT INTO `sys_menu` VALUES ('33', '32', '0,1,31,32', '', '30', '/cms/category/', '', 'align-justify', '1', '', '1', '2015-12-03 21:33:47', '1', '2015-12-03 21:33:47', '', '0');
INSERT INTO `sys_menu` VALUES ('34', '33', '0,1,31,32,33,', '', '30', '', '', '', '0', 'cms:category:view', '1', '2015-12-03 21:33:47', '1', '2015-12-03 21:33:47', '', '0');
INSERT INTO `sys_menu` VALUES ('35', '33', '0,1,31,32,33,', '', '40', '', '', '', '0', 'cms:category:edit', '1', '2015-12-03 21:33:47', '1', '2015-12-03 21:33:47', '', '0');
INSERT INTO `sys_menu` VALUES ('36', '32', '0,1,31,32', '', '40', '/cms/site/', '', 'certificate', '1', '', '1', '2015-12-03 21:33:47', '1', '2015-12-03 21:33:47', '', '0');
INSERT INTO `sys_menu` VALUES ('37', '36', '0,1,31,32,36,', '', '30', '', '', '', '0', 'cms:site:view', '1', '2015-12-03 21:33:47', '1', '2015-12-03 21:33:47', '', '0');
INSERT INTO `sys_menu` VALUES ('38', '36', '0,1,31,32,36,', '', '40', '', '', '', '0', 'cms:site:edit', '1', '2015-12-03 21:33:47', '1', '2015-12-03 21:33:47', '', '0');
INSERT INTO `sys_menu` VALUES ('39', '32', '0,1,31,32', '', '50', '/cms/site/select', '', 'retweet', '1', 'cms:site:select', '1', '2015-12-03 21:33:47', '1', '2015-12-03 21:33:47', '', '0');
INSERT INTO `sys_menu` VALUES ('4', '3', '0,1,2,3,', '', '30', '/sys/menu/', '', 'list-alt', '1', '', '1', '2015-12-03 21:33:47', '1', '2015-12-03 21:33:47', '', '0');
INSERT INTO `sys_menu` VALUES ('40', '31', '0,1,31,', '', '500', '', '', '', '1', 'cms:view', '1', '2015-12-03 21:33:47', '1', '2015-12-03 21:33:47', '', '0');
INSERT INTO `sys_menu` VALUES ('41', '40', '0,1,31,40,', '', '30', '/cms/', '', 'briefcase', '1', '', '1', '2015-12-03 21:33:47', '1', '2015-12-03 21:33:47', '', '0');
INSERT INTO `sys_menu` VALUES ('42', '41', '0,1,31,40,41,', '', '40', '/cms/article/', '', 'file', '0', '', '1', '2015-12-03 21:33:47', '1', '2015-12-03 21:33:47', '', '0');
INSERT INTO `sys_menu` VALUES ('43', '42', '0,1,31,40,41,42,', '', '30', '', '', '', '0', 'cms:article:view', '1', '2015-12-03 21:33:47', '1', '2015-12-03 21:33:47', '', '0');
INSERT INTO `sys_menu` VALUES ('44', '42', '0,1,31,40,41,42,', '', '40', '', '', '', '0', 'cms:article:edit', '1', '2015-12-03 21:33:47', '1', '2015-12-03 21:33:47', '', '0');
INSERT INTO `sys_menu` VALUES ('45', '42', '0,1,31,40,41,42,', '', '50', '', '', '', '0', 'cms:article:audit', '1', '2015-12-03 21:33:47', '1', '2015-12-03 21:33:47', '', '0');
INSERT INTO `sys_menu` VALUES ('46', '41', '0,1,31,40,41,', '', '60', '/cms/link/', '', 'random', '0', '', '1', '2015-12-03 21:33:47', '1', '2015-12-03 21:33:47', '', '0');
INSERT INTO `sys_menu` VALUES ('47', '46', '0,1,31,40,41,46,', '', '30', '', '', '', '0', 'cms:link:view', '1', '2015-12-03 21:33:47', '1', '2015-12-03 21:33:47', '', '0');
INSERT INTO `sys_menu` VALUES ('48', '46', '0,1,31,40,41,46,', '', '40', '', '', '', '0', 'cms:link:edit', '1', '2015-12-03 21:33:47', '1', '2015-12-03 21:33:47', '', '0');
INSERT INTO `sys_menu` VALUES ('49', '46', '0,1,31,40,41,46,', '', '50', '', '', '', '0', 'cms:link:audit', '1', '2015-12-03 21:33:47', '1', '2015-12-03 21:33:47', '', '0');
INSERT INTO `sys_menu` VALUES ('5', '4', '0,1,2,3,4,', '', '30', '', '', '', '0', 'sys:menu:view', '1', '2015-12-03 21:33:47', '1', '2015-12-03 21:33:47', '', '0');
INSERT INTO `sys_menu` VALUES ('50', '40', '0,1,31,40,', '', '40', '/cms/comment/?status=2', '', 'comment', '1', '', '1', '2015-12-03 21:33:47', '1', '2015-12-03 21:33:47', '', '0');
INSERT INTO `sys_menu` VALUES ('51', '50', '0,1,31,40,50,', '', '30', '', '', '', '0', 'cms:comment:view', '1', '2015-12-03 21:33:47', '1', '2015-12-03 21:33:47', '', '0');
INSERT INTO `sys_menu` VALUES ('52', '50', '0,1,31,40,50,', '', '40', '', '', '', '0', 'cms:comment:edit', '1', '2015-12-03 21:33:47', '1', '2015-12-03 21:33:47', '', '0');
INSERT INTO `sys_menu` VALUES ('53', '40', '0,1,31,40,', '', '80', '/cms/guestbook/?status=2', '', 'glass', '1', '', '1', '2015-12-03 21:33:47', '1', '2015-12-03 21:33:47', '', '0');
INSERT INTO `sys_menu` VALUES ('54', '53', '0,1,31,40,53,', '', '30', '', '', '', '0', 'cms:guestbook:view', '1', '2015-12-03 21:33:47', '1', '2015-12-03 21:33:47', '', '0');
INSERT INTO `sys_menu` VALUES ('55', '53', '0,1,31,40,53,', '', '40', '', '', '', '0', 'cms:guestbook:edit', '1', '2015-12-03 21:33:47', '1', '2015-12-03 21:33:47', '', '0');
INSERT INTO `sys_menu` VALUES ('56', '71', '0,1,27,71,', '', '90', '/../static/ckfinder/ckfinder.html', '', 'folder-open', '1', '', '1', '2015-12-03 21:33:47', '1', '2015-12-03 21:33:47', '', '0');
INSERT INTO `sys_menu` VALUES ('57', '56', '0,1,27,40,56,', '', '30', '', '', '', '0', 'cms:ckfinder:view', '1', '2015-12-03 21:33:47', '1', '2015-12-03 21:33:47', '', '0');
INSERT INTO `sys_menu` VALUES ('58', '56', '0,1,27,40,56,', '', '40', '', '', '', '0', 'cms:ckfinder:upload', '1', '2015-12-03 21:33:47', '1', '2015-12-03 21:33:47', '', '0');
INSERT INTO `sys_menu` VALUES ('59', '56', '0,1,27,40,56,', '', '50', '', '', '', '0', 'cms:ckfinder:edit', '1', '2015-12-03 21:33:47', '1', '2015-12-03 21:33:47', '', '0');
INSERT INTO `sys_menu` VALUES ('6', '4', '0,1,2,3,4,', '', '40', '', '', '', '0', 'sys:menu:edit', '1', '2015-12-03 21:33:47', '1', '2015-12-03 21:33:47', '', '0');
INSERT INTO `sys_menu` VALUES ('60', '31', '0,1,31,', '', '600', '', '', '', '1', '', '1', '2015-12-03 21:33:47', '1', '2015-12-03 21:33:47', '', '0');
INSERT INTO `sys_menu` VALUES ('61', '60', '0,1,31,60,', '', '30', '/cms/stats/article', '', 'tasks', '1', 'cms:stats:article', '1', '2015-12-03 21:33:47', '1', '2015-12-03 21:33:47', '', '0');
INSERT INTO `sys_menu` VALUES ('62', '1', '0,1,', '', '200', '', '', '', '1', '', '1', '2015-12-03 21:33:47', '1', '2015-12-03 21:33:47', '', '0');
INSERT INTO `sys_menu` VALUES ('63', '62', '0,1,62,', '', '30', '', '', '', '1', '', '1', '2015-12-03 21:33:47', '1', '2015-12-03 21:33:47', '', '0');
INSERT INTO `sys_menu` VALUES ('64', '63', '0,1,62,63,', '', '300', '/oa/leave', '', 'leaf', '0', '', '1', '2015-12-03 21:33:47', '1', '2015-12-03 21:33:47', '', '0');
INSERT INTO `sys_menu` VALUES ('65', '64', '0,1,62,63,64,', '', '30', '', '', '', '0', 'oa:leave:view', '1', '2015-12-03 21:33:47', '1', '2015-12-03 21:33:47', '', '0');
INSERT INTO `sys_menu` VALUES ('66', '64', '0,1,62,63,64,', '', '40', '', '', '', '0', 'oa:leave:edit', '1', '2015-12-03 21:33:47', '1', '2015-12-03 21:33:47', '', '0');
INSERT INTO `sys_menu` VALUES ('67', '2', '0,1,2,', '', '985', '', '', '', '1', '', '1', '2015-12-03 21:33:47', '1', '2015-12-03 21:33:47', '', '0');
INSERT INTO `sys_menu` VALUES ('68', '67', '0,1,2,67,', '', '30', '/sys/log', '', 'pencil', '1', 'sys:log:view', '1', '2015-12-03 21:33:47', '1', '2015-12-03 21:33:47', '', '0');
INSERT INTO `sys_menu` VALUES ('69', '62', '0,1,62,', '', '300', '', '', '', '1', '', '1', '2015-12-03 21:33:47', '1', '2015-12-03 21:33:47', '', '0');
INSERT INTO `sys_menu` VALUES ('7', '3', '0,1,2,3,', '', '50', '/sys/role/', '', 'lock', '1', '', '1', '2015-12-03 21:33:47', '1', '2015-12-03 21:33:47', '', '0');
INSERT INTO `sys_menu` VALUES ('70', '69', '0,1,62,69,', '', '50', '/act/process', '', 'road', '1', 'act:process:edit', '1', '2015-12-03 21:33:47', '1', '2015-12-03 21:33:47', '', '0');
INSERT INTO `sys_menu` VALUES ('71', '27', '0,1,27,', '', '90', '', '', '', '1', '', '1', '2015-12-03 21:33:47', '1', '2015-12-03 21:33:47', '', '0');
INSERT INTO `sys_menu` VALUES ('72', '69', '0,1,62,69,', '', '100', '/act/model', '', 'road', '1', 'act:model:edit', '1', '2015-12-03 21:33:47', '1', '2015-12-03 21:33:47', '', '0');
INSERT INTO `sys_menu` VALUES ('73', '63', '0,1,62,63,', '', '50', '/act/task/todo/', '', 'tasks', '1', '', '1', '2015-12-03 21:33:47', '1', '2015-12-03 21:33:47', '', '0');
INSERT INTO `sys_menu` VALUES ('74', '63', '0,1,62,63,', '', '100', '/oa/testAudit', '', '', '1', 'oa:testAudit:view,oa:testAudit:edit', '1', '2015-12-03 21:33:47', '1', '2015-12-03 21:33:47', '', '0');
INSERT INTO `sys_menu` VALUES ('75', '1', '0,1,', '', '3000', '', '', '', '1', '', '1', '2015-12-03 21:33:47', '1', '2015-12-03 21:33:47', '', '1');
INSERT INTO `sys_menu` VALUES ('79', '1', '0,1,', '', '5000', '', '', '', '1', '', '1', '2015-12-03 21:33:47', '1', '2015-12-03 21:33:47', '', '0');
INSERT INTO `sys_menu` VALUES ('8', '7', '0,1,2,3,7,', '', '30', '', '', '', '0', 'sys:role:view', '1', '2015-12-03 21:33:47', '1', '2015-12-03 21:33:47', '', '0');
INSERT INTO `sys_menu` VALUES ('80', '79', '0,1,79,', '', '50', '', '', '', '1', '', '1', '2015-12-03 21:33:47', '1', '2015-12-03 21:33:47', '', '0');
INSERT INTO `sys_menu` VALUES ('81', '80', '0,1,79,80,', '', '30', '/gen/genScheme', '', '', '1', 'gen:genScheme:view,gen:genScheme:edit', '1', '2015-12-03 21:33:47', '1', '2015-12-03 21:33:47', '', '0');
INSERT INTO `sys_menu` VALUES ('82', '80', '0,1,79,80,', '', '20', '/gen/genTable', '', '', '1', 'gen:genTable:view,gen:genTable:edit,gen:genTableColumn:view,gen:genTableColumn:edit', '1', '2015-12-03 21:33:47', '1', '2015-12-03 21:33:47', '', '0');
INSERT INTO `sys_menu` VALUES ('83', '80', '0,1,79,80,', '', '90', '/gen/genTemplate', '', '', '1', 'gen:genTemplate:view,gen:genTemplate:edit', '1', '2015-12-03 21:33:47', '1', '2015-12-03 21:33:47', '', '1');
INSERT INTO `sys_menu` VALUES ('84', '67', '0,1,2,67,', '', '40', '/../druid', '', '', '1', '', '1', '2015-12-03 21:33:47', '1', '2015-12-03 21:33:47', '', '0');
INSERT INTO `sys_menu` VALUES ('85', '76', '0,1,75,76,', '', '80', '/../static/map/map-city.html', '', '', '1', '', '1', '2015-12-03 21:33:47', '1', '2015-12-03 21:33:47', '', '0');
INSERT INTO `sys_menu` VALUES ('86', '75', '0,1,75,', '', '50', '', '', '', '1', '', '1', '2015-12-03 21:33:47', '1', '2015-12-03 21:33:47', '', '1');
INSERT INTO `sys_menu` VALUES ('87', '86', '0,1,75,86,', '', '30', '/test/test/form', '', '', '1', 'test:test:view,test:test:edit', '1', '2015-12-03 21:33:47', '1', '2015-12-03 21:33:47', '', '1');
INSERT INTO `sys_menu` VALUES ('88', '62', '0,1,62,', '', '20', '', '', '', '1', '', '1', '2015-12-03 21:33:47', '1', '2015-12-03 21:33:47', '', '0');
INSERT INTO `sys_menu` VALUES ('89', '88', '0,1,62,88,', '', '30', '/oa/oaNotify/self', '', '', '1', '', '1', '2015-12-03 21:33:47', '1', '2015-12-03 21:33:47', '', '0');
INSERT INTO `sys_menu` VALUES ('9', '7', '0,1,2,3,7,', '', '40', '', '', '', '0', 'sys:role:edit', '1', '2015-12-03 21:33:47', '1', '2015-12-03 21:33:47', '', '0');
INSERT INTO `sys_menu` VALUES ('90', '88', '0,1,62,88,', '', '50', '/oa/oaNotify', '', '', '1', 'oa:oaNotify:view,oa:oaNotify:edit', '1', '2015-12-03 21:33:47', '1', '2015-12-03 21:33:47', '', '0');

-- ----------------------------
-- Table structure for `sys_office`
-- ----------------------------
DROP TABLE IF EXISTS `sys_office`;
CREATE TABLE `sys_office` (
  `id` varchar(64) COLLATE utf8_bin NOT NULL COMMENT '',
  `parent_id` varchar(64) COLLATE utf8_bin NOT NULL COMMENT '',
  `parent_ids` varchar(2000) COLLATE utf8_bin NOT NULL COMMENT '',
  `name` varchar(100) COLLATE utf8_bin NOT NULL COMMENT '',
  `sort` decimal(10,0) NOT NULL COMMENT '',
  `area_id` varchar(64) COLLATE utf8_bin NOT NULL COMMENT '',
  `code` varchar(100) COLLATE utf8_bin DEFAULT NULL COMMENT '',
  `type` char(1) COLLATE utf8_bin NOT NULL COMMENT '',
  `grade` char(1) COLLATE utf8_bin NOT NULL COMMENT '',
  `address` varchar(255) COLLATE utf8_bin DEFAULT NULL COMMENT '',
  `zip_code` varchar(100) COLLATE utf8_bin DEFAULT NULL COMMENT '',
  `master` varchar(100) COLLATE utf8_bin DEFAULT NULL COMMENT '',
  `phone` varchar(200) COLLATE utf8_bin DEFAULT NULL COMMENT '',
  `fax` varchar(200) COLLATE utf8_bin DEFAULT NULL COMMENT '',
  `email` varchar(200) COLLATE utf8_bin DEFAULT NULL COMMENT '',
  `USEABLE` varchar(64) COLLATE utf8_bin DEFAULT NULL COMMENT '',
  `PRIMARY_PERSON` varchar(64) COLLATE utf8_bin DEFAULT NULL COMMENT '',
  `DEPUTY_PERSON` varchar(64) COLLATE utf8_bin DEFAULT NULL COMMENT '',
  `create_by` varchar(64) COLLATE utf8_bin NOT NULL COMMENT '',
  `create_date` datetime NOT NULL COMMENT '',
  `update_by` varchar(64) COLLATE utf8_bin NOT NULL COMMENT '',
  `update_date` datetime NOT NULL COMMENT '',
  `remarks` varchar(255) COLLATE utf8_bin DEFAULT NULL COMMENT '',
  `del_flag` char(1) COLLATE utf8_bin NOT NULL DEFAULT '0' COMMENT '',
  PRIMARY KEY (`id`),
  KEY `sys_office_parent_id` (`parent_id`),
  KEY `sys_office_del_flag` (`del_flag`),
  KEY `sys_office_type` (`type`)
) ENGINE=InnoDB DEFAULT CHARSET=utf8 COLLATE=utf8_bin COMMENT='';

-- ----------------------------
-- Records of sys_office
-- ----------------------------
INSERT INTO `sys_office` VALUES ('1', '0', '0,', '', '10', '2', '100000', '1', '1', null, null, null, null, null, null, '1', null, null, '1', '2015-12-03 21:29:33', '1', '2015-12-03 21:29:33', null, '0');
INSERT INTO `sys_office` VALUES ('10', '7', '0,1,7,', '', '30', '3', '200003', '2', '2', '', '', '', '', '', '', '1', null, null, '1', '2015-12-03 21:29:33', '1', '2015-12-03 21:29:33', '', '0');
INSERT INTO `sys_office` VALUES ('11', '7', '0,1,7,', '', '40', '3', '200004', '2', '2', '', '', '', '', '', '', '1', null, null, '1', '2015-12-03 21:29:33', '1', '2015-12-03 21:29:33', '', '0');
INSERT INTO `sys_office` VALUES ('12', '7', '0,1,7,', '', '0', '4', '201000', '1', '3', '', '', '', '', '', '', '1', null, null, '1', '2015-12-03 21:29:33', '1', '2015-12-03 21:29:33', '', '0');
INSERT INTO `sys_office` VALUES ('13', '12', '0,1,7,12,', '', '10', '4', '201001', '2', '3', '', '', '', '', '', '', '1', null, null, '1', '2015-12-03 21:29:33', '1', '2015-12-03 21:29:33', '', '0');
INSERT INTO `sys_office` VALUES ('14', '12', '0,1,7,12,', '', '20', '4', '201002', '2', '3', '', '', '', '', '', '', '1', null, null, '1', '2015-12-03 21:29:33', '1', '2015-12-03 21:29:33', '', '0');
INSERT INTO `sys_office` VALUES ('15', '12', '0,1,7,12,', '', '30', '4', '201003', '2', '3', '', '', '', '', '', '', '1', null, null, '1', '2015-12-03 21:29:33', '1', '2015-12-03 21:29:33', '', '0');
INSERT INTO `sys_office` VALUES ('16', '12', '0,1,7,12,', '', '40', '4', '201004', '2', '3', '', '', '', '', '', '', '1', null, null, '1', '2015-12-03 21:29:33', '1', '2015-12-03 21:29:33', '', '0');
INSERT INTO `sys_office` VALUES ('17', '7', '0,1,7,', '', '40', '5', '201010', '1', '3', '', '', '', '', '', '', '1', null, null, '1', '2015-12-03 21:29:33', '1', '2015-12-03 21:29:33', '', '0');
INSERT INTO `sys_office` VALUES ('18', '17', '0,1,7,17,', '', '10', '5', '201011', '2', '3', '', '', '', '', '', '', '1', null, null, '1', '2015-12-03 21:29:33', '1', '2015-12-03 21:29:33', '', '0');
INSERT INTO `sys_office` VALUES ('19', '17', '0,1,7,17,', '', '20', '5', '201012', '2', '3', '', '', '', '', '', '', '1', null, null, '1', '2015-12-03 21:29:33', '1', '2015-12-03 21:29:33', '', '0');
INSERT INTO `sys_office` VALUES ('2', '1', '0,1,', '', '10', '2', '100001', '2', '1', '', '', '', '', '', '', '1', null, null, '1', '2015-12-03 21:29:33', '1', '2015-12-03 21:29:33', '', '0');
INSERT INTO `sys_office` VALUES ('20', '17', '0,1,7,17,', '', '30', '5', '201013', '2', '3', '', '', '', '', '', '', '1', null, null, '1', '2015-12-03 21:29:33', '1', '2015-12-03 21:29:33', '', '0');
INSERT INTO `sys_office` VALUES ('21', '17', '0,1,7,17,', '', '40', '5', '201014', '2', '3', '', '', '', '', '', '', '1', null, null, '1', '2015-12-03 21:29:33', '1', '2015-12-03 21:29:33', '', '0');
INSERT INTO `sys_office` VALUES ('22', '7', '0,1,7,', '', '50', '6', '201010', '1', '3', '', '', '', '', '', '', '1', null, null, '1', '2015-12-03 21:29:33', '1', '2015-12-03 21:29:33', '', '0');
INSERT INTO `sys_office` VALUES ('23', '22', '0,1,7,22,', '', '10', '6', '201011', '2', '3', '', '', '', '', '', '', '1', null, null, '1', '2015-12-03 21:29:33', '1', '2015-12-03 21:29:33', '', '0');
INSERT INTO `sys_office` VALUES ('24', '22', '0,1,7,22,', '', '20', '6', '201012', '2', '3', '', '', '', '', '', '', '1', null, null, '1', '2015-12-03 21:29:33', '1', '2015-12-03 21:29:33', '', '0');
INSERT INTO `sys_office` VALUES ('25', '22', '0,1,7,22,', '', '30', '6', '201013', '2', '3', '', '', '', '', '', '', '1', null, null, '1', '2015-12-03 21:29:33', '1', '2015-12-03 21:29:33', '', '0');
INSERT INTO `sys_office` VALUES ('26', '22', '0,1,7,22,', '', '40', '6', '201014', '2', '3', '', '', '', '', '', '', '1', null, null, '1', '2015-12-03 21:29:33', '1', '2015-12-03 21:29:33', '', '0');
INSERT INTO `sys_office` VALUES ('3', '1', '0,1,', '', '20', '2', '100002', '2', '1', '', '', '', '', '', '', '1', null, null, '1', '2015-12-03 21:29:33', '1', '2015-12-03 21:29:33', '', '0');
INSERT INTO `sys_office` VALUES ('4', '1', '0,1,', '', '30', '2', '100003', '2', '1', '', '', '', '', '', '', '1', null, null, '1', '2015-12-03 21:29:33', '1', '2015-12-03 21:29:33', '', '0');
INSERT INTO `sys_office` VALUES ('5', '1', '0,1,', '', '40', '2', '100004', '2', '1', '', '', '', '', '', '', '1', null, null, '1', '2015-12-03 21:29:33', '1', '2015-12-03 21:29:33', '', '0');
INSERT INTO `sys_office` VALUES ('6', '1', '0,1,', '', '50', '2', '100005', '2', '1', '', '', '', '', '', '', '1', null, null, '1', '2015-12-03 21:29:33', '1', '2015-12-03 21:29:33', '', '0');
INSERT INTO `sys_office` VALUES ('7', '1', '0,1,', '', '20', '3', '200000', '1', '2', '', '', '', '', '', '', '1', null, null, '1', '2015-12-03 21:29:33', '1', '2015-12-03 21:29:33', '', '0');
INSERT INTO `sys_office` VALUES ('8', '7', '0,1,7,', '', '10', '3', '200001', '2', '2', '', '', '', '', '', '', '1', null, null, '1', '2015-12-03 21:29:33', '1', '2015-12-03 21:29:33', '', '0');
INSERT INTO `sys_office` VALUES ('9', '7', '0,1,7,', '', '20', '3', '200002', '2', '2', '', '', '', '', '', '', '1', null, null, '1', '2015-12-03 21:29:33', '1', '2015-12-03 21:29:33', '', '0');

-- ----------------------------
-- Table structure for `sys_role`
-- ----------------------------
DROP TABLE IF EXISTS `sys_role`;
CREATE TABLE `sys_role` (
  `id` varchar(64) COLLATE utf8_bin NOT NULL COMMENT '',
  `office_id` varchar(64) COLLATE utf8_bin DEFAULT NULL COMMENT '',
  `name` varchar(100) COLLATE utf8_bin NOT NULL COMMENT '',
  `enname` varchar(255) COLLATE utf8_bin DEFAULT NULL COMMENT '',
  `role_type` varchar(255) COLLATE utf8_bin DEFAULT NULL COMMENT '',
  `data_scope` char(1) COLLATE utf8_bin DEFAULT NULL COMMENT '',
  `is_sys` varchar(64) COLLATE utf8_bin DEFAULT NULL COMMENT '',
  `useable` varchar(64) COLLATE utf8_bin DEFAULT NULL COMMENT '',
  `create_by` varchar(64) COLLATE utf8_bin NOT NULL COMMENT '',
  `create_date` datetime NOT NULL COMMENT '',
  `update_by` varchar(64) COLLATE utf8_bin NOT NULL COMMENT '',
  `update_date` datetime NOT NULL COMMENT '',
  `remarks` varchar(255) COLLATE utf8_bin DEFAULT NULL COMMENT '',
  `del_flag` char(1) COLLATE utf8_bin NOT NULL DEFAULT '0' COMMENT '',
  PRIMARY KEY (`id`),
  KEY `sys_role_del_flag` (`del_flag`),
  KEY `sys_role_enname` (`enname`)
) ENGINE=InnoDB DEFAULT CHARSET=utf8 COLLATE=utf8_bin COMMENT='';

-- ----------------------------
-- Records of sys_role
-- ----------------------------
INSERT INTO `sys_role` VALUES ('1', '1', '', 'dept', 'assignment', '1', null, '1', '1', '2015-12-03 21:35:15', '1', '2015-12-03 21:35:19', null, '0');
INSERT INTO `sys_role` VALUES ('2', '1', '', 'hr', 'assignment', '2', null, '1', '1', '2015-12-03 21:35:57', '1', '2015-12-03 21:36:03', null, '0');
INSERT INTO `sys_role` VALUES ('3', '1', '', 'a', 'assignment', '3', null, '1', '1', '2013-05-27 00:00:00', '1', '2013-05-27 00:00:00', '', '0');
INSERT INTO `sys_role` VALUES ('4', '1', '', 'b', 'assignment', '4', null, '1', '1', '2013-05-27 00:00:00', '1', '2013-05-27 00:00:00', '', '0');
INSERT INTO `sys_role` VALUES ('5', '1', '', 'c', 'assignment', '5', null, '1', '1', '2013-05-27 00:00:00', '1', '2013-05-27 00:00:00', '', '0');
INSERT INTO `sys_role` VALUES ('6', '1', '', 'd', 'assignment', '8', null, '1', '1', '2013-05-27 00:00:00', '1', '2013-05-27 00:00:00', '', '0');
INSERT INTO `sys_role` VALUES ('7', '7', '', 'e', 'assignment', '9', null, '1', '1', '2013-05-27 00:00:00', '1', '2013-05-27 00:00:00', '', '0');

-- ----------------------------
-- Table structure for `sys_role_menu`
-- ----------------------------
DROP TABLE IF EXISTS `sys_role_menu`;
CREATE TABLE `sys_role_menu` (
  `role_id` varchar(64) COLLATE utf8_bin NOT NULL COMMENT '',
  `menu_id` varchar(64) COLLATE utf8_bin NOT NULL COMMENT '',
  PRIMARY KEY (`role_id`,`menu_id`)
) ENGINE=InnoDB DEFAULT CHARSET=utf8 COLLATE=utf8_bin COMMENT='-';

-- ----------------------------
-- Records of sys_role_menu
-- ----------------------------
INSERT INTO `sys_role_menu` VALUES ('1', '1');
INSERT INTO `sys_role_menu` VALUES ('1', '10');
INSERT INTO `sys_role_menu` VALUES ('1', '11');
INSERT INTO `sys_role_menu` VALUES ('1', '12');
INSERT INTO `sys_role_menu` VALUES ('1', '13');
INSERT INTO `sys_role_menu` VALUES ('1', '14');
INSERT INTO `sys_role_menu` VALUES ('1', '15');
INSERT INTO `sys_role_menu` VALUES ('1', '16');
INSERT INTO `sys_role_menu` VALUES ('1', '17');
INSERT INTO `sys_role_menu` VALUES ('1', '18');
INSERT INTO `sys_role_menu` VALUES ('1', '19');
INSERT INTO `sys_role_menu` VALUES ('1', '2');
INSERT INTO `sys_role_menu` VALUES ('1', '20');
INSERT INTO `sys_role_menu` VALUES ('1', '21');
INSERT INTO `sys_role_menu` VALUES ('1', '22');
INSERT INTO `sys_role_menu` VALUES ('1', '23');
INSERT INTO `sys_role_menu` VALUES ('1', '24');
INSERT INTO `sys_role_menu` VALUES ('1', '25');
INSERT INTO `sys_role_menu` VALUES ('1', '26');
INSERT INTO `sys_role_menu` VALUES ('1', '27');
INSERT INTO `sys_role_menu` VALUES ('1', '28');
INSERT INTO `sys_role_menu` VALUES ('1', '29');
INSERT INTO `sys_role_menu` VALUES ('1', '3');
INSERT INTO `sys_role_menu` VALUES ('1', '30');
INSERT INTO `sys_role_menu` VALUES ('1', '31');
INSERT INTO `sys_role_menu` VALUES ('1', '32');
INSERT INTO `sys_role_menu` VALUES ('1', '33');
INSERT INTO `sys_role_menu` VALUES ('1', '34');
INSERT INTO `sys_role_menu` VALUES ('1', '35');
INSERT INTO `sys_role_menu` VALUES ('1', '36');
INSERT INTO `sys_role_menu` VALUES ('1', '37');
INSERT INTO `sys_role_menu` VALUES ('1', '38');
INSERT INTO `sys_role_menu` VALUES ('1', '39');
INSERT INTO `sys_role_menu` VALUES ('1', '4');
INSERT INTO `sys_role_menu` VALUES ('1', '40');
INSERT INTO `sys_role_menu` VALUES ('1', '41');
INSERT INTO `sys_role_menu` VALUES ('1', '42');
INSERT INTO `sys_role_menu` VALUES ('1', '43');
INSERT INTO `sys_role_menu` VALUES ('1', '44');
INSERT INTO `sys_role_menu` VALUES ('1', '45');
INSERT INTO `sys_role_menu` VALUES ('1', '46');
INSERT INTO `sys_role_menu` VALUES ('1', '47');
INSERT INTO `sys_role_menu` VALUES ('1', '48');
INSERT INTO `sys_role_menu` VALUES ('1', '49');
INSERT INTO `sys_role_menu` VALUES ('1', '5');
INSERT INTO `sys_role_menu` VALUES ('1', '50');
INSERT INTO `sys_role_menu` VALUES ('1', '51');
INSERT INTO `sys_role_menu` VALUES ('1', '52');
INSERT INTO `sys_role_menu` VALUES ('1', '53');
INSERT INTO `sys_role_menu` VALUES ('1', '54');
INSERT INTO `sys_role_menu` VALUES ('1', '55');
INSERT INTO `sys_role_menu` VALUES ('1', '56');
INSERT INTO `sys_role_menu` VALUES ('1', '57');
INSERT INTO `sys_role_menu` VALUES ('1', '58');
INSERT INTO `sys_role_menu` VALUES ('1', '59');
INSERT INTO `sys_role_menu` VALUES ('1', '6');
INSERT INTO `sys_role_menu` VALUES ('1', '60');
INSERT INTO `sys_role_menu` VALUES ('1', '61');
INSERT INTO `sys_role_menu` VALUES ('1', '62');
INSERT INTO `sys_role_menu` VALUES ('1', '63');
INSERT INTO `sys_role_menu` VALUES ('1', '64');
INSERT INTO `sys_role_menu` VALUES ('1', '65');
INSERT INTO `sys_role_menu` VALUES ('1', '66');
INSERT INTO `sys_role_menu` VALUES ('1', '67');
INSERT INTO `sys_role_menu` VALUES ('1', '68');
INSERT INTO `sys_role_menu` VALUES ('1', '69');
INSERT INTO `sys_role_menu` VALUES ('1', '7');
INSERT INTO `sys_role_menu` VALUES ('1', '70');
INSERT INTO `sys_role_menu` VALUES ('1', '71');
INSERT INTO `sys_role_menu` VALUES ('1', '72');
INSERT INTO `sys_role_menu` VALUES ('1', '73');
INSERT INTO `sys_role_menu` VALUES ('1', '74');
INSERT INTO `sys_role_menu` VALUES ('1', '75');
INSERT INTO `sys_role_menu` VALUES ('1', '76');
INSERT INTO `sys_role_menu` VALUES ('1', '77');
INSERT INTO `sys_role_menu` VALUES ('1', '78');
INSERT INTO `sys_role_menu` VALUES ('1', '79');
INSERT INTO `sys_role_menu` VALUES ('1', '8');
INSERT INTO `sys_role_menu` VALUES ('1', '80');
INSERT INTO `sys_role_menu` VALUES ('1', '81');
INSERT INTO `sys_role_menu` VALUES ('1', '82');
INSERT INTO `sys_role_menu` VALUES ('1', '83');
INSERT INTO `sys_role_menu` VALUES ('1', '84');
INSERT INTO `sys_role_menu` VALUES ('1', '85');
INSERT INTO `sys_role_menu` VALUES ('1', '86');
INSERT INTO `sys_role_menu` VALUES ('1', '87');
INSERT INTO `sys_role_menu` VALUES ('1', '88');
INSERT INTO `sys_role_menu` VALUES ('1', '89');
INSERT INTO `sys_role_menu` VALUES ('1', '9');
INSERT INTO `sys_role_menu` VALUES ('1', '90');
INSERT INTO `sys_role_menu` VALUES ('2', '1');
INSERT INTO `sys_role_menu` VALUES ('2', '10');
INSERT INTO `sys_role_menu` VALUES ('2', '11');
INSERT INTO `sys_role_menu` VALUES ('2', '12');
INSERT INTO `sys_role_menu` VALUES ('2', '13');
INSERT INTO `sys_role_menu` VALUES ('2', '14');
INSERT INTO `sys_role_menu` VALUES ('2', '15');
INSERT INTO `sys_role_menu` VALUES ('2', '16');
INSERT INTO `sys_role_menu` VALUES ('2', '17');
INSERT INTO `sys_role_menu` VALUES ('2', '18');
INSERT INTO `sys_role_menu` VALUES ('2', '19');
INSERT INTO `sys_role_menu` VALUES ('2', '2');
INSERT INTO `sys_role_menu` VALUES ('2', '20');
INSERT INTO `sys_role_menu` VALUES ('2', '21');
INSERT INTO `sys_role_menu` VALUES ('2', '22');
INSERT INTO `sys_role_menu` VALUES ('2', '23');
INSERT INTO `sys_role_menu` VALUES ('2', '24');
INSERT INTO `sys_role_menu` VALUES ('2', '25');
INSERT INTO `sys_role_menu` VALUES ('2', '26');
INSERT INTO `sys_role_menu` VALUES ('2', '27');
INSERT INTO `sys_role_menu` VALUES ('2', '28');
INSERT INTO `sys_role_menu` VALUES ('2', '29');
INSERT INTO `sys_role_menu` VALUES ('2', '3');
INSERT INTO `sys_role_menu` VALUES ('2', '30');
INSERT INTO `sys_role_menu` VALUES ('2', '31');
INSERT INTO `sys_role_menu` VALUES ('2', '32');
INSERT INTO `sys_role_menu` VALUES ('2', '33');
INSERT INTO `sys_role_menu` VALUES ('2', '34');
INSERT INTO `sys_role_menu` VALUES ('2', '35');
INSERT INTO `sys_role_menu` VALUES ('2', '36');
INSERT INTO `sys_role_menu` VALUES ('2', '37');
INSERT INTO `sys_role_menu` VALUES ('2', '38');
INSERT INTO `sys_role_menu` VALUES ('2', '39');
INSERT INTO `sys_role_menu` VALUES ('2', '4');
INSERT INTO `sys_role_menu` VALUES ('2', '40');
INSERT INTO `sys_role_menu` VALUES ('2', '41');
INSERT INTO `sys_role_menu` VALUES ('2', '42');
INSERT INTO `sys_role_menu` VALUES ('2', '43');
INSERT INTO `sys_role_menu` VALUES ('2', '44');
INSERT INTO `sys_role_menu` VALUES ('2', '45');
INSERT INTO `sys_role_menu` VALUES ('2', '46');
INSERT INTO `sys_role_menu` VALUES ('2', '47');
INSERT INTO `sys_role_menu` VALUES ('2', '48');
INSERT INTO `sys_role_menu` VALUES ('2', '49');
INSERT INTO `sys_role_menu` VALUES ('2', '5');
INSERT INTO `sys_role_menu` VALUES ('2', '50');
INSERT INTO `sys_role_menu` VALUES ('2', '51');
INSERT INTO `sys_role_menu` VALUES ('2', '52');
INSERT INTO `sys_role_menu` VALUES ('2', '53');
INSERT INTO `sys_role_menu` VALUES ('2', '54');
INSERT INTO `sys_role_menu` VALUES ('2', '55');
INSERT INTO `sys_role_menu` VALUES ('2', '56');
INSERT INTO `sys_role_menu` VALUES ('2', '57');
INSERT INTO `sys_role_menu` VALUES ('2', '58');
INSERT INTO `sys_role_menu` VALUES ('2', '59');
INSERT INTO `sys_role_menu` VALUES ('2', '6');
INSERT INTO `sys_role_menu` VALUES ('2', '60');
INSERT INTO `sys_role_menu` VALUES ('2', '61');
INSERT INTO `sys_role_menu` VALUES ('2', '62');
INSERT INTO `sys_role_menu` VALUES ('2', '63');
INSERT INTO `sys_role_menu` VALUES ('2', '64');
INSERT INTO `sys_role_menu` VALUES ('2', '65');
INSERT INTO `sys_role_menu` VALUES ('2', '66');
INSERT INTO `sys_role_menu` VALUES ('2', '67');
INSERT INTO `sys_role_menu` VALUES ('2', '68');
INSERT INTO `sys_role_menu` VALUES ('2', '69');
INSERT INTO `sys_role_menu` VALUES ('2', '7');
INSERT INTO `sys_role_menu` VALUES ('2', '70');
INSERT INTO `sys_role_menu` VALUES ('2', '71');
INSERT INTO `sys_role_menu` VALUES ('2', '72');
INSERT INTO `sys_role_menu` VALUES ('2', '73');
INSERT INTO `sys_role_menu` VALUES ('2', '74');
INSERT INTO `sys_role_menu` VALUES ('2', '75');
INSERT INTO `sys_role_menu` VALUES ('2', '76');
INSERT INTO `sys_role_menu` VALUES ('2', '77');
INSERT INTO `sys_role_menu` VALUES ('2', '78');
INSERT INTO `sys_role_menu` VALUES ('2', '79');
INSERT INTO `sys_role_menu` VALUES ('2', '8');
INSERT INTO `sys_role_menu` VALUES ('2', '80');
INSERT INTO `sys_role_menu` VALUES ('2', '81');
INSERT INTO `sys_role_menu` VALUES ('2', '82');
INSERT INTO `sys_role_menu` VALUES ('2', '83');
INSERT INTO `sys_role_menu` VALUES ('2', '84');
INSERT INTO `sys_role_menu` VALUES ('2', '85');
INSERT INTO `sys_role_menu` VALUES ('2', '86');
INSERT INTO `sys_role_menu` VALUES ('2', '87');
INSERT INTO `sys_role_menu` VALUES ('2', '88');
INSERT INTO `sys_role_menu` VALUES ('2', '89');
INSERT INTO `sys_role_menu` VALUES ('2', '9');
INSERT INTO `sys_role_menu` VALUES ('2', '90');
INSERT INTO `sys_role_menu` VALUES ('3', '1');
INSERT INTO `sys_role_menu` VALUES ('3', '10');
INSERT INTO `sys_role_menu` VALUES ('3', '11');
INSERT INTO `sys_role_menu` VALUES ('3', '12');
INSERT INTO `sys_role_menu` VALUES ('3', '13');
INSERT INTO `sys_role_menu` VALUES ('3', '14');
INSERT INTO `sys_role_menu` VALUES ('3', '15');
INSERT INTO `sys_role_menu` VALUES ('3', '16');
INSERT INTO `sys_role_menu` VALUES ('3', '17');
INSERT INTO `sys_role_menu` VALUES ('3', '18');
INSERT INTO `sys_role_menu` VALUES ('3', '19');
INSERT INTO `sys_role_menu` VALUES ('3', '2');
INSERT INTO `sys_role_menu` VALUES ('3', '20');
INSERT INTO `sys_role_menu` VALUES ('3', '21');
INSERT INTO `sys_role_menu` VALUES ('3', '22');
INSERT INTO `sys_role_menu` VALUES ('3', '23');
INSERT INTO `sys_role_menu` VALUES ('3', '24');
INSERT INTO `sys_role_menu` VALUES ('3', '25');
INSERT INTO `sys_role_menu` VALUES ('3', '26');
INSERT INTO `sys_role_menu` VALUES ('3', '27');
INSERT INTO `sys_role_menu` VALUES ('3', '28');
INSERT INTO `sys_role_menu` VALUES ('3', '29');
INSERT INTO `sys_role_menu` VALUES ('3', '3');
INSERT INTO `sys_role_menu` VALUES ('3', '30');
INSERT INTO `sys_role_menu` VALUES ('3', '31');
INSERT INTO `sys_role_menu` VALUES ('3', '32');
INSERT INTO `sys_role_menu` VALUES ('3', '33');
INSERT INTO `sys_role_menu` VALUES ('3', '34');
INSERT INTO `sys_role_menu` VALUES ('3', '35');
INSERT INTO `sys_role_menu` VALUES ('3', '36');
INSERT INTO `sys_role_menu` VALUES ('3', '37');
INSERT INTO `sys_role_menu` VALUES ('3', '38');
INSERT INTO `sys_role_menu` VALUES ('3', '39');
INSERT INTO `sys_role_menu` VALUES ('3', '4');
INSERT INTO `sys_role_menu` VALUES ('3', '40');
INSERT INTO `sys_role_menu` VALUES ('3', '41');
INSERT INTO `sys_role_menu` VALUES ('3', '42');
INSERT INTO `sys_role_menu` VALUES ('3', '43');
INSERT INTO `sys_role_menu` VALUES ('3', '44');
INSERT INTO `sys_role_menu` VALUES ('3', '45');
INSERT INTO `sys_role_menu` VALUES ('3', '46');
INSERT INTO `sys_role_menu` VALUES ('3', '47');
INSERT INTO `sys_role_menu` VALUES ('3', '48');
INSERT INTO `sys_role_menu` VALUES ('3', '49');
INSERT INTO `sys_role_menu` VALUES ('3', '5');
INSERT INTO `sys_role_menu` VALUES ('3', '50');
INSERT INTO `sys_role_menu` VALUES ('3', '51');
INSERT INTO `sys_role_menu` VALUES ('3', '52');
INSERT INTO `sys_role_menu` VALUES ('3', '53');
INSERT INTO `sys_role_menu` VALUES ('3', '54');
INSERT INTO `sys_role_menu` VALUES ('3', '55');
INSERT INTO `sys_role_menu` VALUES ('3', '56');
INSERT INTO `sys_role_menu` VALUES ('3', '57');
INSERT INTO `sys_role_menu` VALUES ('3', '58');
INSERT INTO `sys_role_menu` VALUES ('3', '59');
INSERT INTO `sys_role_menu` VALUES ('3', '6');
INSERT INTO `sys_role_menu` VALUES ('3', '60');
INSERT INTO `sys_role_menu` VALUES ('3', '61');
INSERT INTO `sys_role_menu` VALUES ('3', '62');
INSERT INTO `sys_role_menu` VALUES ('3', '63');
INSERT INTO `sys_role_menu` VALUES ('3', '64');
INSERT INTO `sys_role_menu` VALUES ('3', '65');
INSERT INTO `sys_role_menu` VALUES ('3', '66');
INSERT INTO `sys_role_menu` VALUES ('3', '67');
INSERT INTO `sys_role_menu` VALUES ('3', '68');
INSERT INTO `sys_role_menu` VALUES ('3', '69');
INSERT INTO `sys_role_menu` VALUES ('3', '7');
INSERT INTO `sys_role_menu` VALUES ('3', '70');
INSERT INTO `sys_role_menu` VALUES ('3', '71');
INSERT INTO `sys_role_menu` VALUES ('3', '72');
INSERT INTO `sys_role_menu` VALUES ('3', '73');
INSERT INTO `sys_role_menu` VALUES ('3', '74');
INSERT INTO `sys_role_menu` VALUES ('3', '75');
INSERT INTO `sys_role_menu` VALUES ('3', '76');
INSERT INTO `sys_role_menu` VALUES ('3', '77');
INSERT INTO `sys_role_menu` VALUES ('3', '78');
INSERT INTO `sys_role_menu` VALUES ('3', '79');
INSERT INTO `sys_role_menu` VALUES ('3', '8');
INSERT INTO `sys_role_menu` VALUES ('3', '80');
INSERT INTO `sys_role_menu` VALUES ('3', '81');
INSERT INTO `sys_role_menu` VALUES ('3', '82');
INSERT INTO `sys_role_menu` VALUES ('3', '83');
INSERT INTO `sys_role_menu` VALUES ('3', '84');
INSERT INTO `sys_role_menu` VALUES ('3', '85');
INSERT INTO `sys_role_menu` VALUES ('3', '86');
INSERT INTO `sys_role_menu` VALUES ('3', '87');
INSERT INTO `sys_role_menu` VALUES ('3', '88');
INSERT INTO `sys_role_menu` VALUES ('3', '89');
INSERT INTO `sys_role_menu` VALUES ('3', '9');
INSERT INTO `sys_role_menu` VALUES ('3', '90');

-- ----------------------------
-- Table structure for `sys_role_office`
-- ----------------------------
DROP TABLE IF EXISTS `sys_role_office`;
CREATE TABLE `sys_role_office` (
  `role_id` varchar(64) COLLATE utf8_bin NOT NULL COMMENT '',
  `office_id` varchar(64) COLLATE utf8_bin NOT NULL COMMENT '',
  PRIMARY KEY (`role_id`,`office_id`)
) ENGINE=InnoDB DEFAULT CHARSET=utf8 COLLATE=utf8_bin COMMENT='-';

-- ----------------------------
-- Records of sys_role_office
-- ----------------------------
INSERT INTO `sys_role_office` VALUES ('7', '10');
INSERT INTO `sys_role_office` VALUES ('7', '11');
INSERT INTO `sys_role_office` VALUES ('7', '12');
INSERT INTO `sys_role_office` VALUES ('7', '13');
INSERT INTO `sys_role_office` VALUES ('7', '14');
INSERT INTO `sys_role_office` VALUES ('7', '15');
INSERT INTO `sys_role_office` VALUES ('7', '16');
INSERT INTO `sys_role_office` VALUES ('7', '17');
INSERT INTO `sys_role_office` VALUES ('7', '18');
INSERT INTO `sys_role_office` VALUES ('7', '19');
INSERT INTO `sys_role_office` VALUES ('7', '20');
INSERT INTO `sys_role_office` VALUES ('7', '21');
INSERT INTO `sys_role_office` VALUES ('7', '22');
INSERT INTO `sys_role_office` VALUES ('7', '23');
INSERT INTO `sys_role_office` VALUES ('7', '24');
INSERT INTO `sys_role_office` VALUES ('7', '25');
INSERT INTO `sys_role_office` VALUES ('7', '26');
INSERT INTO `sys_role_office` VALUES ('7', '7');
INSERT INTO `sys_role_office` VALUES ('7', '8');
INSERT INTO `sys_role_office` VALUES ('7', '9');

-- ----------------------------
-- Table structure for `sys_user`
-- ----------------------------
DROP TABLE IF EXISTS `sys_user`;
CREATE TABLE `sys_user` (
  `id` varchar(64) COLLATE utf8_bin NOT NULL COMMENT '',
  `company_id` varchar(64) COLLATE utf8_bin NOT NULL COMMENT '',
  `office_id` varchar(64) COLLATE utf8_bin NOT NULL COMMENT '',
  `login_name` varchar(100) COLLATE utf8_bin NOT NULL COMMENT '',
  `password` varchar(100) COLLATE utf8_bin NOT NULL COMMENT '',
  `no` varchar(100) COLLATE utf8_bin DEFAULT NULL COMMENT '',
  `name` varchar(100) COLLATE utf8_bin NOT NULL COMMENT '',
  `email` varchar(200) COLLATE utf8_bin DEFAULT NULL COMMENT '',
  `phone` varchar(200) COLLATE utf8_bin DEFAULT NULL COMMENT '',
  `mobile` varchar(200) COLLATE utf8_bin DEFAULT NULL COMMENT '',
  `user_type` char(1) COLLATE utf8_bin DEFAULT NULL COMMENT '',
  `photo` varchar(1000) COLLATE utf8_bin DEFAULT NULL COMMENT '',
  `login_ip` varchar(100) COLLATE utf8_bin DEFAULT NULL COMMENT 'IP',
  `login_date` datetime DEFAULT NULL COMMENT '',
  `login_flag` varchar(64) COLLATE utf8_bin DEFAULT NULL COMMENT '',
  `create_by` varchar(64) COLLATE utf8_bin NOT NULL COMMENT '',
  `create_date` datetime NOT NULL COMMENT '',
  `update_by` varchar(64) COLLATE utf8_bin NOT NULL COMMENT '',
  `update_date` datetime NOT NULL COMMENT '',
  `remarks` varchar(255) COLLATE utf8_bin DEFAULT NULL COMMENT '',
  `del_flag` char(1) COLLATE utf8_bin NOT NULL DEFAULT '0' COMMENT '',
  PRIMARY KEY (`id`),
  KEY `sys_user_office_id` (`office_id`),
  KEY `sys_user_login_name` (`login_name`),
  KEY `sys_user_company_id` (`company_id`),
  KEY `sys_user_update_date` (`update_date`),
  KEY `sys_user_del_flag` (`del_flag`)
) ENGINE=InnoDB DEFAULT CHARSET=utf8 COLLATE=utf8_bin COMMENT='';

-- ----------------------------
-- Records of sys_user
-- ----------------------------
INSERT INTO `sys_user` VALUES ('1', '1', '2', 'thinkgem', '02a3f0772fcca9f415adc990734b45c6f059c7d33ee28362c4852032', '0001', '', null, null, null, null, null, '0:0:0:0:0:0:0:1', '2015-12-03 21:42:38', '1', '1', '2015-12-03 21:38:01', '1', '2015-12-03 21:38:05', null, '0');
INSERT INTO `sys_user` VALUES ('10', '7', '11', 'jn_jsb', '02a3f0772fcca9f415adc990734b45c6f059c7d33ee28362c4852032', '0010', '', '', '', '', '', null, null, null, '1', '1', '2013-05-27 00:00:00', '1', '2013-05-27 00:00:00', '', '0');
INSERT INTO `sys_user` VALUES ('11', '12', '13', 'lc_admin', '02a3f0772fcca9f415adc990734b45c6f059c7d33ee28362c4852032', '0011', '', '', '', '', '', null, null, null, '1', '1', '2013-05-27 00:00:00', '1', '2013-05-27 00:00:00', '', '0');
INSERT INTO `sys_user` VALUES ('12', '12', '18', 'lx_admin', '02a3f0772fcca9f415adc990734b45c6f059c7d33ee28362c4852032', '0012', '', '', '', '', '', null, null, null, '1', '1', '2013-05-27 00:00:00', '1', '2013-05-27 00:00:00', '', '0');
INSERT INTO `sys_user` VALUES ('13', '22', '23', 'gx_admin', '02a3f0772fcca9f415adc990734b45c6f059c7d33ee28362c4852032', '0013', '', '', '', '', '', null, null, null, '1', '1', '2013-05-27 00:00:00', '1', '2013-05-27 00:00:00', '', '0');
INSERT INTO `sys_user` VALUES ('2', '1', '2', 'sd_admin', '02a3f0772fcca9f415adc990734b45c6f059c7d33ee28362c4852032', '0002', '', '', '', '', '', null, null, null, '1', '1', '2013-05-27 00:00:00', '1', '2013-05-27 00:00:00', '', '0');
INSERT INTO `sys_user` VALUES ('3', '1', '3', 'sd_zhb', '02a3f0772fcca9f415adc990734b45c6f059c7d33ee28362c4852032', '0003', '', '', '', '', '', null, null, null, '1', '1', '2013-05-27 00:00:00', '1', '2013-05-27 00:00:00', '', '0');
INSERT INTO `sys_user` VALUES ('4', '1', '4', 'sd_scb', '02a3f0772fcca9f415adc990734b45c6f059c7d33ee28362c4852032', '0004', '', '', '', '', '', null, null, null, '1', '1', '2013-05-27 00:00:00', '1', '2013-05-27 00:00:00', '', '0');
INSERT INTO `sys_user` VALUES ('5', '1', '5', 'sd_jsb', '02a3f0772fcca9f415adc990734b45c6f059c7d33ee28362c4852032', '0005', '', '', '', '', '', null, null, null, '1', '1', '2013-05-27 00:00:00', '1', '2013-05-27 00:00:00', '', '0');
INSERT INTO `sys_user` VALUES ('6', '1', '6', 'sd_yfb', '02a3f0772fcca9f415adc990734b45c6f059c7d33ee28362c4852032', '0006', '', '', '', '', '', null, null, null, '1', '1', '2013-05-27 00:00:00', '1', '2013-05-27 00:00:00', '', '0');
INSERT INTO `sys_user` VALUES ('7', '7', '8', 'jn_admin', '02a3f0772fcca9f415adc990734b45c6f059c7d33ee28362c4852032', '0007', '', '', '', '', '', null, null, null, '1', '1', '2013-05-27 00:00:00', '1', '2013-05-27 00:00:00', '', '0');
INSERT INTO `sys_user` VALUES ('8', '7', '9', 'jn_zhb', '02a3f0772fcca9f415adc990734b45c6f059c7d33ee28362c4852032', '0008', '', '', '', '', '', null, null, null, '1', '1', '2013-05-27 00:00:00', '1', '2013-05-27 00:00:00', '', '0');
INSERT INTO `sys_user` VALUES ('9', '7', '10', 'jn_scb', '02a3f0772fcca9f415adc990734b45c6f059c7d33ee28362c4852032', '0009', '', '', '', '', '', null, null, null, '1', '1', '2013-05-27 00:00:00', '1', '2013-05-27 00:00:00', '', '0');

-- ----------------------------
-- Table structure for `sys_user_role`
-- ----------------------------
DROP TABLE IF EXISTS `sys_user_role`;
CREATE TABLE `sys_user_role` (
  `user_id` varchar(64) COLLATE utf8_bin NOT NULL COMMENT '',
  `role_id` varchar(64) COLLATE utf8_bin NOT NULL COMMENT '',
  PRIMARY KEY (`user_id`,`role_id`)
) ENGINE=InnoDB DEFAULT CHARSET=utf8 COLLATE=utf8_bin COMMENT='-';

-- ----------------------------
-- Records of sys_user_role
-- ----------------------------
INSERT INTO `sys_user_role` VALUES ('1', '1');
INSERT INTO `sys_user_role` VALUES ('1', '2');
INSERT INTO `sys_user_role` VALUES ('10', '2');
INSERT INTO `sys_user_role` VALUES ('11', '3');
INSERT INTO `sys_user_role` VALUES ('12', '4');
INSERT INTO `sys_user_role` VALUES ('13', '5');
INSERT INTO `sys_user_role` VALUES ('14', '6');
INSERT INTO `sys_user_role` VALUES ('2', '1');
INSERT INTO `sys_user_role` VALUES ('3', '2');
INSERT INTO `sys_user_role` VALUES ('4', '3');
INSERT INTO `sys_user_role` VALUES ('5', '4');
INSERT INTO `sys_user_role` VALUES ('6', '5');
INSERT INTO `sys_user_role` VALUES ('7', '2');
INSERT INTO `sys_user_role` VALUES ('7', '7');
INSERT INTO `sys_user_role` VALUES ('8', '2');
INSERT INTO `sys_user_role` VALUES ('9', '1');
